{"stats":{"minecraft:killed_by":{"minecraft:cave_spider":1,"iceandfire:ice_dragon":2,"minecraft:skeleton":2,"minecraft:creeper":1,"minecraft:zombie":1,"iceandfire:sea_serpent":3,"iceandfire:fire_dragon":10},"minecraft:mined":{"minecraft:white_bed":1,"iceandfire:silver_ore":1,"farmersdelight:wild_carrots":5,"minecraft:jack_o_lantern":1,"minecraft:powder_snow":13,"minecraft:crafting_table":1,"minecraft:torch":17,"minecraft:dark_oak_wood":3,"minecraft:grass_block":43,"minecraft:spruce_fence":3,"minecraft:cobblestone":3,"minecraft:bricks":1,"minecraft:birch_planks":17,"minecraft:birch_log":17,"minecraft:wheat":91,"minecraft:fire":2,"minecraft:acacia_wood":5,"minecraft:birch_leaves":11,"minecraft:grass":47,"minecraft:oak_log":25,"minecraft:bookshelf":1,"minecraft:potatoes":11,"minecraft:coal_ore":41,"minecraft:dirt":9,"minecraft:cobweb":1,"minecraft:stone":43,"minecraft:green_bed":1,"minecraft:oak_leaves":23},"minecraft:used":{"minecraft:wheat_seeds":83,"minecraft:cooked_mutton":2,"minecraft:stone_sword":57,"minecraft:birch_planks":28,"minecraft:stone_pickaxe":30,"minecraft:baked_potato":9,"minecraft:wooden_pickaxe":59,"minecraft:chest":1,"minecraft:birch_boat":3,"minecraft:iron_sword":4,"doggytalents:rice_grains":3,"minecraft:torch":6,"minecraft:dirt":35,"minecraft:crafting_table":2,"minecraft:carrot":5,"minecraft:spruce_fence":1,"minecraft:dark_oak_planks":2,"minecraft:wooden_hoe":38,"minecraft:iron_axe":2,"minecraft:iron_boots":1,"minecraft:wooden_sword":10,"minecraft:cobblestone":9,"minecraft:sweet_berries":4,"minecraft:furnace":2,"minecraft:oak_sapling":4,"minecraft:cooked_cod":10,"minecraft:iron_leggings":1,"minecraft:bone_meal":1,"minecraft:potato":17,"minecraft:oak_boat":5,"minecraft:acacia_planks":20,"minecraft:cobbled_deepslate":9},"minecraft:custom":{"minecraft:interact_with_furnace":21,"minecraft:mob_kills":26,"minecraft:interact_with_crafting_table":25,"minecraft:open_barrel":9,"minecraft:leave_game":8,"minecraft:time_since_death":3963,"minecraft:climb_one_cm":20798,"minecraft:hex":0,"minecraft:time_since_rest":4123,"minecraft:sprint_one_cm":678797,"minecraft:damage_taken":7778,"minecraft:walk_one_cm":331695,"minecraft:drop":1,"minecraft:damage_dealt":2578,"minecraft:swim_one_cm":345323,"minecraft:talked_to_villager":1,"minecraft:fly_one_cm":690716,"minecraft:open_chest":56,"minecraft:crouch_one_cm":5026,"minecraft:play_time":214073,"minecraft:deaths":21,"minecraft:sneak_time":2943,"minecraft:walk_under_water_one_cm":38856,"minecraft:boat_one_cm":828036,"minecraft:jump":3699,"minecraft:walk_on_water_one_cm":52535,"minecraft:total_world_time":214073,"minecraft:fall_one_cm":114413},"minecraft:dropped":{"universal_graves:grave_compass":1},"minecraft:picked_up":{"minecraft:birch_log":17,"minecraft:wheat":90,"minecraft:crafting_table":1,"minecraft:acacia_wood":5,"minecraft:potato":32,"doggytalents:rice_grains":7,"minecraft:birch_planks":17,"minecraft:oak_log":25,"iceandfire:frozen_splinters":1,"minecraft:dirt":52,"minecraft:lapis_lazuli":4,"minecraft:string":1,"minecraft:bone":4,"minecraft:apple":1,"minecraft:wheat_seeds":256,"minecraft:cobbled_deepslate":14,"minecraft:oak_boat":1,"supplementaries:rope":9,"minecraft:birch_sapling":2,"minecraft:egg":1,"minecraft:book":3,"minecraft:stick":6,"minecraft:birch_boat":1,"minecraft:sweet_berries":4,"minecraft:torch":17,"minecraft:green_bed":1,"minecraft:spruce_fence":3,"minecraft:white_bed":1,"minecraft:carrot":5,"minecraft:arrow":4,"minecraft:bone_meal":1,"minecraft:jack_o_lantern":1,"minecraft:bricks":1,"minecraft:oak_sapling":8,"minecraft:mutton":5,"minecraft:dark_oak_wood":3,"minecraft:coal":41,"minecraft:cod":15,"iceandfire:raw_silver":1,"minecraft:white_wool":3,"minecraft:cobblestone":46},"minecraft:broken":{"minecraft:wooden_pickaxe":1},"minecraft:killed":{"minecraft:cod":18,"minecraft:sheep":3,"minecraft:skeleton":3,"minecraft:zombie":2},"minecraft:crafted":{"minecraft:wooden_sword":4,"minecraft:cooked_cod":14,"minecraft:oak_planks":100,"minecraft:crafting_table":1,"minecraft:wooden_pickaxe":2,"minecraft:birch_boat":2,"minecraft:baked_potato":12,"minecraft:furnace":2,"minecraft:birch_planks":68,"minecraft:bread":30,"minecraft:cooked_mutton":2,"minecraft:air":0,"minecraft:oak_boat":5,"minecraft:iron_chestplate":1,"minecraft:wooden_hoe":2,"minecraft:stick":32,"minecraft:stone_pickaxe":2,"minecraft:gold_ingot":20,"minecraft:stone_sword":2,"minecraft:chest":1,"minecraft:oak_button":2,"minecraft:acacia_planks":20,"minecraft:torch":4,"minecraft:golden_helmet":1}},"DataVersion":3465}