{"stats":{"minecraft:dropped":{"minecraft:oak_log":1,"minecraft:cobblestone":128,"minecraft:rotten_flesh":9,"minecraft:stick":2,"minecraft:torch":1,"minecraft:arrow":1},"minecraft:mined":{"minecraft:deepslate_tiles":16,"minecraft:brown_mushroom":2,"minecraft:red_bed":1,"minecraft:crafting_table":1,"minecraft:torch":1,"minecraft:grass_block":3,"minecraft:birch_planks":43,"minecraft:furnace":2,"minecraft:birch_log":46,"minecraft:birch_leaves":3,"minecraft:oak_log":31,"minecraft:dirt":2,"minecraft:stripped_oak_log":2,"minecraft:stone_bricks":8,"minecraft:oak_leaves":14},"minecraft:crafted":{"minecraft:crafting_table":1,"minecraft:furnace":2,"minecraft:stone":74,"minecraft:birch_planks":144,"minecraft:deepslate_tiles":3,"minecraft:stone_axe":2,"minecraft:air":0,"minecraft:stick":4,"minecraft:stone_pickaxe":1,"minecraft:stone_bricks":72},"minecraft:custom":{"minecraft:interact_with_furnace":11,"minecraft:mob_kills":31,"minecraft:interact_with_crafting_table":9,"minecraft:interact_with_stonecutter":5,"minecraft:leave_game":2,"minecraft:time_since_death":12899,"minecraft:sleep_in_bed":2,"minecraft:climb_one_cm":14716,"minecraft:hex":0,"minecraft:time_since_rest":12934,"minecraft:sprint_one_cm":127955,"minecraft:damage_taken":5889,"minecraft:walk_one_cm":345814,"minecraft:drop":7,"minecraft:damage_dealt":6747,"minecraft:swim_one_cm":84469,"minecraft:fly_one_cm":58541,"minecraft:open_chest":9,"minecraft:crouch_one_cm":486,"minecraft:play_time":93961,"minecraft:deaths":9,"minecraft:sneak_time":573,"minecraft:walk_under_water_one_cm":21854,"minecraft:boat_one_cm":33785,"minecraft:jump":1009,"minecraft:walk_on_water_one_cm":24804,"minecraft:total_world_time":93961,"minecraft:fall_one_cm":41693},"minecraft:used":{"minecraft:diamond_boots":2,"minecraft:birch_planks":69,"minecraft:stone_pickaxe":26,"minecraft:birch_boat":1,"minecraft:brown_mushroom":1,"minecraft:dirt":5,"minecraft:crafting_table":2,"minecraft:red_bed":1,"minecraft:diamond_helmet":2,"minecraft:deepslate_tiles":132,"minecraft:oak_log":31,"minecraft:apple":1,"majruszsdifficulty:undead_army_treasure_bag":1,"minecraft:birch_sapling":1,"doggytalents:salmon_sushi":1,"minecraft:stone_bricks":86,"minecraft:stone_axe":148,"minecraft:diamond_chestplate":2,"minecraft:diamond_sword":116,"minecraft:golden_carrot":17,"minecraft:furnace":4,"minecraft:oak_sapling":10,"minecraft:birch_log":4,"minecraft:stripped_oak_log":2,"minecraft:diamond_leggings":2},"minecraft:killed":{"minecraft:husk":3,"minecraft:spider":1,"majruszsdifficulty:tank":1,"minecraft:skeleton":3,"minecraft:zombie":3,"minecraft:stray":6,"naturalist:bass":5,"minecraft:drowned":3,"minecraft:wither_skeleton":5,"minecraft:enderman":1},"minecraft:broken":{"minecraft:stone_axe":1},"minecraft:killed_by":{"majruszsdifficulty:creeperling":1,"minecraft:skeleton":2,"minecraft:stray":3,"minecraft:creeper":2},"minecraft:picked_up":{"minecraft:stripped_oak_log":2,"minecraft:birch_log":52,"majruszsdifficulty:tattered_boots":1,"minecraft:crafting_table":1,"iceandfire:witherbone":3,"minecraft:golden_carrot":32,"minecraft:brown_mushroom":2,"minecraft:diamond_sword":1,"majruszsdifficulty:cloth":4,"minecraft:birch_planks":58,"minecraft:enchanted_book":2,"minecraft:oak_log":32,"minecraft:red_bed":1,"minecraft:dirt":23,"naturalist:bass":5,"universal_graves:grave_compass":1,"minecraft:bone":24,"minecraft:apple":1,"minecraft:stone_bricks":8,"minecraft:kelp":13,"minecraft:diamond_leggings":1,"minecraft:deepslate_tiles":16,"minecraft:gold_nugget":1,"minecraft:diamond_helmet":1,"minecraft:birch_sapling":1,"minecraft:furnace":2,"minecraft:tipped_arrow":2,"minecraft:stick":7,"minecraft:stone":54,"minecraft:birch_boat":1,"minecraft:torch":1,"doggytalents:salmon_sushi":1,"majruszsdifficulty:bandage":10,"minecraft:grass_block":1,"minecraft:arrow":10,"minecraft:rotten_flesh":7,"minecraft:diamond_chestplate":1,"minecraft:diamond_boots":1,"minecraft:saddle":1,"minecraft:oak_sapling":11,"minecraft:coal":46,"minecraft:cobblestone":108,"minecraft:ender_pearl":1}},"DataVersion":3465}