{"stats":{"minecraft:mined":{"minecraft:deepslate_tiles":16,"minecraft:brown_mushroom":2,"minecraft:crafting_table":1,"minecraft:torch":1,"minecraft:birch_planks":43,"minecraft:furnace":2,"minecraft:birch_log":46,"minecraft:birch_leaves":3,"minecraft:oak_log":31,"minecraft:stripped_oak_log":2,"minecraft:stone_bricks":8,"minecraft:oak_leaves":14},"minecraft:crafted":{"minecraft:crafting_table":1,"minecraft:furnace":2,"minecraft:stone":74,"minecraft:birch_planks":144,"minecraft:deepslate_tiles":3,"minecraft:stone_axe":2,"minecraft:air":0,"minecraft:stick":4,"minecraft:stone_pickaxe":1,"minecraft:stone_bricks":72},"minecraft:custom":{"minecraft:interact_with_furnace":11,"minecraft:mob_kills":11,"minecraft:interact_with_crafting_table":9,"minecraft:interact_with_stonecutter":5,"minecraft:leave_game":2,"minecraft:time_since_death":222,"minecraft:climb_one_cm":1741,"minecraft:hex":0,"minecraft:time_since_rest":422,"minecraft:sprint_one_cm":84791,"minecraft:damage_taken":2425,"minecraft:walk_one_cm":246271,"minecraft:damage_dealt":1826,"minecraft:swim_one_cm":26703,"minecraft:fly_one_cm":36906,"minecraft:open_chest":9,"minecraft:play_time":69961,"minecraft:deaths":3,"minecraft:sneak_time":138,"minecraft:walk_under_water_one_cm":19528,"minecraft:boat_one_cm":33785,"minecraft:jump":559,"minecraft:walk_on_water_one_cm":18384,"minecraft:total_world_time":69961,"minecraft:fall_one_cm":33670},"minecraft:used":{"minecraft:diamond_boots":1,"minecraft:birch_planks":58,"minecraft:stone_pickaxe":26,"minecraft:birch_boat":1,"minecraft:brown_mushroom":1,"minecraft:crafting_table":2,"minecraft:diamond_helmet":1,"minecraft:deepslate_tiles":132,"minecraft:oak_log":31,"minecraft:birch_sapling":1,"doggytalents:salmon_sushi":1,"minecraft:stone_bricks":86,"minecraft:stone_axe":147,"minecraft:diamond_chestplate":1,"minecraft:diamond_sword":34,"minecraft:golden_carrot":6,"minecraft:furnace":4,"minecraft:oak_sapling":10,"minecraft:stripped_oak_log":2,"minecraft:diamond_leggings":1},"minecraft:killed":{"minecraft:spider":1,"minecraft:skeleton":1,"minecraft:zombie":1,"naturalist:bass":5,"minecraft:drowned":2,"minecraft:enderman":1},"minecraft:broken":{"minecraft:stone_axe":1},"minecraft:killed_by":{"minecraft:skeleton":2},"minecraft:picked_up":{"minecraft:stripped_oak_log":2,"minecraft:birch_log":46,"minecraft:crafting_table":1,"minecraft:golden_carrot":32,"minecraft:brown_mushroom":2,"minecraft:diamond_sword":1,"minecraft:birch_planks":58,"minecraft:oak_log":32,"minecraft:dirt":16,"naturalist:bass":5,"minecraft:apple":1,"minecraft:stone_bricks":8,"minecraft:kelp":13,"minecraft:diamond_leggings":1,"minecraft:deepslate_tiles":16,"minecraft:gold_nugget":1,"minecraft:diamond_helmet":1,"minecraft:birch_sapling":1,"minecraft:furnace":2,"minecraft:stick":4,"minecraft:stone":54,"minecraft:birch_boat":1,"minecraft:torch":1,"doggytalents:salmon_sushi":1,"minecraft:grass_block":1,"minecraft:arrow":1,"minecraft:rotten_flesh":4,"minecraft:diamond_chestplate":1,"minecraft:diamond_boots":1,"minecraft:saddle":1,"minecraft:oak_sapling":10,"minecraft:coal":45,"minecraft:cobblestone":10,"minecraft:ender_pearl":1}},"DataVersion":3465}