{"stats":{"minecraft:killed":{"naturalist:bass":1,"minecraft:player":1},"minecraft:killed_by":{"minecraft:player":1,"minecraft:skeleton":13,"minecraft:zombie":1},"minecraft:dropped":{"minecraft:ender_pearl":11,"universal_graves:grave_compass":1,"minecraft:iron_pickaxe":1,"minecraft:birch_log":10},"minecraft:used":{"minecraft:stone_pickaxe":105,"minecraft:wooden_pickaxe":59,"minecraft:iron_sword":3,"minecraft:chainmail_helmet":1,"minecraft:crafting_table":1,"minecraft:spruce_stairs":1,"minecraft:wooden_axe":19,"minecraft:dark_oak_planks":3,"minecraft:bread":3,"minecraft:iron_pickaxe":11,"minecraft:cobblestone":21,"minecraft:andesite":1},"minecraft:crafted":{"minecraft:wooden_pickaxe":1,"minecraft:birch_planks":40,"minecraft:stick":8,"minecraft:stone_pickaxe":2,"minecraft:wooden_axe":1},"minecraft:broken":{"minecraft:wooden_pickaxe":1},"minecraft:mined":{"minecraft:dark_oak_planks":4,"minecraft:spruce_planks":1,"minecraft:red_bed":1,"minecraft:powder_snow":11,"minecraft:crafting_table":1,"minecraft:granite":1,"minecraft:dark_oak_fence":1,"minecraft:grass_block":2,"minecraft:cobblestone":5,"minecraft:bricks":2,"minecraft:spruce_stairs":1,"minecraft:birch_log":27,"minecraft:andesite":5,"minecraft:birch_leaves":6,"minecraft:grass":1,"minecraft:coal_ore":15,"minecraft:oak_log":1,"minecraft:cherry_leaves":1,"minecraft:dirt":1,"minecraft:stone":126,"minecraft:spruce_slab":1},"minecraft:picked_up":{"minecraft:wooden_axe":2,"minecraft:birch_log":74,"minecraft:crafting_table":1,"minecraft:andesite":13,"minecraft:birch_planks":60,"minecraft:oak_log":1,"minecraft:dirt":12,"minecraft:red_bed":1,"minecraft:iron_axe":1,"naturalist:bass":2,"universal_graves:grave_compass":3,"minecraft:spruce_planks":1,"minecraft:stone_pickaxe":4,"minecraft:iron_pickaxe":4,"minecraft:spruce_slab":1,"minecraft:spruce_stairs":1,"minecraft:dark_oak_planks":5,"minecraft:granite":2,"minecraft:red_tulip":1,"minecraft:dark_oak_fence":1,"minecraft:bricks":6,"minecraft:coal":48,"minecraft:cobblestone":365,"minecraft:ender_pearl":4},"minecraft:custom":{"minecraft:interact_with_furnace":3,"minecraft:mob_kills":1,"minecraft:interact_with_crafting_table":3,"minecraft:open_barrel":19,"minecraft:leave_game":1,"minecraft:time_since_death":4720,"minecraft:climb_one_cm":4045,"minecraft:hex":0,"minecraft:time_since_rest":4795,"minecraft:sprint_one_cm":195622,"minecraft:damage_taken":4248,"minecraft:walk_one_cm":304167,"minecraft:drop":13,"minecraft:damage_dealt":539,"minecraft:swim_one_cm":15825,"minecraft:fly_one_cm":78642,"minecraft:player_kills":1,"minecraft:open_chest":2,"minecraft:crouch_one_cm":6362,"minecraft:play_time":72031,"minecraft:deaths":15,"minecraft:sneak_time":1156,"minecraft:walk_under_water_one_cm":3917,"minecraft:jump":1519,"minecraft:walk_on_water_one_cm":7091,"minecraft:total_world_time":72031,"minecraft:fall_one_cm":30830}},"DataVersion":3465}