{"stats":{"minecraft:mined":{"minecraft:dark_oak_planks":4,"minecraft:spruce_planks":4,"clutter:spruce_mosaic":1,"minecraft:andesite_stairs":1,"minecraft:granite":1,"minecraft:dark_oak_fence":1,"minecraft:grass_block":93,"minecraft:spruce_leaves":48,"clutter:small_red_lupine":1,"minecraft:kelp":1,"minecraft:oxeye_daisy":2,"minecraft:large_fern":1,"clutter:pig_plushie":3,"minecraft:iron_ore":6,"minecraft:fire":3,"minecraft:andesite":53,"minecraft:stripped_spruce_log":5,"minecraft:azure_bluet":2,"minecraft:peony":8,"minecraft:potatoes":4,"supplementaries:stick":8,"minecraft:dirt_path":1,"minecraft:pink_tulip":1,"minecraft:stone":250,"minecraft:spruce_slab":1,"minecraft:podzol":2,"minecraft:red_bed":1,"minecraft:kelp_plant":6,"minecraft:powder_snow":11,"minecraft:crafting_table":1,"minecraft:torch":1,"minecraft:cobblestone":6,"rogues:arms_workbench":2,"minecraft:bricks":2,"clutter:small_blue_lupine":2,"minecraft:wall_torch":1,"minecraft:spruce_stairs":1,"minecraft:seagrass":3,"minecraft:birch_log":33,"minecraft:sweet_berry_bush":13,"minecraft:spruce_log":483,"clutter:yellow_lupine":1,"minecraft:birch_leaves":6,"clutter:magenta_lupine":1,"minecraft:grass":5,"minecraft:oak_log":1,"minecraft:coal_ore":15,"minecraft:cherry_leaves":1,"minecraft:sand":8,"minecraft:dirt":262,"minecraft:polished_andesite":2,"clutter:small_magenta_lupine":7},"minecraft:picked_up":{"minecraft:wooden_axe":2,"minecraft:crafting_table":1,"minecraft:azure_bluet":1,"minecraft:brown_mushroom":1,"clutter:magenta_lupine":1,"minecraft:shield":2,"minecraft:red_bed":1,"minecraft:iron_axe":1,"universal_graves:grave_compass":4,"minecraft:item_frame":6,"minecraft:spruce_planks":6,"minecraft:beef":9,"minecraft:spruce_slab":5,"minecraft:iron_pickaxe":4,"minecraft:birch_sapling":1,"clutter:small_magenta_lupine":6,"minecraft:golden_helmet":1,"minecraft:stick":24,"minecraft:raw_iron":6,"minecraft:torch":3,"minecraft:spruce_stairs":7,"minecraft:porkchop":3,"clutter:small_blue_lupine":2,"minecraft:golden_chestplate":1,"minecraft:dark_oak_planks":5,"minecraft:rotten_flesh":1,"minecraft:peony":8,"minecraft:red_tulip":1,"minecraft:pink_tulip":1,"minecraft:leather_horse_armor":1,"minecraft:cod":9,"minecraft:cobblestone":482,"minecraft:oxeye_daisy":2,"minecraft:birch_log":80,"minecraft:andesite":52,"minecraft:leather":3,"minecraft:potato":11,"minecraft:birch_planks":60,"clutter:yellow_lupine":1,"minecraft:oak_log":1,"minecraft:dirt":399,"minecraft:lantern":2,"minecraft:cooked_mutton":1,"naturalist:bass":2,"minecraft:kelp":13,"minecraft:wheat_seeds":2,"clutter:pig_plushie":4,"minecraft:stone_pickaxe":4,"rogues:flint_dagger":1,"minecraft:sweet_berries":20,"clutter:spruce_mosaic":2,"clutter:small_red_lupine":1,"minecraft:dandelion":3,"minecraft:spyglass":1,"minecraft:sand":4,"minecraft:spruce_sapling":24,"minecraft:stripped_spruce_log":9,"minecraft:spruce_log":478,"minecraft:polished_andesite":1,"minecraft:chainmail_leggings":1,"minecraft:iron_helmet":1,"minecraft:crossbow":1,"minecraft:granite":2,"rogues:arms_workbench":2,"minecraft:spruce_sign":1,"minecraft:bread":15,"minecraft:emerald":1,"minecraft:dark_oak_fence":1,"minecraft:bricks":6,"minecraft:coal":48,"iceandfire:raw_silver":2,"minecraft:ender_pearl":4},"minecraft:broken":{"minecraft:iron_shovel":2,"minecraft:wooden_pickaxe":1,"minecraft:iron_axe":1,"minecraft:golden_chestplate":1},"minecraft:dropped":{"minecraft:bread":15,"iceandfire:raw_silver":1,"minecraft:brown_mushroom":1,"minecraft:porkchop":3,"minecraft:golden_helmet":1,"minecraft:baked_potato":7,"minecraft:ender_pearl":11,"minecraft:diamond":3,"minecraft:lantern":1,"minecraft:stick":1,"minecraft:oxeye_daisy":1,"minecraft:iron_pickaxe":1,"minecraft:birch_log":10,"wizards:wizard_robe_feet":1,"artifacts:digging_claws":1,"minecraft:dandelion":1,"minecraft:kelp":6,"minecraft:birch_sapling":1,"universal_graves:grave_compass":2,"minecraft:clay_ball":3,"wizards:wizard_robe_legs":1,"minecraft:spruce_planks":19,"clutter:spruce_mosaic":2,"minecraft:spruce_log":357,"minecraft:rabbit_stew":1,"wizards:wizard_robe_head":1},"minecraft:killed_by":{"minecraft:player":1,"majruszsdifficulty:creeperling":1,"minecraft:skeleton":14,"minecraft:zombie":1,"guardvillagers:guard":1},"minecraft:killed":{"minecraft:spider":1,"minecraft:cod":8,"naturalist:bass":1,"minecraft:player":1,"minecraft:villager":1,"minecraft:cow":4},"minecraft:custom":{"minecraft:mob_kills":16,"minecraft:interact_with_crafting_table":19,"minecraft:open_barrel":21,"minecraft:leave_game":3,"minecraft:time_since_death":19186,"minecraft:climb_one_cm":8546,"minecraft:sprint_one_cm":605548,"minecraft:walk_one_cm":1200358,"minecraft:damage_blocked_by_shield":375,"minecraft:drop":285,"minecraft:talked_to_villager":5,"minecraft:play_time":302306,"minecraft:deaths":20,"minecraft:sneak_time":7645,"minecraft:walk_under_water_one_cm":32479,"minecraft:boat_one_cm":181632,"minecraft:jump":3727,"minecraft:walk_on_water_one_cm":43114,"minecraft:total_world_time":302306,"minecraft:interact_with_furnace":5,"minecraft:traded_with_villager":1,"minecraft:pot_flower":1,"minecraft:sleep_in_bed":8,"minecraft:hex":0,"minecraft:time_since_rest":12619,"minecraft:damage_taken":6446,"minecraft:damage_dealt":1744,"minecraft:swim_one_cm":46839,"minecraft:player_kills":1,"minecraft:fly_one_cm":284040,"minecraft:open_chest":46,"minecraft:crouch_one_cm":26155,"minecraft:interact_with_smoker":10,"minecraft:fall_one_cm":76788},"minecraft:used":{"minecraft:iron_shovel":450,"minecraft:dried_kelp":1,"minecraft:shield":6,"minecraft:spruce_planks":22,"minecraft:iron_sword":3,"minecraft:stick":9,"minecraft:torch":3,"minecraft:dirt":318,"minecraft:spyglass":9,"minecraft:spruce_stairs":3,"minecraft:golden_chestplate":1,"minecraft:spruce_fence":3,"minecraft:stripped_spruce_log":6,"minecraft:iron_hoe":33,"minecraft:dark_oak_planks":3,"minecraft:wooden_axe":52,"minecraft:lantern":1,"minecraft:iron_axe":498,"minecraft:sweet_berries":26,"minecraft:potato":16,"minecraft:stone_pickaxe":105,"minecraft:baked_potato":5,"minecraft:wooden_pickaxe":59,"minecraft:chainmail_helmet":1,"rogues:arms_workbench":2,"clutter:pig_plushie":5,"minecraft:crafting_table":1,"minecraft:spruce_log":45,"minecraft:flower_pot":1,"minecraft:apple":2,"minecraft:bread":11,"minecraft:iron_pickaxe":264,"minecraft:spruce_sapling":2,"minecraft:golden_helmet":1,"minecraft:stone_axe":10,"minecraft:cobblestone":22,"minecraft:andesite":1,"minecraft:dandelion":2,"minecraft:chainmail_leggings":1},"minecraft:crafted":{"minecraft:rabbit_stew":1,"minecraft:bone_meal":24,"minecraft:spruce_fence":3,"minecraft:spruce_stairs":4,"minecraft:iron_axe":2,"minecraft:iron_hoe":1,"minecraft:stone_pickaxe":2,"minecraft:spruce_planks":52,"minecraft:dried_kelp":1,"minecraft:wooden_pickaxe":1,"minecraft:baked_potato":12,"minecraft:birch_planks":64,"minecraft:stone_axe":2,"minecraft:stick":24,"minecraft:iron_pickaxe":2,"minecraft:wooden_axe":1,"minecraft:iron_shovel":1}},"DataVersion":3465}