{"stats":{"minecraft:mined":{"minecraft:dark_oak_planks":4,"minecraft:spruce_planks":1,"minecraft:red_bed":1,"minecraft:powder_snow":11,"minecraft:crafting_table":1,"minecraft:dark_oak_fence":1,"minecraft:granite":1,"minecraft:grass_block":2,"minecraft:cobblestone":5,"minecraft:bricks":2,"minecraft:spruce_stairs":1,"minecraft:birch_log":33,"minecraft:andesite":5,"minecraft:birch_leaves":6,"minecraft:grass":1,"minecraft:oak_log":1,"minecraft:coal_ore":15,"minecraft:cherry_leaves":1,"minecraft:dirt":1,"minecraft:stone":126,"minecraft:spruce_slab":1},"minecraft:picked_up":{"minecraft:wooden_axe":2,"minecraft:birch_log":80,"minecraft:crafting_table":1,"minecraft:andesite":13,"minecraft:birch_planks":60,"minecraft:oak_log":1,"minecraft:dirt":12,"minecraft:red_bed":1,"minecraft:iron_axe":1,"naturalist:bass":2,"universal_graves:grave_compass":3,"minecraft:spruce_planks":1,"minecraft:stone_pickaxe":4,"minecraft:iron_pickaxe":4,"minecraft:spruce_slab":1,"minecraft:birch_sapling":1,"minecraft:golden_helmet":1,"minecraft:spruce_stairs":1,"minecraft:porkchop":3,"minecraft:golden_chestplate":1,"minecraft:dark_oak_planks":5,"minecraft:chainmail_leggings":1,"minecraft:red_tulip":1,"minecraft:granite":2,"minecraft:cod":1,"minecraft:dark_oak_fence":1,"minecraft:bricks":6,"minecraft:coal":48,"iceandfire:raw_silver":2,"minecraft:cobblestone":366,"minecraft:ender_pearl":4},"minecraft:broken":{"minecraft:wooden_pickaxe":1},"minecraft:dropped":{"iceandfire:raw_silver":1,"minecraft:porkchop":3,"minecraft:ender_pearl":11,"minecraft:birch_sapling":1,"universal_graves:grave_compass":1,"minecraft:iron_pickaxe":1,"minecraft:birch_log":10},"minecraft:killed_by":{"minecraft:player":1,"minecraft:skeleton":13,"minecraft:zombie":1},"minecraft:killed":{"minecraft:cod":1,"naturalist:bass":1,"minecraft:player":1},"minecraft:custom":{"minecraft:interact_with_furnace":5,"minecraft:mob_kills":2,"minecraft:interact_with_crafting_table":4,"minecraft:open_barrel":21,"minecraft:leave_game":1,"minecraft:time_since_death":15016,"minecraft:climb_one_cm":4102,"minecraft:hex":0,"minecraft:time_since_rest":15064,"minecraft:sprint_one_cm":232059,"minecraft:damage_taken":5008,"minecraft:walk_one_cm":396854,"minecraft:drop":18,"minecraft:damage_dealt":569,"minecraft:swim_one_cm":15825,"minecraft:fly_one_cm":94520,"minecraft:player_kills":1,"minecraft:open_chest":3,"minecraft:crouch_one_cm":6884,"minecraft:play_time":88480,"minecraft:deaths":16,"minecraft:sneak_time":1427,"minecraft:walk_under_water_one_cm":6228,"minecraft:boat_one_cm":31040,"minecraft:jump":1732,"minecraft:walk_on_water_one_cm":15507,"minecraft:total_world_time":88480,"minecraft:fall_one_cm":41042},"minecraft:used":{"minecraft:stone_pickaxe":105,"minecraft:wooden_pickaxe":59,"minecraft:iron_sword":3,"minecraft:chainmail_helmet":1,"minecraft:crafting_table":1,"minecraft:spruce_stairs":1,"minecraft:golden_chestplate":1,"minecraft:dark_oak_planks":3,"minecraft:wooden_axe":19,"minecraft:bread":5,"minecraft:iron_pickaxe":11,"minecraft:golden_helmet":1,"minecraft:cobblestone":21,"minecraft:andesite":1,"minecraft:chainmail_leggings":1},"minecraft:crafted":{"minecraft:wooden_pickaxe":1,"minecraft:birch_planks":64,"minecraft:stick":16,"minecraft:stone_pickaxe":2,"minecraft:wooden_axe":1}},"DataVersion":3465}