{"stats":{"minecraft:killed":{"naturalist:bass":1,"minecraft:player":1},"minecraft:killed_by":{"minecraft:player":1,"minecraft:skeleton":9,"minecraft:zombie":1},"minecraft:dropped":{"minecraft:ender_pearl":11,"universal_graves:grave_compass":1,"minecraft:iron_pickaxe":1,"minecraft:birch_log":10},"minecraft:used":{"minecraft:wooden_axe":19,"minecraft:bread":3,"minecraft:stone_pickaxe":105,"minecraft:iron_pickaxe":11,"minecraft:iron_sword":1,"minecraft:wooden_pickaxe":59,"minecraft:chainmail_helmet":1,"minecraft:cobblestone":21,"minecraft:crafting_table":1,"minecraft:andesite":1},"minecraft:crafted":{"minecraft:stick":8,"minecraft:wooden_pickaxe":1,"minecraft:stone_pickaxe":2,"minecraft:wooden_axe":1,"minecraft:birch_planks":40},"minecraft:broken":{"minecraft:wooden_pickaxe":1},"minecraft:mined":{"minecraft:spruce_planks":1,"minecraft:red_bed":1,"minecraft:birch_log":27,"minecraft:birch_leaves":6,"minecraft:andesite":5,"minecraft:dark_oak_fence":1,"minecraft:powder_snow":11,"minecraft:crafting_table":1,"minecraft:granite":1,"minecraft:grass":1,"minecraft:grass_block":2,"minecraft:coal_ore":15,"minecraft:cherry_leaves":1,"minecraft:dirt":1,"minecraft:cobblestone":5,"minecraft:stone":126,"minecraft:bricks":2,"minecraft:spruce_slab":1,"minecraft:dark_oak_planks":1},"minecraft:picked_up":{"minecraft:wooden_axe":2,"minecraft:birch_log":74,"minecraft:crafting_table":1,"minecraft:andesite":13,"minecraft:birch_planks":60,"minecraft:iron_axe":1,"minecraft:red_bed":1,"minecraft:dirt":12,"minecraft:dark_oak_planks":2,"naturalist:bass":2,"universal_graves:grave_compass":3,"minecraft:spruce_planks":1,"minecraft:red_tulip":1,"minecraft:granite":2,"minecraft:stone_pickaxe":4,"minecraft:spruce_slab":1,"minecraft:iron_pickaxe":4,"minecraft:dark_oak_fence":1,"minecraft:bricks":6,"minecraft:coal":48,"minecraft:ender_pearl":4,"minecraft:cobblestone":365},"minecraft:custom":{"minecraft:time_since_rest":2525,"minecraft:sprint_one_cm":129850,"minecraft:interact_with_furnace":3,"minecraft:damage_taken":3143,"minecraft:walk_one_cm":255033,"minecraft:mob_kills":1,"minecraft:drop":13,"minecraft:damage_dealt":443,"minecraft:open_barrel":17,"minecraft:swim_one_cm":15825,"minecraft:player_kills":1,"minecraft:interact_with_crafting_table":3,"minecraft:fly_one_cm":50758,"minecraft:open_chest":2,"minecraft:crouch_one_cm":6362,"minecraft:play_time":59555,"minecraft:deaths":11,"minecraft:sneak_time":1146,"minecraft:walk_under_water_one_cm":3917,"minecraft:jump":1129,"minecraft:walk_on_water_one_cm":6732,"minecraft:time_since_death":2496,"minecraft:climb_one_cm":2849,"minecraft:total_world_time":59555,"minecraft:hex":0,"minecraft:fall_one_cm":22023}},"DataVersion":3465}