{"stats":{"minecraft:mined":{"minecraft:spruce_planks":27,"minecraft:polished_granite":13,"travelersbackpack:standard":2,"minecraft:crafting_table":4,"minecraft:torch":1,"minecraft:dark_oak_fence":2,"minecraft:granite":30,"minecraft:dark_oak_wood":1,"minecraft:stripped_crimson_hyphae":5,"minecraft:grass_block":1,"minecraft:chest":1,"minecraft:andesite_slab":5,"minecraft:polished_andesite_slab":3,"minecraft:red_glazed_terracotta":1,"minecraft:oak_planks":18,"minecraft:wall_torch":1,"minecraft:spawner":5,"minecraft:skeleton_skull":1,"minecraft:spruce_stairs":6,"minecraft:birch_planks":1,"minecraft:dark_oak_slab":3,"minecraft:birch_log":5,"minecraft:fire":10,"minecraft:birch_leaves":39,"minecraft:granite_slab":18,"minecraft:bookshelf":2,"minecraft:oak_log":6,"minecraft:terracotta":17,"minecraft:polished_andesite":118},"minecraft:killed_by":{"minecraft:skeleton":1},"minecraft:picked_up":{"minecraft:birch_log":5,"minecraft:crafting_table":4,"minecraft:wheat":2,"minecraft:red_glazed_terracotta":1,"minecraft:filled_map":1,"minecraft:birch_planks":1,"minecraft:enchanted_book":1,"minecraft:oak_log":6,"supplementaries:flax_seeds":3,"extraspellattributes:goldquartzamulet":1,"minecraft:string":8,"minecraft:dirt":1,"minecraft:polished_granite":13,"minecraft:name_tag":1,"minecraft:bone":12,"dungeonnowloading:spawner_fragment":23,"minecraft:spruce_planks":27,"minecraft:polished_andesite_slab":4,"minecraft:chest":1,"minecraft:birch_sapling":2,"minecraft:oak_planks":18,"minecraft:phantom_membrane":1,"minecraft:book":6,"minecraft:stripped_crimson_hyphae":5,"minecraft:dark_oak_slab":5,"minecraft:torch":3,"minecraft:spruce_stairs":6,"minecraft:granite_slab":33,"travelersbackpack:standard":2,"minecraft:polished_andesite":108,"minecraft:pumpkin_seeds":8,"minecraft:arrow":6,"spellbladenext:spelloil":1,"minecraft:iron_helmet":1,"minecraft:granite":27,"paladins:iron_mace":1,"minecraft:saddle":1,"minecraft:gold_ingot":14,"minecraft:terracotta":17,"minecraft:oak_sapling":1,"minecraft:dark_oak_fence":2,"minecraft:dark_oak_wood":1,"minecraft:bricks":1,"minecraft:skeleton_skull":2,"minecraft:andesite_slab":10},"minecraft:broken":{"minecraft:wooden_pickaxe":3},"minecraft:custom":{"minecraft:mob_kills":10,"minecraft:interact_with_crafting_table":4,"minecraft:open_barrel":14,"minecraft:leave_game":6,"minecraft:time_since_death":37404,"minecraft:sleep_in_bed":2,"minecraft:climb_one_cm":6156,"minecraft:hex":0,"minecraft:time_since_rest":21483,"minecraft:sprint_one_cm":106844,"minecraft:damage_absorbed":270,"minecraft:damage_taken":2518,"minecraft:walk_one_cm":221767,"minecraft:drop":15,"minecraft:damage_dealt":4045,"minecraft:swim_one_cm":12160,"minecraft:fly_one_cm":63574,"minecraft:open_chest":25,"minecraft:crouch_one_cm":30451,"minecraft:play_time":91158,"minecraft:deaths":2,"minecraft:sneak_time":10774,"minecraft:walk_under_water_one_cm":1189,"minecraft:jump":833,"minecraft:walk_on_water_one_cm":2037,"minecraft:total_world_time":91158,"minecraft:fall_one_cm":15497},"minecraft:crafted":{"minecraft:oak_planks":24,"minecraft:crafting_table":1,"minecraft:wooden_pickaxe":4,"minecraft:birch_planks":20,"minecraft:stick":12},"minecraft:used":{"minecraft:birch_planks":21,"minecraft:polished_andesite":82,"minecraft:oak_planks":37,"minecraft:spruce_planks":8,"minecraft:wooden_pickaxe":233,"rogues:iron_double_axe":72,"minecraft:torch":2,"minecraft:dirt":1,"minecraft:crafting_table":4,"paladins:iron_mace":8,"minecraft:bread":38,"minecraft:dark_oak_slab":5,"minecraft:polished_andesite_slab":2,"minecraft:granite_slab":14,"travelersbackpack:standard":2,"minecraft:stripped_crimson_hyphae":5,"minecraft:dark_oak_fence":1},"minecraft:killed":{"majruszsdifficulty:cursed_armor":2,"minecraft:phantom":2,"whisperwoods:zotzpyre":1,"minecraft:skeleton":5},"minecraft:dropped":{"minecraft:andesite_slab":10,"minecraft:mossy_cobblestone":1,"paladins:iron_mace":1,"minecraft:wheat":2,"minecraft:iron_horse_armor":1,"minecraft:spruce_stairs":6,"minecraft:pumpkin_seeds":8,"minecraft:chainmail_chestplate":1,"supplementaries:flax_seeds":3,"minecraft:dark_oak_fence":1,"minecraft:skeleton_skull":2,"minecraft:granite_slab":11,"minecraft:phantom_membrane":1,"minecraft:chainmail_leggings":1,"minecraft:string":9}},"DataVersion":3465}