{"stats":{"minecraft:mined":{"minecraft:skeleton_skull":1,"minecraft:spruce_stairs":6,"minecraft:spruce_planks":6,"minecraft:fire":10,"minecraft:birch_leaves":2,"minecraft:granite_slab":7,"minecraft:crafting_table":1,"minecraft:dark_oak_fence":1,"minecraft:grass_block":1,"minecraft:oak_log":6,"minecraft:chest":1,"minecraft:andesite_slab":2,"minecraft:polished_andesite_slab":2,"minecraft:polished_andesite":9,"minecraft:oak_planks":17,"minecraft:spawner":1},"minecraft:picked_up":{"minecraft:crafting_table":1,"minecraft:wheat":2,"minecraft:spruce_stairs":6,"minecraft:filled_map":1,"minecraft:enchanted_book":1,"minecraft:oak_log":6,"supplementaries:flax_seeds":3,"minecraft:granite_slab":14,"extraspellattributes:goldquartzamulet":1,"minecraft:dirt":1,"minecraft:string":8,"minecraft:name_tag":1,"minecraft:bone":12,"minecraft:polished_andesite":8,"minecraft:pumpkin_seeds":8,"minecraft:arrow":4,"minecraft:spruce_planks":6,"spellbladenext:spelloil":1,"minecraft:iron_helmet":1,"minecraft:saddle":1,"minecraft:gold_ingot":14,"minecraft:andesite_slab":4,"minecraft:oak_sapling":1,"minecraft:oak_planks":17,"minecraft:polished_andesite_slab":3,"minecraft:chest":1,"minecraft:dark_oak_fence":1,"minecraft:bricks":1,"minecraft:phantom_membrane":1,"minecraft:skeleton_skull":2},"minecraft:crafted":{"minecraft:oak_planks":24,"minecraft:stick":4,"minecraft:wooden_pickaxe":1},"minecraft:custom":{"minecraft:time_since_rest":34241,"minecraft:sprint_one_cm":64501,"minecraft:damage_taken":1804,"minecraft:walk_one_cm":124334,"minecraft:mob_kills":8,"minecraft:damage_dealt":3238,"minecraft:swim_one_cm":12160,"minecraft:interact_with_crafting_table":1,"minecraft:fly_one_cm":40481,"minecraft:open_barrel":7,"minecraft:open_chest":6,"minecraft:crouch_one_cm":1244,"minecraft:play_time":44340,"minecraft:deaths":1,"minecraft:sneak_time":224,"minecraft:walk_under_water_one_cm":1189,"minecraft:jump":349,"minecraft:leave_game":3,"minecraft:walk_on_water_one_cm":2037,"minecraft:time_since_death":34192,"minecraft:climb_one_cm":3243,"minecraft:total_world_time":44340,"minecraft:hex":0,"minecraft:fall_one_cm":10585},"minecraft:used":{"minecraft:bread":29,"minecraft:oak_planks":36,"minecraft:spruce_planks":5,"minecraft:wooden_pickaxe":21,"rogues:iron_double_axe":67,"minecraft:polished_andesite_slab":2,"minecraft:granite_slab":8,"minecraft:dirt":1,"minecraft:crafting_table":1},"minecraft:killed":{"whisperwoods:zotzpyre":1,"minecraft:skeleton":4,"majruszsdifficulty:cursed_armor":1,"minecraft:phantom":2}},"DataVersion":3465}