{"stats":{"minecraft:mined":{"minecraft:spruce_planks":9,"travelersbackpack:standard":1,"minecraft:crafting_table":1,"minecraft:dark_oak_fence":2,"minecraft:stripped_crimson_hyphae":5,"minecraft:grass_block":1,"minecraft:chest":1,"minecraft:andesite_slab":3,"minecraft:polished_andesite_slab":3,"minecraft:oak_planks":18,"minecraft:spawner":1,"minecraft:skeleton_skull":1,"minecraft:spruce_stairs":6,"minecraft:birch_planks":1,"minecraft:dark_oak_slab":3,"minecraft:birch_log":5,"minecraft:fire":10,"minecraft:birch_leaves":7,"minecraft:granite_slab":7,"minecraft:bookshelf":2,"minecraft:oak_log":6,"minecraft:polished_andesite":12},"minecraft:killed_by":{"minecraft:skeleton":1},"minecraft:picked_up":{"minecraft:birch_log":5,"minecraft:crafting_table":1,"minecraft:wheat":2,"minecraft:birch_planks":1,"minecraft:filled_map":1,"minecraft:enchanted_book":1,"minecraft:oak_log":6,"supplementaries:flax_seeds":3,"extraspellattributes:goldquartzamulet":1,"minecraft:string":8,"minecraft:dirt":1,"minecraft:name_tag":1,"minecraft:bone":12,"minecraft:spruce_planks":9,"minecraft:polished_andesite_slab":4,"minecraft:chest":1,"minecraft:oak_planks":18,"minecraft:phantom_membrane":1,"minecraft:book":6,"minecraft:stripped_crimson_hyphae":5,"minecraft:dark_oak_slab":5,"minecraft:spruce_stairs":6,"minecraft:granite_slab":14,"travelersbackpack:standard":1,"minecraft:polished_andesite":10,"minecraft:pumpkin_seeds":8,"minecraft:arrow":4,"spellbladenext:spelloil":1,"minecraft:iron_helmet":1,"minecraft:saddle":1,"minecraft:gold_ingot":14,"minecraft:oak_sapling":1,"minecraft:dark_oak_fence":2,"minecraft:bricks":1,"minecraft:skeleton_skull":2,"minecraft:andesite_slab":6},"minecraft:custom":{"minecraft:mob_kills":8,"minecraft:interact_with_crafting_table":1,"minecraft:open_barrel":14,"minecraft:leave_game":3,"minecraft:time_since_death":9054,"minecraft:sleep_in_bed":1,"minecraft:climb_one_cm":6156,"minecraft:hex":0,"minecraft:time_since_rest":9336,"minecraft:sprint_one_cm":97797,"minecraft:damage_absorbed":100,"minecraft:damage_taken":2353,"minecraft:walk_one_cm":180666,"minecraft:drop":2,"minecraft:damage_dealt":3525,"minecraft:swim_one_cm":12160,"minecraft:fly_one_cm":51266,"minecraft:open_chest":12,"minecraft:crouch_one_cm":5038,"minecraft:play_time":62808,"minecraft:deaths":2,"minecraft:sneak_time":1258,"minecraft:walk_under_water_one_cm":1189,"minecraft:jump":588,"minecraft:walk_on_water_one_cm":2037,"minecraft:total_world_time":62808,"minecraft:fall_one_cm":15288},"minecraft:crafted":{"minecraft:oak_planks":24,"minecraft:wooden_pickaxe":1,"minecraft:birch_planks":20,"minecraft:stick":4},"minecraft:used":{"minecraft:birch_planks":21,"minecraft:oak_planks":37,"minecraft:spruce_planks":8,"minecraft:wooden_pickaxe":26,"rogues:iron_double_axe":71,"minecraft:dirt":1,"minecraft:crafting_table":1,"minecraft:bread":34,"minecraft:dark_oak_slab":5,"minecraft:polished_andesite_slab":2,"minecraft:granite_slab":12,"travelersbackpack:standard":1,"minecraft:stripped_crimson_hyphae":5},"minecraft:killed":{"majruszsdifficulty:cursed_armor":1,"minecraft:phantom":2,"whisperwoods:zotzpyre":1,"minecraft:skeleton":4},"minecraft:dropped":{"minecraft:mossy_cobblestone":1,"minecraft:skeleton_skull":2}},"DataVersion":3465}