{"stats":{"minecraft:mined":{"minecraft:skeleton_skull":1,"minecraft:spruce_stairs":6,"minecraft:fire":10,"minecraft:birch_leaves":2,"minecraft:crafting_table":1,"minecraft:dark_oak_fence":1,"minecraft:grass_block":1,"minecraft:oak_log":6,"minecraft:chest":1,"minecraft:oak_planks":3},"minecraft:picked_up":{"minecraft:crafting_table":1,"minecraft:wheat":2,"minecraft:spruce_stairs":5,"minecraft:filled_map":1,"minecraft:enchanted_book":1,"minecraft:oak_log":6,"supplementaries:flax_seeds":3,"extraspellattributes:goldquartzamulet":1,"minecraft:dirt":1,"minecraft:string":8,"minecraft:name_tag":1,"minecraft:arrow":1,"minecraft:polished_andesite":2,"minecraft:pumpkin_seeds":8,"minecraft:bone":7,"spellbladenext:spelloil":1,"minecraft:iron_helmet":1,"minecraft:saddle":1,"minecraft:gold_ingot":14,"minecraft:oak_sapling":1,"minecraft:dark_oak_fence":1,"minecraft:chest":1,"minecraft:oak_planks":3,"minecraft:bricks":1,"minecraft:phantom_membrane":1,"minecraft:skeleton_skull":2},"minecraft:crafted":{"minecraft:oak_planks":24},"minecraft:custom":{"minecraft:time_since_rest":18331,"minecraft:sprint_one_cm":63893,"minecraft:damage_taken":1075,"minecraft:walk_one_cm":107138,"minecraft:mob_kills":4,"minecraft:damage_dealt":1725,"minecraft:swim_one_cm":12160,"minecraft:fly_one_cm":31431,"minecraft:open_barrel":7,"minecraft:open_chest":6,"minecraft:crouch_one_cm":936,"minecraft:play_time":28430,"minecraft:deaths":1,"minecraft:sneak_time":189,"minecraft:walk_under_water_one_cm":1189,"minecraft:jump":267,"minecraft:walk_on_water_one_cm":2037,"minecraft:time_since_death":18282,"minecraft:total_world_time":28430,"minecraft:climb_one_cm":3243,"minecraft:hex":0,"minecraft:fall_one_cm":8697},"minecraft:used":{"minecraft:bread":14,"minecraft:oak_planks":21,"rogues:iron_double_axe":32,"minecraft:dirt":1},"minecraft:killed":{"whisperwoods:zotzpyre":1,"minecraft:skeleton":1,"majruszsdifficulty:cursed_armor":1,"minecraft:phantom":1}},"DataVersion":3465}