{"stats":{"minecraft:mined":{"minecraft:dark_oak_planks":1,"clutter:small_purple_lupine":2,"minecraft:spruce_planks":27,"clutter:red_lupine":2,"minecraft:granite":30,"minecraft:dark_oak_fence":3,"minecraft:stripped_crimson_hyphae":5,"minecraft:grass_block":4,"minecraft:polished_andesite_slab":3,"clutter:small_red_lupine":1,"minecraft:spawner":7,"minecraft:fire":10,"minecraft:granite_slab":18,"clutter:small_yellow_lupine":1,"minecraft:bookshelf":2,"minecraft:vine":1,"clutter:small_white_lupine":1,"travelersbackpack:standard":7,"minecraft:polished_granite":13,"minecraft:crafting_table":4,"minecraft:torch":1,"minecraft:dark_oak_wood":1,"minecraft:melon":14,"minecraft:chest":1,"minecraft:andesite_slab":5,"minecraft:red_glazed_terracotta":1,"minecraft:oak_planks":18,"clutter:small_blue_lupine":1,"minecraft:wall_torch":1,"minecraft:skeleton_skull":1,"minecraft:spruce_stairs":6,"minecraft:birch_planks":1,"minecraft:dark_oak_slab":3,"minecraft:birch_log":5,"clutter:yellow_lupine":1,"minecraft:birch_leaves":42,"minecraft:grass":4,"minecraft:oak_log":6,"clutter:blue_lupine":1,"supplementaries:pancake":1,"minecraft:terracotta":17,"minecraft:polished_andesite":118,"clutter:small_magenta_lupine":1,"minecraft:oak_leaves":23},"minecraft:picked_up":{"minecraft:crafting_table":4,"minecraft:wheat":2,"minecraft:chicken":1,"minecraft:wooden_pickaxe":1,"minecraft:enchanted_book":1,"extraspellattributes:goldquartzamulet":1,"minecraft:string":8,"dungeonnowloading:spawner_fragment":31,"minecraft:spruce_planks":27,"minecraft:iron_nugget":4,"minecraft:melon_slice":65,"minecraft:chest":1,"minecraft:birch_sapling":2,"minecraft:phantom_membrane":1,"minecraft:stick":2,"minecraft:stripped_crimson_hyphae":5,"clutter:red_lupine":2,"minecraft:torch":5,"minecraft:spruce_stairs":6,"minecraft:porkchop":2,"clutter:small_blue_lupine":1,"minecraft:dark_oak_planks":1,"minecraft:arrow":8,"minecraft:beetroot_seeds":2,"minecraft:saddle":1,"minecraft:gold_ingot":14,"minecraft:skeleton_skull":2,"minecraft:birch_log":5,"minecraft:feather":1,"minecraft:leather":1,"minecraft:red_glazed_terracotta":1,"minecraft:birch_planks":1,"minecraft:filled_map":1,"doggytalents:rice_grains":1,"clutter:yellow_lupine":1,"minecraft:oak_log":6,"supplementaries:flax_seeds":6,"minecraft:dirt":5,"minecraft:polished_granite":13,"minecraft:name_tag":1,"minecraft:bone":19,"clutter:small_yellow_lupine":1,"minecraft:bamboo":2,"minecraft:polished_andesite_slab":4,"naturalist:snail_shell":1,"minecraft:oak_planks":18,"minecraft:book":6,"minecraft:dark_oak_slab":5,"clutter:small_red_lupine":1,"minecraft:granite_slab":33,"travelersbackpack:standard":7,"clutter:small_white_lupine":1,"minecraft:polished_andesite":108,"minecraft:pumpkin_seeds":8,"minecraft:slime_ball":1,"minecraft:iron_helmet":1,"spellbladenext:spelloil":1,"minecraft:granite":27,"paladins:iron_mace":1,"clutter:small_purple_lupine":2,"minecraft:emerald":5,"minecraft:terracotta":17,"minecraft:andesite_slab":10,"minecraft:oak_sapling":2,"minecraft:dark_oak_wood":1,"minecraft:dark_oak_fence":3,"minecraft:bricks":1,"clutter:blue_lupine":1},"minecraft:broken":{"rogues:warrior_armor_head":1,"minecraft:wooden_pickaxe":4,"paladins:paladin_armor_legs":1},"minecraft:dropped":{"minecraft:mossy_cobblestone":1,"paladins:iron_mace":1,"minecraft:iron_horse_armor":1,"minecraft:spruce_stairs":6,"minecraft:dark_oak_fence":2,"minecraft:granite_slab":19,"minecraft:phantom_membrane":1,"minecraft:chainmail_leggings":1,"minecraft:string":9,"minecraft:red_glazed_terracotta":1,"minecraft:andesite_slab":10,"minecraft:birch_sapling":2,"minecraft:wheat":2,"minecraft:pumpkin_seeds":8,"minecraft:chainmail_chestplate":1,"minecraft:filled_map":5,"supplementaries:flax_seeds":3,"minecraft:skeleton_skull":2,"minecraft:wooden_pickaxe":1},"minecraft:killed_by":{"minecraft:skeleton":1,"minecraft:vex":4},"minecraft:custom":{"minecraft:mob_kills":24,"minecraft:interact_with_crafting_table":4,"minecraft:open_barrel":16,"minecraft:damage_dealt_resisted":1097,"minecraft:leave_game":9,"minecraft:time_since_death":14447,"minecraft:climb_one_cm":24659,"minecraft:sprint_one_cm":325093,"minecraft:walk_one_cm":414830,"minecraft:drop":25,"minecraft:play_time":170819,"minecraft:deaths":6,"minecraft:sneak_time":15648,"minecraft:walk_under_water_one_cm":7450,"minecraft:jump":2614,"minecraft:walk_on_water_one_cm":11624,"minecraft:total_world_time":170819,"minecraft:sleep_in_bed":6,"minecraft:hex":0,"minecraft:time_since_rest":5254,"minecraft:damage_taken":5169,"minecraft:damage_absorbed":1811,"minecraft:damage_dealt":7176,"minecraft:swim_one_cm":23680,"minecraft:fly_one_cm":316714,"minecraft:open_chest":50,"minecraft:crouch_one_cm":47311,"minecraft:fall_one_cm":55450,"minecraft:inspect_dispenser":1},"minecraft:killed":{"illagerinvasion:archivist":1,"minecraft:vex":1,"minecraft:vindicator":2,"illagerinvasion:basher":1,"naturalist:boar":1,"minecraft:phantom":2,"creeperoverhaul:bamboo_creeper":1,"naturalist:snail":2,"minecraft:skeleton":5,"minecraft:chicken":1,"illagerinvasion:provoker":2,"whisperwoods:hidebehind":1,"majruszsdifficulty:cursed_armor":2,"whisperwoods:zotzpyre":1,"naturalist:sparrow":1},"minecraft:used":{"minecraft:spruce_planks":8,"minecraft:torch":5,"minecraft:dirt":4,"minecraft:granite":27,"minecraft:dark_oak_slab":5,"supplementaries:pancake":8,"minecraft:golden_carrot":2,"minecraft:birch_planks":21,"minecraft:polished_andesite":103,"minecraft:oak_planks":37,"minecraft:wooden_pickaxe":236,"rogues:iron_double_axe":72,"minecraft:golden_apple":2,"minecraft:terracotta":17,"minecraft:crafting_table":4,"paladins:iron_mace":73,"minecraft:crossbow":12,"minecraft:bread":40,"minecraft:chicken":1,"minecraft:melon_slice":65,"minecraft:polished_granite":13,"minecraft:polished_andesite_slab":2,"minecraft:granite_slab":14,"travelersbackpack:standard":16,"minecraft:stripped_crimson_hyphae":5,"minecraft:porkchop":2,"minecraft:dark_oak_fence":1},"minecraft:crafted":{"minecraft:oak_planks":24,"minecraft:crafting_table":1,"minecraft:wooden_pickaxe":4,"minecraft:birch_planks":20,"minecraft:stick":12}},"DataVersion":3465}