{"stats":{"minecraft:crafted":{"assortedtools:emerald_multitool":1,"minecraft:oak_planks":720,"minecraft:birch_boat":2,"assortedtools:silver_pickaxe":6,"minecraft:bookshelf":24,"iceandfire:armor_copper_metal_boots":1,"minecraft:glass":9,"minecraft:diamond_helmet":2,"minecraft:diamond_leggings":2,"minecraft:iron_boots":1,"minecraft:chest":25,"clutter:silver_leggings":1,"minecraft:glass_bottle":9,"minecraft:crafting_table":9,"minecraft:spruce_planks":56,"minecraft:iron_helmet":2,"minecraft:wooden_pickaxe":4,"minecraft:baked_potato":222,"minecraft:smithing_table":1,"minecraft:mossy_cobblestone":18,"minecraft:copper_ingot":25,"minecraft:birch_planks":68,"travelersbackpack:emerald":1,"minecraft:iron_chestplate":2,"minecraft:diamond_pickaxe":7,"minecraft:shield":1,"minecraft:stick":564,"minecraft:iron_ingot":226,"minecraft:iron_pickaxe":33,"minecraft:iron_block":21,"minecraft:gold_ingot":262,"minecraft:shears":1,"clutter:silver_ingot":23,"minecraft:diamond_hoe":1,"minecraft:furnace":2,"assortedtools:copper_leggings":1,"assortedtools:emerald_hoe":1,"minecraft:bone_meal":192,"iceandfire:armor_copper_metal_helmet":2,"minecraft:iron_axe":3,"minecraft:ladder":129,"clutter:silver_chestplate":1,"minecraft:diamond_boots":2,"minecraft:spruce_boat":1,"minecraft:dark_oak_planks":8,"clutter:silver_boots":1,"minecraft:golden_helmet":1,"minecraft:diamond_sword":1,"iceandfire:silver_ingot":15,"minecraft:enchanting_table":1,"assortedtools:emerald_shovel":1,"minecraft:bucket":4,"minecraft:wild_armor_trim_smithing_template":8,"minecraft:bread":9,"minecraft:air":0,"minecraft:jungle_planks":8,"minecraft:oak_boat":13,"assortedtools:emerald_pickaxe":1,"minecraft:golden_apple":2,"clutter:silver_tiara":1,"minecraft:iron_shovel":9,"minecraft:iron_leggings":1,"minecraft:anvil":1,"minecraft:torch":432,"assortedtools:emerald_axe":1,"assortedtools:emerald_sword":1,"minecraft:diamond_chestplate":2},"minecraft:killed_by":{"minecraft:creeper":2,"iceandfire:siren":1,"graveyard:skeleton_creeper":4,"creeperoverhaul:ocean_creeper":1,"creeperoverhaul:cave_creeper":1,"iceandfire:ice_dragon":3,"minecraft:zombie":7,"iceandfire:fire_dragon":14,"minecraft:vex":4,"minecraft:player":1,"minecraft:stray":3,"graveyard:ghoul":2,"minecraft:skeleton":7,"iceandfire:lightning_dragon":1,"iceandfire:ghost":2},"minecraft:dropped":{"minecraft:birch_planks":4,"minecraft:brown_mushroom":1,"naturalist:snail_shell":1,"minecraft:lantern":1,"majruszsdifficulty:tattered_helmet":2,"minecraft:iron_horse_armor":1,"assortedtools:silver_pickaxe":1,"minecraft:red_mushroom":2,"minecraft:dirt":95,"clutter:small_red_lupine":1,"minecraft:dark_oak_log":4,"minecraft:dark_oak_fence":2,"majruszsdifficulty:tattered_boots":2,"minecraft:chain":2,"minecraft:gold_nugget":54,"minecraft:phantom_membrane":1,"minecraft:iron_pickaxe":2,"minecraft:white_wool":2,"minecraft:gravel":94,"minecraft:red_glazed_terracotta":1,"clutter:small_blue_lupine":1,"minecraft:sugar_cane":2,"clutter:red_lupine":2,"minecraft:cobbled_deepslate":434,"minecraft:andesite_slab":10,"minecraft:wheat":2,"minecraft:birch_sapling":2,"minecraft:rotten_flesh":39,"universal_graves:grave_compass":36,"minecraft:oak_planks":26,"minecraft:light_gray_carpet":2,"minecraft:chainmail_chestplate":1,"minecraft:poppy":3,"supplementaries:flax_seeds":3,"supplementaries:ash":26,"minecraft:tipped_arrow":1,"iceandfire:ghost_chest":1,"minecraft:skeleton_skull":3,"minecraft:beetroot_seeds":1,"doggytalents:rice_grains":6,"clutter:small_yellow_lupine":1,"minecraft:netherrack":64,"minecraft:wheat_seeds":8,"minecraft:mossy_cobblestone":1,"paladins:iron_mace":1,"minecraft:poisonous_potato":3,"minecraft:feather":6,"minecraft:cobblestone":1664,"minecraft:granite":10,"clutter:small_purple_lupine":2,"minecraft:spruce_stairs":6,"minecraft:coal":1,"minecraft:stick":44,"minecraft:cobweb":11,"minecraft:diorite":287,"iceandfire:copper_nugget":14,"clutter:small_white_lupine":1,"minecraft:jungle_leaves":1,"minecraft:granite_slab":19,"clutter:yellow_lupine":1,"minecraft:chainmail_leggings":2,"minecraft:string":9,"minecraft:bucket":1,"minecraft:redstone":4,"minecraft:furnace":1,"minecraft:tuff":71,"minecraft:pumpkin_seeds":8,"minecraft:filled_map":6,"minecraft:spruce_planks":3,"minecraft:diamond_pickaxe":2,"minecraft:andesite":67,"minecraft:oak_sapling":3,"minecraft:carved_pumpkin":6,"minecraft:wooden_pickaxe":3},"minecraft:picked_up":{"minecraft:iron_chestplate":1,"minecraft:wheat":2,"iceandfire:copper_sword":1,"minecraft:flower_pot":1,"minecraft:prismarine_shard":2,"minecraft:potion":2,"minecraft:enchanted_book":1,"minecraft:wither_rose":1,"minecraft:brewing_stand":2,"minecraft:amethyst_block":9,"travelersbackpack:emerald":8,"iceandfire:manuscript":8,"minecraft:string":13,"iceandfire:myrmex_desert_biolight":5,"minecraft:raw_copper":568,"minecraft:iron_leggings":1,"universal_graves:grave_compass":15,"minecraft:gold_nugget":2412,"minecraft:cobbled_deepslate":8601,"minecraft:spruce_planks":27,"iceandfire:myrmex_desert_resin":19,"minecraft:calcite":9,"minecraft:iron_pickaxe":3,"minecraft:melon_slice":70,"minecraft:furnace":1,"minecraft:tipped_arrow":1,"minecraft:stick":29,"iceandfire:ghost_chest":1,"clutter:red_lupine":2,"minecraft:torch":169,"iceandfire:pixie_house_mushroom_brown":2,"minecraft:spruce_stairs":6,"minecraft:porkchop":10,"iceandfire:lightning_dragon_flesh":5,"minecraft:vine":18,"minecraft:diorite":1204,"minecraft:cauldron":1,"minecraft:rotten_flesh":73,"minecraft:carved_pumpkin":11,"iceandfire:myrmex_desert_chitin":10,"supplementaries:ash":26,"extraspellattributes:goldquartzring":1,"minecraft:obsidian":5,"minecraft:cod":12,"minecraft:cobblestone":11522,"minecraft:birch_log":17,"minecraft:magma_block":2,"minecraft:feather":6,"minecraft:jungle_log":2,"minecraft:water_bucket":2,"minecraft:andesite":676,"minecraft:potato":325,"clutter:yellow_lupine":1,"minecraft:flint":107,"minecraft:tuff":1064,"supplementaries:flax_seeds":11,"minecraft:lapis_lazuli":338,"minecraft:dirt":1376,"minecraft:lantern":1,"minecraft:polished_granite":13,"minecraft:name_tag":1,"minecraft:bone":83,"clutter:small_yellow_lupine":1,"minecraft:bow":2,"minecraft:wheat_seeds":9,"minecraft:raw_gold":68,"minecraft:bamboo":2,"naturalist:snail_shell":1,"minecraft:oak_planks":31,"minecraft:poisonous_potato":3,"iceandfire:dragon_skull_fire":1,"minecraft:sand":11,"iceandfire:shiny_scales":11,"minecraft:jungle_planks":4,"minecraft:granite_slab":33,"iceandfire:lightning_dragon_heart":1,"minecraft:dead_bush":5,"minecraft:dark_oak_log":6,"iceandfire:chared_cobblestone":63,"minecraft:jungle_leaves":1,"minecraft:polished_andesite":108,"clutter:small_white_lupine":1,"minecraft:diamond":130,"iceandfire:crackled_stone":4,"minecraft:netherrack":1308,"minecraft:granite":1102,"iceandfire:myrmex_desert_egg":2,"minecraft:bone_meal":3,"clutter:small_purple_lupine":2,"minecraft:emerald":14,"minecraft:dark_oak_fence":3,"clutter:blue_lupine":1,"minecraft:oak_sapling":33,"minecraft:light_gray_carpet":3,"minecraft:diamond_pickaxe":5,"minecraft:bricks":1,"minecraft:andesite_slab":10,"iceandfire:raw_silver":26,"minecraft:cocoa_beans":6,"iceandfire:dragon_skull_lightning":1,"majruszsdifficulty:tattered_boots":2,"minecraft:crafting_table":7,"minecraft:chicken":1,"minecraft:ladder":2,"minecraft:brown_mushroom":1,"minecraft:wooden_pickaxe":3,"minecraft:chain":1,"extraspellattributes:goldquartzamulet":2,"minecraft:shield":1,"minecraft:cornflower":1,"minecraft:red_bed":2,"minecraft:iron_axe":4,"minecraft:blackstone":47,"minecraft:item_frame":1,"minecraft:iron_shovel":1,"dungeonnowloading:spawner_fragment":31,"clutter:raw_silver":52,"minecraft:oak_boat":6,"minecraft:player_head":2,"minecraft:iron_nugget":9,"minecraft:poppy":4,"minecraft:chest":2,"minecraft:sugar_cane":12,"iceandfire:dragonscales_electric":5,"minecraft:birch_sapling":6,"minecraft:phantom_membrane":1,"minecraft:dark_oak_sapling":1,"minecraft:stripped_crimson_hyphae":5,"minecraft:raw_iron":409,"iceandfire:dragonbone":30,"iceandfire:myrmex_resin_desert":19,"clutter:small_blue_lupine":1,"iceandfire:armor_copper_metal_boots":1,"minecraft:redstone":214,"assortedtools:silver_pickaxe":3,"minecraft:dark_oak_planks":8,"iceandfire:silver_ingot":5,"minecraft:arrow":36,"minecraft:beetroot_seeds":3,"iceandfire:chared_dirt":2,"minecraft:saddle":1,"minecraft:gold_ingot":14,"iceandfire:myrmex_resin_sticky_desert":11,"minecraft:mutton":1,"minecraft:bone_block":10,"minecraft:skeleton_skull":3,"minecraft:white_wool":2,"clutter:silver_tiara":1,"minecraft:basalt":47,"minecraft:leather":3,"minecraft:red_glazed_terracotta":1,"majruszsdifficulty:tattered_helmet":3,"minecraft:red_mushroom":2,"minecraft:filled_map":1,"doggytalents:rice_grains":8,"minecraft:birch_planks":5,"minecraft:oak_log":187,"minecraft:ancient_debris":25,"iceandfire:ectoplasm":9,"iceandfire:armor_copper_metal_helmet":1,"naturalist:bass":11,"assortedtools:copper_leggings":1,"minecraft:apple":3,"minecraft:iron_ingot":4,"minecraft:stone_pickaxe":1,"minecraft:cobweb":22,"minecraft:polished_andesite_slab":4,"iceandfire:chared_stone":55,"minecraft:book":121,"minecraft:smooth_basalt":6,"iceandfire:copper_nugget":14,"minecraft:dark_oak_slab":6,"minecraft:birch_boat":1,"minecraft:pumpkin":8,"clutter:small_red_lupine":1,"iceandfire:ash":10,"minecraft:quartz":242,"minecraft:gravel":477,"minecraft:spruce_sapling":2,"minecraft:spruce_log":14,"minecraft:spider_eye":2,"travelersbackpack:standard":17,"minecraft:pumpkin_seeds":28,"minecraft:slime_ball":12,"iceandfire:desert_myrmex_cocoon":3,"minecraft:chainmail_leggings":2,"minecraft:iron_helmet":1,"spellbladenext:spelloil":1,"paladins:iron_mace":1,"minecraft:coal":1006,"minecraft:terracotta":17,"minecraft:baked_potato":40,"minecraft:dark_oak_wood":1,"iceandfire:chared_gravel":3},"minecraft:broken":{"minecraft:iron_shovel":4,"paladins:iron_mace":1,"minecraft:diamond_helmet":1,"minecraft:iron_boots":2,"rogues:rogue_armor_legs":1,"minecraft:iron_chestplate":1,"minecraft:iron_leggings":1,"iceandfire:copper_sword":1,"assortedtools:silver_pickaxe":1,"clutter:silver_boots":1,"minecraft:diamond_pickaxe":1,"assortedtools:copper_leggings":1,"iceandfire:armor_copper_metal_helmet":2,"minecraft:diamond_chestplate":1,"paladins:paladin_armor_chest":1,"rogues:warrior_armor_head":1,"minecraft:diamond_leggings":1,"minecraft:chainmail_helmet":1,"minecraft:wooden_pickaxe":4,"minecraft:iron_axe":1,"majruszsdifficulty:tattered_helmet":1,"minecraft:iron_pickaxe":33,"minecraft:iron_helmet":1,"wizards:wizard_robe_feet":1,"iceandfire:armor_copper_metal_boots":1,"paladins:paladin_armor_legs":1},"minecraft:used":{"minecraft:beetroot":8,"minecraft:iron_shovel":1499,"minecraft:ladder":128,"minecraft:poppy":1,"minecraft:diamond_hoe":5,"minecraft:chest":25,"minecraft:shield":18,"minecraft:tuff":53,"travelersbackpack:emerald":11,"minecraft:spruce_boat":1,"clutter:silver_tiara":2,"minecraft:birch_sapling":2,"minecraft:dark_oak_slab":5,"supplementaries:bomb_blue":1,"minecraft:oak_sapling":12,"minecraft:furnace":2,"minecraft:potato":90,"minecraft:diorite":117,"minecraft:diamond_boots":1,"minecraft:stone_pickaxe":14,"minecraft:oak_planks":43,"minecraft:wooden_pickaxe":236,"rogues:iron_double_axe":72,"minecraft:golden_apple":5,"minecraft:crossbow":41,"minecraft:shears":31,"minecraft:bread":49,"minecraft:melon_slice":69,"minecraft:polished_granite":13,"minecraft:gravel":37,"minecraft:polished_andesite_slab":2,"minecraft:granite_slab":14,"minecraft:smithing_table":1,"minecraft:dark_oak_fence":1,"minecraft:andesite":17,"supplementaries:bamboo_spikes":1,"minecraft:oak_boat":16,"minecraft:bone_meal":195,"minecraft:experience_bottle":15,"minecraft:enchanting_table":1,"minecraft:carved_pumpkin":2,"iceandfire:myrmex_resin_sticky_desert":3,"minecraft:redstone":1,"minecraft:spruce_planks":8,"minecraft:netherrack":92,"minecraft:brewing_stand":1,"minecraft:torch":322,"minecraft:dirt":57,"minecraft:anvil":1,"iceandfire:copper_sword":276,"minecraft:diamond_helmet":3,"assortedtools:emerald_multitool":1094,"minecraft:granite":27,"minecraft:bookshelf":21,"assortedtools:silver_pickaxe":3148,"minecraft:iron_block":8,"minecraft:iron_axe":450,"supplementaries:pancake":8,"minecraft:golden_carrot":2,"minecraft:cobbled_deepslate":1041,"minecraft:pumpkin":6,"naturalist:bass":11,"minecraft:water_bucket":14,"minecraft:birch_planks":21,"minecraft:polished_andesite":108,"minecraft:baked_potato":203,"minecraft:birch_boat":3,"minecraft:cauldron":1,"minecraft:terracotta":17,"minecraft:crafting_table":15,"minecraft:red_bed":2,"paladins:iron_mace":237,"minecraft:cod":12,"minecraft:diamond_pickaxe":20080,"minecraft:chicken":1,"minecraft:iron_pickaxe":8240,"minecraft:cobblestone":877,"minecraft:potion":1,"minecraft:stripped_crimson_hyphae":5,"travelersbackpack:standard":34,"minecraft:porkchop":10,"minecraft:bucket":18},"minecraft:mined":{"minecraft:dark_oak_planks":8,"minecraft:spruce_planks":27,"iceandfire:graveyard_soil":1,"iceandfire:myrmex_resin_desert":13,"clutter:red_lupine":2,"iceandfire:copper_pile":1,"minecraft:jungle_leaves":5,"minecraft:brewing_stand":2,"minecraft:obsidian":5,"minecraft:carved_pumpkin":5,"minecraft:granite":1114,"minecraft:budding_amethyst":1,"minecraft:stripped_crimson_hyphae":5,"minecraft:grass_block":564,"clutter:deepslate_silver_ore":9,"minecraft:jungle_log":3,"minecraft:spawner":7,"iceandfire:crackled_cobblestone":5,"minecraft:magma_block":2,"supplementaries:ash":1,"minecraft:iron_ore":216,"minecraft:cobbled_deepslate":26,"minecraft:fire":41,"minecraft:pumpkin":2,"minecraft:deepslate_lapis_ore":26,"minecraft:granite_slab":18,"iceandfire:gold_pile":295,"minecraft:water_cauldron":1,"clutter:silver_ore":8,"minecraft:potted_cornflower":1,"iceandfire:chared_cobblestone":74,"minecraft:deepslate_redstone_ore":44,"minecraft:red_bed":3,"minecraft:blackstone":47,"clutter:small_white_lupine":1,"iceandfire:myrmex_resin_sticky_desert":11,"minecraft:powder_snow":1,"minecraft:torch":67,"minecraft:dark_oak_wood":1,"minecraft:calcite":9,"minecraft:poppy":4,"minecraft:melon":15,"iceandfire:ghost_chest":3,"minecraft:chest":2,"minecraft:mushroom_stem":2,"minecraft:nether_quartz_ore":125,"minecraft:cobblestone":336,"minecraft:oak_planks":20,"minecraft:sugar_cane":4,"minecraft:wall_torch":35,"minecraft:amethyst_block":9,"minecraft:deepslate_copper_ore":4,"minecraft:skeleton_skull":1,"minecraft:dark_oak_slab":4,"iceandfire:crackled_stone":4,"minecraft:birch_log":17,"clutter:yellow_lupine":1,"minecraft:wither_rose":1,"minecraft:grass":56,"minecraft:oak_log":191,"clutter:blue_lupine":1,"minecraft:sand":11,"minecraft:dirt":789,"minecraft:ancient_debris":25,"minecraft:smooth_basalt":6,"minecraft:netherrack":1674,"minecraft:red_mushroom_block":8,"travelersbackpack:emerald":8,"minecraft:oak_leaves":184,"minecraft:deepslate":11130,"iceandfire:chared_stone":62,"minecraft:nether_gold_ore":3,"clutter:small_purple_lupine":2,"minecraft:diamond_ore":7,"minecraft:tuff":1630,"iceandfire:silver_ore":26,"minecraft:mossy_cobblestone":2,"minecraft:dark_oak_leaves":8,"minecraft:deepslate_diamond_ore":70,"minecraft:dark_oak_log":4,"minecraft:glow_lichen":1,"minecraft:ladder":2,"minecraft:dark_oak_fence":3,"minecraft:redstone_wire":1,"minecraft:polished_andesite_slab":3,"iceandfire:chared_dirt":2,"minecraft:spruce_leaves":55,"clutter:small_red_lupine":1,"iceandfire:myrmex_desert_biolight":5,"minecraft:redstone_ore":1,"minecraft:furnace":1,"iceandfire:chared_gravel":3,"minecraft:andesite":849,"clutter:small_yellow_lupine":1,"minecraft:bookshelf":40,"minecraft:potatoes":87,"minecraft:deepslate_iron_ore":6,"minecraft:vine":34,"minecraft:stone":12053,"minecraft:bone_block":10,"minecraft:podzol":5,"minecraft:light_gray_carpet":1,"minecraft:basalt":49,"minecraft:polished_granite":13,"travelersbackpack:standard":17,"minecraft:crafting_table":7,"iceandfire:pixie_house_mushroom_brown":2,"minecraft:emerald_ore":5,"minecraft:andesite_slab":5,"minecraft:copper_ore":134,"minecraft:tall_grass":8,"minecraft:red_glazed_terracotta":1,"minecraft:deepslate_gold_ore":53,"minecraft:lapis_ore":14,"minecraft:diorite":1188,"clutter:small_blue_lupine":1,"farmersdelight:wild_beetroots":1,"supplementaries:urn":9,"minecraft:spruce_stairs":6,"minecraft:birch_planks":1,"minecraft:cobblestone_wall":2,"iceandfire:desert_myrmex_cocoon":3,"minecraft:spruce_log":14,"minecraft:birch_leaves":84,"iceandfire:ash":10,"minecraft:coal_ore":561,"minecraft:cocoa":2,"minecraft:gravel":490,"supplementaries:pancake":1,"minecraft:terracotta":17,"minecraft:polished_andesite":118,"clutter:small_magenta_lupine":1,"minecraft:gold_ore":1,"minecraft:fern":11},"minecraft:custom":{"minecraft:interact_with_crafting_table":115,"minecraft:open_barrel":22,"minecraft:leave_game":24,"minecraft:time_since_death":110271,"minecraft:sprint_one_cm":1613802,"minecraft:damage_blocked_by_shield":1509,"minecraft:drop":237,"minecraft:talked_to_villager":1,"minecraft:play_time":1661161,"minecraft:deaths":67,"minecraft:jump":12951,"minecraft:interact_with_brewingstand":1,"minecraft:walk_on_water_one_cm":177816,"minecraft:enchant_item":13,"minecraft:interact_with_furnace":60,"minecraft:sleep_in_bed":62,"minecraft:damage_dealt":45336,"minecraft:crouch_one_cm":1065368,"minecraft:inspect_dispenser":2,"minecraft:horse_one_cm":5512,"minecraft:interact_with_smithing_table":1,"minecraft:interact_with_anvil":2,"minecraft:mob_kills":219,"minecraft:damage_dealt_resisted":1097,"minecraft:climb_one_cm":894420,"minecraft:walk_one_cm":3315135,"minecraft:sneak_time":274391,"minecraft:walk_under_water_one_cm":160234,"minecraft:boat_one_cm":1771833,"minecraft:total_world_time":1661161,"minecraft:hex":0,"minecraft:time_since_rest":40700,"minecraft:damage_taken":34669,"minecraft:damage_absorbed":15840,"minecraft:trigger_trapped_chest":4,"minecraft:swim_one_cm":548533,"minecraft:fly_one_cm":1640245,"minecraft:open_chest":460,"minecraft:fall_one_cm":395506},"minecraft:killed":{"illagerinvasion:archivist":2,"minecraft:witch":1,"minecraft:spider":6,"illagerinvasion:basher":2,"naturalist:boar":5,"creeperoverhaul:bamboo_creeper":1,"naturalist:snail":2,"minecraft:skeleton":29,"minecraft:chicken":1,"iceandfire:myrmex_royal":2,"illagerinvasion:provoker":3,"minecraft:illusioner":2,"iceandfire:myrmex_worker":15,"minecraft:sheep":1,"minecraft:zombie":45,"illagerinvasion:sorcerer":1,"iceandfire:myrmex_queen":1,"minecraft:stray":1,"minecraft:vex":1,"minecraft:vindicator":4,"minecraft:slime":18,"minecraft:phantom":2,"naturalist:coral_snake":1,"iceandfire:siren":4,"naturalist:bass":13,"minecraft:drowned":1,"naturalist:giraffe":1,"iceandfire:myrmex_sentinel":3,"iceandfire:hippocampus":1,"whisperwoods:hidebehind":1,"graveyard:ghoul":3,"majruszsdifficulty:cursed_armor":2,"whisperwoods:zotzpyre":7,"iceandfire:myrmex_soldier":10,"iceandfire:ghost":16,"minecraft:player":1,"naturalist:sparrow":1,"minecraft:enderman":1}},"DataVersion":3465}