{"stats":{"minecraft:custom":{"minecraft:interact_with_crafting_table":142,"minecraft:open_barrel":22,"minecraft:leave_game":27,"minecraft:time_since_death":341763,"minecraft:sprint_one_cm":1932233,"minecraft:damage_blocked_by_shield":1509,"minecraft:drop":260,"minecraft:talked_to_villager":1,"minecraft:play_time":1892653,"minecraft:deaths":67,"minecraft:jump":14980,"minecraft:interact_with_brewingstand":1,"minecraft:walk_on_water_one_cm":257193,"minecraft:enchant_item":16,"minecraft:interact_with_furnace":73,"minecraft:sleep_in_bed":75,"minecraft:damage_dealt":50529,"minecraft:crouch_one_cm":1290350,"minecraft:inspect_dispenser":2,"minecraft:horse_one_cm":5512,"minecraft:interact_with_smithing_table":1,"minecraft:interact_with_anvil":2,"minecraft:mob_kills":240,"minecraft:damage_dealt_resisted":1097,"minecraft:climb_one_cm":896677,"minecraft:walk_one_cm":3867532,"minecraft:sneak_time":325512,"minecraft:walk_under_water_one_cm":293556,"minecraft:boat_one_cm":1816950,"minecraft:total_world_time":1892653,"minecraft:interact_with_grindstone":2,"minecraft:interact_with_stonecutter":8,"minecraft:hex":0,"minecraft:time_since_rest":2511,"minecraft:damage_taken":35092,"minecraft:damage_absorbed":16236,"minecraft:trigger_trapped_chest":4,"minecraft:swim_one_cm":628619,"minecraft:fly_one_cm":2018714,"minecraft:open_chest":566,"minecraft:fall_one_cm":403558},"minecraft:mined":{"minecraft:dark_oak_planks":8,"minecraft:spruce_planks":27,"iceandfire:graveyard_soil":1,"iceandfire:myrmex_resin_desert":13,"clutter:red_lupine":2,"iceandfire:copper_pile":1,"minecraft:jungle_leaves":14,"minecraft:brewing_stand":2,"minecraft:obsidian":5,"minecraft:carved_pumpkin":5,"minecraft:granite":1114,"minecraft:budding_amethyst":1,"minecraft:stripped_crimson_hyphae":5,"minecraft:grass_block":908,"clutter:deepslate_silver_ore":9,"minecraft:jungle_log":58,"minecraft:spawner":7,"iceandfire:crackled_cobblestone":5,"minecraft:magma_block":2,"supplementaries:ash":3,"minecraft:iron_ore":216,"minecraft:cobbled_deepslate":26,"minecraft:fire":43,"minecraft:pumpkin":2,"minecraft:granite_slab":18,"minecraft:deepslate_lapis_ore":26,"iceandfire:gold_pile":295,"minecraft:water_cauldron":1,"amendments:wall_lantern":1,"clutter:silver_ore":8,"minecraft:potted_cornflower":1,"iceandfire:chared_cobblestone":74,"minecraft:deepslate_redstone_ore":44,"minecraft:red_bed":3,"minecraft:blackstone":47,"clutter:small_white_lupine":1,"iceandfire:myrmex_resin_sticky_desert":11,"minecraft:powder_snow":1,"minecraft:torch":70,"minecraft:dark_oak_wood":1,"minecraft:calcite":9,"minecraft:poppy":4,"minecraft:melon":15,"iceandfire:ghost_chest":3,"minecraft:chest":2,"minecraft:mushroom_stem":2,"minecraft:nether_quartz_ore":125,"minecraft:cobblestone":336,"minecraft:sugar_cane":27,"minecraft:oak_planks":20,"minecraft:wall_torch":37,"minecraft:amethyst_block":9,"minecraft:deepslate_copper_ore":4,"minecraft:skeleton_skull":1,"minecraft:dark_oak_slab":4,"iceandfire:crackled_stone":4,"minecraft:birch_log":25,"clutter:yellow_lupine":1,"minecraft:wither_rose":1,"minecraft:grass":60,"minecraft:oak_log":553,"clutter:blue_lupine":1,"minecraft:sand":222,"minecraft:dirt":1319,"minecraft:smooth_basalt":6,"minecraft:red_mushroom_block":8,"minecraft:netherrack":1674,"minecraft:ancient_debris":25,"travelersbackpack:emerald":8,"minecraft:oak_leaves":503,"minecraft:deepslate":11130,"iceandfire:chared_stone":62,"minecraft:nether_gold_ore":3,"clutter:small_purple_lupine":2,"minecraft:deepslate_tiles":248,"minecraft:diamond_ore":7,"minecraft:tuff":1630,"iceandfire:silver_ore":26,"minecraft:mossy_cobblestone":2,"minecraft:dark_oak_leaves":8,"minecraft:deepslate_diamond_ore":70,"minecraft:dark_oak_log":4,"minecraft:glow_lichen":1,"minecraft:ladder":2,"minecraft:dark_oak_fence":3,"minecraft:redstone_wire":1,"minecraft:polished_andesite_slab":3,"iceandfire:chared_dirt":2,"minecraft:spruce_leaves":55,"clutter:small_red_lupine":1,"iceandfire:myrmex_desert_biolight":5,"minecraft:redstone_ore":1,"minecraft:furnace":1,"minecraft:andesite":849,"iceandfire:chared_gravel":3,"clutter:small_yellow_lupine":1,"minecraft:polished_deepslate":1,"minecraft:bookshelf":40,"minecraft:potatoes":215,"minecraft:deepslate_iron_ore":6,"minecraft:vine":57,"minecraft:stripped_oak_log":1,"minecraft:bamboo":2,"minecraft:stone":12538,"minecraft:bone_block":10,"minecraft:podzol":5,"minecraft:oak_slab":35,"minecraft:light_gray_carpet":1,"minecraft:basalt":49,"minecraft:polished_granite":13,"travelersbackpack:standard":17,"minecraft:oak_fence":13,"minecraft:crafting_table":8,"iceandfire:pixie_house_mushroom_brown":2,"minecraft:emerald_ore":5,"minecraft:andesite_slab":5,"minecraft:tall_grass":8,"minecraft:copper_ore":134,"minecraft:red_glazed_terracotta":1,"minecraft:deepslate_gold_ore":53,"minecraft:lapis_ore":14,"minecraft:diorite":1188,"clutter:small_blue_lupine":1,"farmersdelight:wild_beetroots":1,"minecraft:spruce_stairs":6,"supplementaries:urn":9,"minecraft:birch_planks":1,"minecraft:cobblestone_wall":2,"iceandfire:desert_myrmex_cocoon":3,"minecraft:spruce_log":14,"minecraft:birch_leaves":136,"iceandfire:ash":10,"minecraft:coal_ore":561,"minecraft:cocoa":2,"minecraft:gravel":490,"minecraft:cobweb":1,"supplementaries:pancake":1,"minecraft:terracotta":17,"minecraft:polished_andesite":118,"clutter:small_magenta_lupine":1,"minecraft:gold_ore":1,"minecraft:fern":12},"minecraft:crafted":{"assortedtools:emerald_multitool":1,"minecraft:grindstone":1,"minecraft:oak_planks":1228,"minecraft:birch_boat":2,"assortedtools:silver_pickaxe":6,"minecraft:stone":64,"minecraft:bookshelf":24,"iceandfire:armor_copper_metal_boots":1,"minecraft:quartz_block":60,"minecraft:glass":9,"minecraft:diamond_helmet":3,"minecraft:diamond_leggings":3,"minecraft:bow":2,"minecraft:iron_boots":1,"minecraft:chest":25,"minecraft:oak_fence":219,"clutter:silver_leggings":1,"minecraft:glass_bottle":9,"minecraft:oak_slab":240,"minecraft:crafting_table":10,"minecraft:spruce_planks":56,"minecraft:wooden_pickaxe":4,"minecraft:baked_potato":253,"minecraft:iron_helmet":2,"minecraft:smithing_table":1,"minecraft:mossy_cobblestone":18,"minecraft:copper_ingot":25,"minecraft:birch_planks":100,"travelersbackpack:emerald":1,"minecraft:iron_chestplate":2,"minecraft:diamond_pickaxe":7,"minecraft:shield":1,"minecraft:stone_slab":6,"minecraft:stick":700,"minecraft:iron_ingot":255,"minecraft:iron_pickaxe":33,"minecraft:iron_block":21,"minecraft:gold_ingot":262,"minecraft:golden_carrot":154,"minecraft:netherite_ingot":6,"minecraft:shears":1,"clutter:silver_ingot":23,"minecraft:iron_nugget":270,"minecraft:diamond_hoe":1,"minecraft:furnace":2,"assortedtools:copper_leggings":1,"assortedtools:emerald_hoe":1,"minecraft:bone_meal":330,"iceandfire:armor_copper_metal_helmet":2,"minecraft:lantern":32,"minecraft:iron_axe":3,"minecraft:ladder":129,"clutter:silver_chestplate":1,"minecraft:diamond_boots":3,"minecraft:spruce_boat":1,"minecraft:netherite_scrap":25,"minecraft:dark_oak_planks":8,"clutter:silver_boots":1,"minecraft:golden_helmet":1,"minecraft:diamond_sword":1,"iceandfire:silver_ingot":15,"minecraft:enchanting_table":1,"minecraft:bucket":4,"assortedtools:emerald_shovel":1,"minecraft:wild_armor_trim_smithing_template":8,"minecraft:bread":9,"minecraft:air":0,"minecraft:jungle_planks":8,"minecraft:oak_boat":13,"minecraft:gold_nugget":1229,"assortedtools:emerald_pickaxe":1,"minecraft:golden_apple":2,"clutter:silver_tiara":1,"minecraft:iron_shovel":9,"minecraft:iron_leggings":1,"minecraft:anvil":1,"minecraft:stonecutter":1,"minecraft:torch":432,"assortedtools:emerald_axe":2,"minecraft:diamond_chestplate":3,"assortedtools:emerald_sword":1},"minecraft:killed_by":{"minecraft:creeper":2,"iceandfire:siren":1,"graveyard:skeleton_creeper":4,"creeperoverhaul:ocean_creeper":1,"creeperoverhaul:cave_creeper":1,"iceandfire:ice_dragon":3,"minecraft:zombie":7,"minecraft:vex":4,"iceandfire:fire_dragon":14,"minecraft:player":1,"minecraft:stray":3,"graveyard:ghoul":2,"minecraft:skeleton":7,"iceandfire:lightning_dragon":1,"iceandfire:ghost":2},"minecraft:broken":{"minecraft:golden_helmet":1,"minecraft:iron_shovel":4,"paladins:iron_mace":1,"minecraft:diamond_helmet":1,"minecraft:iron_boots":2,"rogues:rogue_armor_legs":1,"minecraft:iron_chestplate":1,"minecraft:iron_leggings":1,"iceandfire:copper_sword":1,"assortedtools:silver_pickaxe":1,"clutter:silver_boots":1,"minecraft:diamond_pickaxe":1,"assortedtools:copper_leggings":1,"iceandfire:armor_copper_metal_helmet":2,"minecraft:diamond_chestplate":1,"paladins:paladin_armor_chest":1,"rogues:warrior_armor_head":1,"minecraft:diamond_leggings":1,"minecraft:chainmail_helmet":1,"minecraft:wooden_pickaxe":4,"minecraft:iron_axe":1,"majruszsdifficulty:tattered_helmet":1,"minecraft:iron_pickaxe":33,"minecraft:iron_helmet":1,"wizards:wizard_robe_feet":1,"iceandfire:armor_copper_metal_boots":1,"paladins:paladin_armor_legs":1},"minecraft:killed":{"illagerinvasion:archivist":2,"minecraft:witch":1,"minecraft:spider":7,"illagerinvasion:basher":2,"naturalist:boar":5,"creeperoverhaul:bamboo_creeper":1,"naturalist:snail":2,"minecraft:skeleton":30,"minecraft:chicken":1,"iceandfire:myrmex_royal":2,"illagerinvasion:provoker":3,"minecraft:illusioner":2,"iceandfire:myrmex_worker":15,"minecraft:sheep":1,"minecraft:zombie":45,"illagerinvasion:sorcerer":1,"iceandfire:myrmex_queen":1,"minecraft:stray":1,"minecraft:vex":1,"minecraft:vindicator":4,"minecraft:slime":18,"minecraft:phantom":2,"naturalist:coral_snake":1,"iceandfire:siren":4,"naturalist:bass":13,"minecraft:drowned":19,"naturalist:giraffe":1,"iceandfire:myrmex_sentinel":3,"iceandfire:hippocampus":1,"whisperwoods:hidebehind":1,"graveyard:ghoul":3,"majruszsdifficulty:cursed_armor":2,"whisperwoods:zotzpyre":8,"iceandfire:myrmex_soldier":10,"iceandfire:ghost":16,"minecraft:player":1,"naturalist:sparrow":1,"minecraft:enderman":1},"minecraft:used":{"minecraft:beetroot":8,"minecraft:iron_shovel":1499,"minecraft:polished_deepslate":1,"minecraft:ladder":128,"minecraft:poppy":1,"minecraft:diamond_hoe":139,"minecraft:chest":25,"minecraft:shield":18,"minecraft:carrot":64,"minecraft:tuff":53,"travelersbackpack:emerald":11,"minecraft:spruce_boat":1,"minecraft:grass_block":17,"minecraft:lantern":32,"clutter:silver_tiara":2,"minecraft:birch_sapling":2,"minecraft:dark_oak_slab":5,"supplementaries:bomb_blue":1,"minecraft:oak_sapling":37,"minecraft:furnace":2,"minecraft:potato":281,"minecraft:diorite":117,"minecraft:diamond_boots":1,"minecraft:stone_pickaxe":14,"minecraft:oak_planks":43,"minecraft:wooden_pickaxe":236,"rogues:iron_double_axe":72,"minecraft:sugar_cane":44,"minecraft:oak_leaves":45,"minecraft:golden_apple":5,"minecraft:sand":46,"minecraft:crossbow":41,"minecraft:shears":223,"minecraft:deepslate_tiles":731,"minecraft:bread":49,"minecraft:melon_slice":69,"minecraft:polished_granite":13,"minecraft:gravel":37,"minecraft:polished_andesite_slab":2,"minecraft:granite_slab":14,"assortedtools:emerald_axe":405,"minecraft:diamond_sword":4,"minecraft:grindstone":1,"minecraft:dark_oak_fence":1,"minecraft:oak_fence":231,"minecraft:bone_meal":333,"minecraft:andesite":17,"minecraft:experience_bottle":15,"minecraft:smithing_table":1,"minecraft:oak_boat":16,"supplementaries:bamboo_spikes":1,"minecraft:cobweb":3,"minecraft:enchanting_table":1,"minecraft:carved_pumpkin":2,"iceandfire:myrmex_resin_sticky_desert":3,"minecraft:redstone":1,"minecraft:spruce_planks":8,"minecraft:netherrack":115,"minecraft:brewing_stand":1,"minecraft:torch":345,"minecraft:dirt":1484,"minecraft:anvil":1,"iceandfire:copper_sword":276,"minecraft:diamond_helmet":3,"assortedtools:emerald_multitool":2335,"minecraft:granite":27,"minecraft:bookshelf":21,"assortedtools:silver_pickaxe":3148,"minecraft:iron_block":8,"minecraft:iron_axe":450,"supplementaries:pancake":8,"minecraft:golden_carrot":5,"minecraft:cobbled_deepslate":1041,"minecraft:pumpkin":6,"naturalist:bass":11,"minecraft:water_bucket":96,"minecraft:birch_planks":21,"minecraft:polished_andesite":108,"minecraft:baked_potato":219,"minecraft:birch_boat":3,"minecraft:cauldron":1,"minecraft:stonecutter":1,"minecraft:terracotta":17,"minecraft:oak_slab":269,"minecraft:crafting_table":17,"minecraft:red_bed":2,"paladins:iron_mace":237,"minecraft:cod":12,"minecraft:oak_log":3,"minecraft:diamond_pickaxe":20613,"minecraft:diamond_shovel":367,"minecraft:chicken":1,"minecraft:iron_pickaxe":8240,"minecraft:cobblestone":877,"minecraft:potion":1,"minecraft:stripped_crimson_hyphae":5,"travelersbackpack:standard":34,"minecraft:porkchop":10,"minecraft:bucket":99},"minecraft:picked_up":{"minecraft:iron_chestplate":1,"minecraft:wheat":2,"iceandfire:copper_sword":1,"minecraft:flower_pot":1,"minecraft:prismarine_shard":2,"minecraft:enchanted_book":1,"minecraft:wither_rose":1,"minecraft:potion":2,"minecraft:brewing_stand":2,"travelersbackpack:emerald":8,"iceandfire:manuscript":8,"minecraft:amethyst_block":9,"minecraft:polished_deepslate":1,"minecraft:string":16,"iceandfire:myrmex_desert_biolight":5,"minecraft:raw_copper":568,"minecraft:iron_leggings":1,"universal_graves:grave_compass":15,"minecraft:deepslate_tiles":202,"minecraft:gold_nugget":2416,"minecraft:cobbled_deepslate":8601,"minecraft:spruce_planks":27,"iceandfire:myrmex_desert_resin":19,"minecraft:calcite":9,"minecraft:iron_pickaxe":3,"minecraft:melon_slice":70,"minecraft:furnace":1,"minecraft:tipped_arrow":1,"minecraft:stick":45,"iceandfire:ghost_chest":1,"minecraft:torch":178,"minecraft:spruce_stairs":6,"minecraft:oak_fence":13,"clutter:red_lupine":2,"iceandfire:pixie_house_mushroom_brown":2,"minecraft:porkchop":10,"iceandfire:lightning_dragon_flesh":5,"minecraft:diorite":1204,"minecraft:vine":18,"minecraft:cauldron":1,"minecraft:rotten_flesh":85,"minecraft:carved_pumpkin":11,"iceandfire:myrmex_desert_chitin":10,"extraspellattributes:goldquartzring":1,"supplementaries:ash":38,"minecraft:obsidian":5,"minecraft:cod":12,"minecraft:cobblestone":11943,"minecraft:nautilus_shell":2,"minecraft:birch_log":25,"minecraft:magma_block":2,"minecraft:feather":6,"minecraft:water_bucket":2,"minecraft:jungle_log":56,"minecraft:andesite":676,"minecraft:potato":794,"clutter:yellow_lupine":1,"minecraft:flint":107,"minecraft:tuff":1064,"supplementaries:flax_seeds":11,"minecraft:dirt":2190,"minecraft:lapis_lazuli":338,"minecraft:lantern":2,"minecraft:polished_granite":13,"minecraft:name_tag":1,"minecraft:bone":84,"clutter:small_yellow_lupine":1,"minecraft:bow":4,"minecraft:wheat_seeds":10,"minecraft:raw_gold":68,"minecraft:bamboo":16,"naturalist:snail_shell":1,"minecraft:oak_planks":31,"minecraft:music_disc_13":1,"minecraft:poisonous_potato":7,"minecraft:sand":218,"iceandfire:dragon_skull_fire":1,"iceandfire:shiny_scales":11,"minecraft:jungle_planks":4,"minecraft:ink_sac":2,"minecraft:grass_block":25,"minecraft:granite_slab":33,"iceandfire:lightning_dragon_heart":1,"minecraft:dead_bush":5,"minecraft:dark_oak_log":6,"iceandfire:chared_cobblestone":63,"minecraft:jungle_leaves":1,"minecraft:polished_andesite":108,"clutter:small_white_lupine":1,"minecraft:diamond":130,"iceandfire:crackled_stone":4,"minecraft:granite":1166,"iceandfire:myrmex_desert_egg":2,"minecraft:bone_meal":3,"clutter:small_purple_lupine":2,"minecraft:dark_oak_fence":3,"clutter:blue_lupine":1,"minecraft:emerald":14,"minecraft:diamond_pickaxe":6,"minecraft:light_gray_carpet":3,"minecraft:oak_sapling":58,"iceandfire:raw_silver":26,"minecraft:netherrack":1308,"minecraft:bricks":1,"minecraft:andesite_slab":10,"minecraft:oak_leaves":140,"majruszsdifficulty:tattered_boots":2,"minecraft:cocoa_beans":6,"iceandfire:dragon_skull_lightning":1,"minecraft:crafting_table":8,"minecraft:chicken":1,"minecraft:ladder":2,"minecraft:brown_mushroom":1,"minecraft:wooden_pickaxe":3,"minecraft:chain":1,"extraspellattributes:goldquartzamulet":2,"minecraft:shield":1,"minecraft:cornflower":1,"minecraft:red_bed":2,"minecraft:iron_axe":4,"minecraft:item_frame":1,"minecraft:blackstone":47,"minecraft:iron_shovel":1,"dungeonnowloading:spawner_fragment":31,"clutter:raw_silver":52,"minecraft:oak_boat":6,"minecraft:player_head":2,"minecraft:iron_nugget":9,"minecraft:poppy":4,"iceandfire:dragonscales_electric":5,"minecraft:sugar_cane":48,"minecraft:chest":2,"minecraft:birch_sapling":7,"minecraft:phantom_membrane":1,"minecraft:dark_oak_sapling":1,"minecraft:raw_iron":409,"minecraft:stripped_crimson_hyphae":5,"iceandfire:dragonbone":58,"minecraft:copper_ingot":2,"iceandfire:myrmex_resin_desert":19,"clutter:small_blue_lupine":1,"iceandfire:armor_copper_metal_boots":1,"minecraft:redstone":214,"assortedtools:silver_pickaxe":3,"minecraft:dark_oak_planks":8,"iceandfire:silver_ingot":5,"minecraft:arrow":38,"minecraft:beetroot_seeds":3,"iceandfire:chared_dirt":2,"minecraft:saddle":1,"minecraft:gold_ingot":14,"iceandfire:myrmex_resin_sticky_desert":11,"minecraft:mutton":1,"minecraft:bone_block":10,"minecraft:skeleton_skull":3,"minecraft:white_wool":2,"minecraft:stripped_oak_log":1,"minecraft:birch_leaves":49,"clutter:silver_tiara":1,"minecraft:basalt":47,"clutter:hops_seeds":1,"minecraft:leather":3,"minecraft:red_glazed_terracotta":1,"minecraft:red_mushroom":2,"majruszsdifficulty:tattered_helmet":3,"minecraft:birch_planks":5,"minecraft:filled_map":1,"doggytalents:rice_grains":9,"minecraft:oak_log":544,"minecraft:ancient_debris":25,"iceandfire:ectoplasm":9,"iceandfire:armor_copper_metal_helmet":1,"naturalist:bass":11,"assortedtools:copper_leggings":1,"minecraft:apple":4,"minecraft:stone_pickaxe":1,"minecraft:wild_armor_trim_smithing_template":4,"minecraft:iron_ingot":4,"minecraft:cobweb":22,"minecraft:polished_andesite_slab":4,"iceandfire:chared_stone":55,"minecraft:book":121,"minecraft:oak_slab":43,"minecraft:smooth_basalt":6,"iceandfire:copper_nugget":14,"minecraft:dark_oak_slab":6,"minecraft:birch_boat":1,"minecraft:pumpkin":8,"clutter:small_red_lupine":1,"iceandfire:ash":10,"minecraft:quartz":242,"doggytalents:salmon_sushi":1,"minecraft:gravel":477,"minecraft:spruce_sapling":2,"minecraft:spruce_log":14,"minecraft:spider_eye":2,"travelersbackpack:standard":17,"minecraft:pumpkin_seeds":28,"minecraft:slime_ball":12,"iceandfire:desert_myrmex_cocoon":3,"minecraft:chainmail_leggings":2,"spellbladenext:spelloil":1,"minecraft:iron_helmet":1,"paladins:iron_mace":1,"minecraft:coal":1006,"minecraft:terracotta":17,"minecraft:baked_potato":40,"iceandfire:chared_gravel":3,"minecraft:dark_oak_wood":1},"minecraft:dropped":{"minecraft:birch_planks":4,"minecraft:brown_mushroom":1,"naturalist:snail_shell":1,"minecraft:lantern":1,"majruszsdifficulty:tattered_helmet":2,"minecraft:iron_horse_armor":1,"assortedtools:silver_pickaxe":1,"minecraft:red_mushroom":2,"minecraft:dirt":98,"clutter:small_red_lupine":1,"minecraft:dark_oak_log":4,"minecraft:dark_oak_fence":2,"majruszsdifficulty:tattered_boots":2,"minecraft:chain":2,"minecraft:gold_nugget":54,"minecraft:phantom_membrane":1,"minecraft:iron_pickaxe":2,"minecraft:white_wool":2,"minecraft:gravel":94,"minecraft:red_glazed_terracotta":1,"clutter:small_blue_lupine":1,"minecraft:sugar_cane":4,"clutter:red_lupine":2,"minecraft:cobbled_deepslate":434,"minecraft:andesite_slab":10,"minecraft:wheat":2,"minecraft:birch_sapling":3,"minecraft:rotten_flesh":44,"minecraft:oak_planks":26,"universal_graves:grave_compass":36,"minecraft:light_gray_carpet":2,"minecraft:chainmail_chestplate":1,"minecraft:poppy":3,"supplementaries:flax_seeds":3,"supplementaries:ash":26,"minecraft:tipped_arrow":1,"iceandfire:ghost_chest":1,"minecraft:skeleton_skull":3,"minecraft:beetroot_seeds":1,"doggytalents:rice_grains":6,"clutter:small_yellow_lupine":1,"minecraft:netherrack":64,"minecraft:wheat_seeds":9,"minecraft:mossy_cobblestone":1,"paladins:iron_mace":1,"minecraft:poisonous_potato":5,"minecraft:feather":6,"minecraft:cobblestone":1664,"minecraft:granite":74,"clutter:small_purple_lupine":2,"minecraft:copper_ingot":1,"minecraft:spruce_stairs":6,"minecraft:coal":1,"minecraft:stick":46,"minecraft:cobweb":11,"minecraft:diorite":287,"iceandfire:copper_nugget":14,"clutter:small_white_lupine":1,"minecraft:jungle_leaves":1,"minecraft:granite_slab":19,"clutter:yellow_lupine":1,"minecraft:chainmail_leggings":2,"minecraft:string":9,"iceandfire:dragonbone":15,"minecraft:bucket":1,"minecraft:redstone":4,"minecraft:furnace":1,"minecraft:wild_armor_trim_smithing_template":4,"minecraft:tuff":71,"minecraft:stripped_oak_log":1,"minecraft:shears":1,"minecraft:pumpkin_seeds":8,"minecraft:filled_map":6,"minecraft:spruce_planks":3,"minecraft:diamond_pickaxe":3,"minecraft:andesite":67,"minecraft:oak_sapling":3,"minecraft:carved_pumpkin":6,"minecraft:bow":2,"minecraft:wooden_pickaxe":3}},"DataVersion":3465}