{"stats":{"minecraft:mined":{"minecraft:dark_oak_planks":8,"clutter:small_purple_lupine":2,"iceandfire:silver_ore":2,"minecraft:spruce_planks":27,"iceandfire:graveyard_soil":1,"clutter:red_lupine":2,"minecraft:mossy_cobblestone":2,"minecraft:dark_oak_leaves":8,"minecraft:dark_oak_log":4,"minecraft:brewing_stand":2,"minecraft:granite":32,"minecraft:dark_oak_fence":3,"minecraft:stripped_crimson_hyphae":5,"minecraft:grass_block":547,"minecraft:polished_andesite_slab":3,"minecraft:spruce_leaves":55,"clutter:small_red_lupine":1,"minecraft:spawner":7,"minecraft:furnace":1,"minecraft:iron_ore":2,"minecraft:fire":10,"minecraft:granite_slab":18,"clutter:small_yellow_lupine":1,"minecraft:potatoes":46,"minecraft:bookshelf":40,"minecraft:water_cauldron":1,"minecraft:vine":7,"minecraft:potted_cornflower":1,"minecraft:stone":1284,"minecraft:podzol":5,"minecraft:light_gray_carpet":1,"clutter:small_white_lupine":1,"minecraft:polished_granite":13,"travelersbackpack:standard":17,"minecraft:crafting_table":7,"minecraft:torch":1,"minecraft:dark_oak_wood":1,"minecraft:poppy":4,"minecraft:melon":14,"iceandfire:ghost_chest":3,"minecraft:chest":2,"minecraft:andesite_slab":5,"minecraft:mushroom_stem":2,"minecraft:copper_ore":21,"minecraft:tall_grass":5,"minecraft:cobblestone":6,"minecraft:red_glazed_terracotta":1,"minecraft:diorite":12,"minecraft:sugar_cane":4,"minecraft:oak_planks":20,"minecraft:wall_torch":1,"clutter:small_blue_lupine":1,"farmersdelight:wild_beetroots":1,"minecraft:skeleton_skull":1,"minecraft:spruce_stairs":6,"minecraft:birch_planks":1,"minecraft:dark_oak_slab":4,"minecraft:cobblestone_wall":2,"minecraft:birch_log":11,"minecraft:spruce_log":14,"clutter:yellow_lupine":1,"minecraft:birch_leaves":80,"minecraft:wither_rose":1,"minecraft:grass":23,"minecraft:coal_ore":23,"minecraft:oak_log":76,"clutter:blue_lupine":1,"minecraft:dirt":430,"supplementaries:pancake":1,"minecraft:terracotta":17,"minecraft:red_mushroom_block":8,"minecraft:polished_andesite":118,"clutter:small_magenta_lupine":1,"minecraft:oak_leaves":105},"minecraft:picked_up":{"minecraft:crafting_table":7,"minecraft:wheat":2,"iceandfire:copper_sword":1,"minecraft:chicken":1,"minecraft:flower_pot":1,"minecraft:prismarine_shard":2,"minecraft:wooden_pickaxe":1,"minecraft:wither_rose":1,"minecraft:enchanted_book":1,"minecraft:potion":2,"minecraft:brewing_stand":2,"extraspellattributes:goldquartzamulet":1,"iceandfire:manuscript":8,"minecraft:cornflower":1,"minecraft:raw_copper":73,"minecraft:string":8,"minecraft:iron_axe":2,"dungeonnowloading:spawner_fragment":31,"minecraft:gold_nugget":38,"minecraft:spruce_planks":27,"minecraft:raw_iron":2,"minecraft:poppy":4,"minecraft:iron_nugget":9,"minecraft:chest":2,"minecraft:melon_slice":65,"minecraft:sugar_cane":10,"minecraft:birch_sapling":4,"minecraft:phantom_membrane":1,"minecraft:furnace":1,"minecraft:dark_oak_sapling":1,"minecraft:stripped_crimson_hyphae":5,"minecraft:stick":19,"iceandfire:ghost_chest":1,"clutter:red_lupine":2,"minecraft:torch":5,"minecraft:spruce_stairs":6,"minecraft:porkchop":10,"clutter:small_blue_lupine":1,"minecraft:diorite":12,"minecraft:cauldron":1,"minecraft:dark_oak_planks":8,"iceandfire:silver_ingot":5,"minecraft:rotten_flesh":22,"minecraft:arrow":11,"minecraft:beetroot_seeds":3,"minecraft:saddle":1,"minecraft:gold_ingot":14,"minecraft:mutton":1,"minecraft:cod":12,"minecraft:skeleton_skull":3,"minecraft:white_wool":2,"minecraft:cobblestone":1260,"minecraft:birch_log":11,"minecraft:feather":2,"minecraft:leather":3,"minecraft:red_glazed_terracotta":1,"minecraft:potato":173,"minecraft:red_mushroom":2,"minecraft:birch_planks":5,"minecraft:filled_map":1,"doggytalents:rice_grains":3,"clutter:yellow_lupine":1,"iceandfire:ectoplasm":6,"minecraft:oak_log":72,"supplementaries:flax_seeds":6,"minecraft:dirt":1010,"minecraft:lantern":1,"minecraft:polished_granite":13,"minecraft:name_tag":1,"naturalist:bass":11,"minecraft:bone":51,"minecraft:apple":1,"clutter:small_yellow_lupine":1,"minecraft:wheat_seeds":3,"minecraft:iron_ingot":3,"minecraft:cobweb":22,"minecraft:bamboo":2,"minecraft:polished_andesite_slab":4,"naturalist:snail_shell":1,"minecraft:oak_planks":22,"minecraft:book":121,"minecraft:dark_oak_slab":6,"minecraft:birch_boat":1,"clutter:small_red_lupine":1,"minecraft:poisonous_potato":2,"iceandfire:shiny_scales":9,"minecraft:spruce_sapling":2,"minecraft:granite_slab":33,"minecraft:spruce_log":14,"minecraft:dark_oak_log":6,"travelersbackpack:standard":17,"minecraft:polished_andesite":108,"clutter:small_white_lupine":1,"minecraft:pumpkin_seeds":8,"minecraft:slime_ball":1,"minecraft:chainmail_leggings":1,"spellbladenext:spelloil":1,"minecraft:iron_helmet":1,"iceandfire:raw_silver":2,"minecraft:granite":29,"minecraft:bone_meal":3,"paladins:iron_mace":1,"clutter:small_purple_lupine":2,"minecraft:emerald":5,"minecraft:coal":23,"minecraft:terracotta":17,"minecraft:oak_sapling":18,"minecraft:light_gray_carpet":3,"minecraft:dark_oak_fence":3,"minecraft:dark_oak_wood":1,"minecraft:bricks":1,"clutter:blue_lupine":1,"minecraft:andesite_slab":10},"minecraft:broken":{"minecraft:iron_shovel":1,"rogues:warrior_armor_head":1,"paladins:paladin_armor_chest":1,"rogues:rogue_armor_legs":1,"minecraft:chainmail_helmet":1,"minecraft:wooden_pickaxe":4,"minecraft:iron_pickaxe":5,"wizards:wizard_robe_feet":1,"paladins:paladin_armor_legs":1},"minecraft:dropped":{"minecraft:wheat_seeds":2,"minecraft:birch_planks":4,"naturalist:snail_shell":1,"minecraft:mossy_cobblestone":1,"paladins:iron_mace":1,"minecraft:poisonous_potato":2,"minecraft:feather":2,"minecraft:lantern":1,"minecraft:iron_horse_armor":1,"clutter:small_purple_lupine":2,"minecraft:spruce_stairs":6,"minecraft:red_mushroom":2,"minecraft:coal":1,"minecraft:cobweb":11,"minecraft:dirt":25,"clutter:small_red_lupine":1,"minecraft:dark_oak_log":4,"minecraft:dark_oak_fence":2,"clutter:small_white_lupine":1,"minecraft:gold_nugget":38,"minecraft:granite_slab":19,"minecraft:phantom_membrane":1,"clutter:yellow_lupine":1,"minecraft:chainmail_leggings":1,"minecraft:string":9,"minecraft:white_wool":2,"minecraft:red_glazed_terracotta":1,"minecraft:furnace":1,"clutter:small_blue_lupine":1,"clutter:red_lupine":2,"minecraft:andesite_slab":10,"minecraft:wheat":2,"minecraft:birch_sapling":2,"minecraft:rotten_flesh":7,"universal_graves:grave_compass":2,"minecraft:oak_planks":4,"minecraft:light_gray_carpet":2,"minecraft:pumpkin_seeds":8,"minecraft:chainmail_chestplate":1,"minecraft:filled_map":6,"minecraft:poppy":3,"supplementaries:flax_seeds":3,"iceandfire:ghost_chest":1,"minecraft:spruce_planks":3,"minecraft:skeleton_skull":3,"minecraft:beetroot_seeds":1,"doggytalents:rice_grains":2,"clutter:small_yellow_lupine":1,"minecraft:wooden_pickaxe":1},"minecraft:killed_by":{"iceandfire:siren":1,"iceandfire:ice_dragon":3,"minecraft:skeleton":1,"minecraft:vex":4},"minecraft:custom":{"minecraft:mob_kills":63,"minecraft:interact_with_crafting_table":30,"minecraft:open_barrel":16,"minecraft:damage_dealt_resisted":1097,"minecraft:leave_game":10,"minecraft:time_since_death":97164,"minecraft:climb_one_cm":35293,"minecraft:sprint_one_cm":551912,"minecraft:walk_one_cm":914387,"minecraft:damage_blocked_by_shield":804,"minecraft:drop":67,"minecraft:talked_to_villager":1,"minecraft:play_time":350193,"minecraft:sneak_time":19026,"minecraft:deaths":10,"minecraft:walk_under_water_one_cm":53343,"minecraft:boat_one_cm":573394,"minecraft:jump":4294,"minecraft:interact_with_brewingstand":1,"minecraft:walk_on_water_one_cm":58874,"minecraft:total_world_time":350193,"minecraft:interact_with_furnace":6,"minecraft:sleep_in_bed":13,"minecraft:hex":0,"minecraft:time_since_rest":49981,"minecraft:damage_taken":7547,"minecraft:damage_absorbed":4043,"minecraft:trigger_trapped_chest":4,"minecraft:damage_dealt":14893,"minecraft:swim_one_cm":303925,"minecraft:fly_one_cm":612914,"minecraft:open_chest":83,"minecraft:crouch_one_cm":52766,"minecraft:fall_one_cm":70493,"minecraft:inspect_dispenser":1},"minecraft:killed":{"illagerinvasion:archivist":2,"minecraft:vex":1,"minecraft:vindicator":4,"illagerinvasion:basher":2,"naturalist:boar":5,"minecraft:phantom":2,"creeperoverhaul:bamboo_creeper":1,"naturalist:snail":2,"naturalist:coral_snake":1,"minecraft:skeleton":6,"iceandfire:siren":4,"minecraft:chicken":1,"naturalist:bass":13,"illagerinvasion:provoker":3,"minecraft:illusioner":2,"whisperwoods:hidebehind":1,"graveyard:ghoul":1,"majruszsdifficulty:cursed_armor":2,"whisperwoods:zotzpyre":1,"minecraft:sheep":1,"minecraft:zombie":1,"iceandfire:ghost":4,"illagerinvasion:sorcerer":1,"naturalist:sparrow":1},"minecraft:used":{"minecraft:beetroot":8,"minecraft:iron_shovel":950,"minecraft:ladder":22,"minecraft:poppy":1,"minecraft:diamond_hoe":5,"minecraft:chest":11,"minecraft:spruce_planks":8,"minecraft:shield":7,"minecraft:torch":5,"minecraft:dirt":46,"minecraft:granite":27,"minecraft:spruce_boat":1,"minecraft:iron_axe":246,"minecraft:dark_oak_slab":5,"supplementaries:pancake":8,"minecraft:golden_carrot":2,"minecraft:furnace":1,"minecraft:potato":49,"naturalist:bass":11,"minecraft:birch_planks":21,"minecraft:polished_andesite":108,"minecraft:baked_potato":5,"minecraft:oak_planks":37,"minecraft:birch_boat":3,"minecraft:wooden_pickaxe":236,"rogues:iron_double_axe":72,"minecraft:golden_apple":4,"minecraft:terracotta":17,"minecraft:crafting_table":11,"paladins:iron_mace":193,"minecraft:crossbow":14,"minecraft:cod":12,"minecraft:bread":49,"minecraft:chicken":1,"minecraft:melon_slice":65,"minecraft:iron_pickaxe":1376,"minecraft:polished_granite":13,"minecraft:polished_andesite_slab":2,"minecraft:granite_slab":14,"minecraft:cobblestone":1,"travelersbackpack:standard":34,"minecraft:stripped_crimson_hyphae":5,"minecraft:porkchop":10,"minecraft:dark_oak_fence":1,"minecraft:bone_meal":113},"minecraft:crafted":{"minecraft:oak_planks":280,"minecraft:diamond_hoe":1,"minecraft:birch_boat":2,"minecraft:furnace":1,"minecraft:bone_meal":192,"minecraft:iron_boots":1,"minecraft:iron_axe":2,"minecraft:ladder":57,"minecraft:chest":10,"minecraft:spruce_boat":1,"minecraft:dark_oak_planks":8,"minecraft:crafting_table":5,"minecraft:spruce_planks":32,"minecraft:baked_potato":64,"minecraft:wooden_pickaxe":4,"minecraft:iron_helmet":1,"minecraft:birch_planks":44,"minecraft:air":0,"minecraft:bread":9,"minecraft:diamond_pickaxe":1,"minecraft:iron_chestplate":1,"minecraft:shield":1,"minecraft:stick":164,"minecraft:iron_pickaxe":10,"minecraft:iron_shovel":6}},"DataVersion":3465}