{"stats":{"minecraft:mined":{"minecraft:dark_oak_planks":8,"clutter:small_purple_lupine":2,"minecraft:spruce_planks":27,"clutter:red_lupine":2,"minecraft:mossy_cobblestone":2,"minecraft:dark_oak_leaves":8,"minecraft:dark_oak_log":4,"minecraft:brewing_stand":2,"minecraft:granite":30,"minecraft:dark_oak_fence":3,"minecraft:stripped_crimson_hyphae":5,"minecraft:grass_block":16,"minecraft:polished_andesite_slab":3,"minecraft:spruce_leaves":21,"clutter:small_red_lupine":1,"minecraft:spawner":7,"minecraft:furnace":1,"minecraft:fire":10,"minecraft:granite_slab":18,"clutter:small_yellow_lupine":1,"minecraft:bookshelf":40,"minecraft:water_cauldron":1,"minecraft:vine":5,"minecraft:potted_cornflower":1,"minecraft:stone":25,"minecraft:podzol":5,"minecraft:light_gray_carpet":1,"clutter:small_white_lupine":1,"minecraft:polished_granite":13,"travelersbackpack:standard":13,"minecraft:crafting_table":7,"minecraft:torch":1,"minecraft:dark_oak_wood":1,"minecraft:melon":14,"minecraft:chest":1,"minecraft:andesite_slab":5,"minecraft:mushroom_stem":2,"minecraft:cobblestone":6,"minecraft:red_glazed_terracotta":1,"minecraft:sugar_cane":4,"minecraft:oak_planks":20,"minecraft:wall_torch":1,"clutter:small_blue_lupine":1,"minecraft:skeleton_skull":1,"minecraft:spruce_stairs":6,"minecraft:birch_planks":1,"minecraft:dark_oak_slab":4,"minecraft:cobblestone_wall":2,"minecraft:birch_log":5,"minecraft:spruce_log":14,"clutter:yellow_lupine":1,"minecraft:birch_leaves":43,"minecraft:grass":4,"minecraft:coal_ore":1,"minecraft:oak_log":6,"clutter:blue_lupine":1,"minecraft:dirt":24,"supplementaries:pancake":1,"minecraft:terracotta":17,"minecraft:red_mushroom_block":8,"minecraft:polished_andesite":118,"clutter:small_magenta_lupine":1,"minecraft:oak_leaves":26},"minecraft:picked_up":{"minecraft:crafting_table":7,"minecraft:wheat":2,"minecraft:chicken":1,"minecraft:flower_pot":1,"minecraft:wooden_pickaxe":1,"minecraft:enchanted_book":1,"minecraft:potion":2,"minecraft:brewing_stand":2,"extraspellattributes:goldquartzamulet":1,"minecraft:cornflower":1,"minecraft:string":8,"minecraft:iron_axe":2,"dungeonnowloading:spawner_fragment":31,"minecraft:spruce_planks":27,"minecraft:iron_nugget":9,"minecraft:chest":1,"minecraft:melon_slice":65,"minecraft:sugar_cane":10,"minecraft:birch_sapling":2,"minecraft:phantom_membrane":1,"minecraft:furnace":1,"minecraft:dark_oak_sapling":1,"minecraft:stripped_crimson_hyphae":5,"minecraft:stick":2,"clutter:red_lupine":2,"minecraft:torch":5,"minecraft:spruce_stairs":6,"minecraft:porkchop":10,"clutter:small_blue_lupine":1,"minecraft:cauldron":1,"minecraft:dark_oak_planks":8,"minecraft:rotten_flesh":2,"minecraft:arrow":10,"minecraft:beetroot_seeds":2,"minecraft:saddle":1,"minecraft:gold_ingot":14,"minecraft:mutton":1,"minecraft:cod":12,"minecraft:skeleton_skull":2,"minecraft:white_wool":2,"minecraft:cobblestone":7,"minecraft:birch_log":5,"minecraft:feather":2,"minecraft:leather":3,"minecraft:red_glazed_terracotta":1,"minecraft:red_mushroom":2,"minecraft:birch_planks":1,"minecraft:filled_map":1,"doggytalents:rice_grains":1,"clutter:yellow_lupine":1,"minecraft:oak_log":8,"supplementaries:flax_seeds":6,"minecraft:dirt":81,"minecraft:lantern":1,"minecraft:polished_granite":13,"minecraft:name_tag":1,"naturalist:bass":11,"minecraft:bone":19,"clutter:small_yellow_lupine":1,"minecraft:bamboo":2,"minecraft:polished_andesite_slab":4,"naturalist:snail_shell":1,"minecraft:oak_planks":22,"minecraft:book":121,"minecraft:dark_oak_slab":6,"clutter:small_red_lupine":1,"iceandfire:shiny_scales":4,"minecraft:spruce_sapling":2,"minecraft:granite_slab":33,"minecraft:spruce_log":14,"minecraft:dark_oak_log":6,"travelersbackpack:standard":13,"minecraft:polished_andesite":108,"clutter:small_white_lupine":1,"minecraft:pumpkin_seeds":8,"minecraft:slime_ball":1,"spellbladenext:spelloil":1,"minecraft:iron_helmet":1,"minecraft:granite":27,"minecraft:bone_meal":3,"paladins:iron_mace":1,"clutter:small_purple_lupine":2,"minecraft:emerald":5,"minecraft:coal":1,"minecraft:terracotta":17,"minecraft:oak_sapling":2,"minecraft:light_gray_carpet":3,"minecraft:dark_oak_fence":3,"minecraft:dark_oak_wood":1,"minecraft:bricks":1,"clutter:blue_lupine":1,"minecraft:andesite_slab":10},"minecraft:broken":{"rogues:warrior_armor_head":1,"paladins:paladin_armor_chest":1,"minecraft:chainmail_helmet":1,"minecraft:wooden_pickaxe":4,"wizards:wizard_robe_feet":1,"paladins:paladin_armor_legs":1},"minecraft:dropped":{"naturalist:snail_shell":1,"minecraft:mossy_cobblestone":1,"paladins:iron_mace":1,"minecraft:feather":2,"minecraft:lantern":1,"minecraft:iron_horse_armor":1,"minecraft:spruce_stairs":6,"minecraft:coal":1,"minecraft:dirt":25,"minecraft:dark_oak_log":4,"minecraft:dark_oak_fence":2,"minecraft:granite_slab":19,"minecraft:phantom_membrane":1,"minecraft:chainmail_leggings":1,"minecraft:string":9,"minecraft:white_wool":2,"minecraft:red_glazed_terracotta":1,"minecraft:furnace":1,"minecraft:andesite_slab":10,"minecraft:wheat":2,"minecraft:birch_sapling":2,"universal_graves:grave_compass":1,"minecraft:oak_planks":4,"minecraft:light_gray_carpet":2,"minecraft:pumpkin_seeds":8,"minecraft:chainmail_chestplate":1,"minecraft:filled_map":6,"supplementaries:flax_seeds":3,"minecraft:spruce_planks":3,"minecraft:skeleton_skull":2,"minecraft:wooden_pickaxe":1},"minecraft:killed_by":{"iceandfire:ice_dragon":3,"minecraft:skeleton":1,"minecraft:vex":4},"minecraft:custom":{"minecraft:mob_kills":55,"minecraft:interact_with_crafting_table":19,"minecraft:open_barrel":16,"minecraft:damage_dealt_resisted":1097,"minecraft:leave_game":10,"minecraft:time_since_death":15174,"minecraft:climb_one_cm":29313,"minecraft:sprint_one_cm":500402,"minecraft:walk_one_cm":585852,"minecraft:damage_blocked_by_shield":804,"minecraft:drop":44,"minecraft:talked_to_villager":1,"minecraft:play_time":248193,"minecraft:sneak_time":16648,"minecraft:deaths":9,"minecraft:walk_under_water_one_cm":46330,"minecraft:jump":3873,"minecraft:interact_with_brewingstand":1,"minecraft:walk_on_water_one_cm":47110,"minecraft:total_world_time":248193,"minecraft:interact_with_furnace":1,"minecraft:sleep_in_bed":10,"minecraft:hex":0,"minecraft:time_since_rest":5561,"minecraft:damage_taken":6794,"minecraft:damage_absorbed":3413,"minecraft:damage_dealt":11726,"minecraft:swim_one_cm":291846,"minecraft:fly_one_cm":530706,"minecraft:open_chest":65,"minecraft:crouch_one_cm":48074,"minecraft:fall_one_cm":64882,"minecraft:inspect_dispenser":1},"minecraft:killed":{"illagerinvasion:archivist":2,"minecraft:vex":1,"minecraft:vindicator":4,"illagerinvasion:basher":2,"naturalist:boar":5,"minecraft:phantom":2,"creeperoverhaul:bamboo_creeper":1,"naturalist:snail":2,"naturalist:coral_snake":1,"minecraft:skeleton":5,"iceandfire:siren":1,"minecraft:chicken":1,"naturalist:bass":13,"illagerinvasion:provoker":3,"minecraft:illusioner":2,"whisperwoods:hidebehind":1,"graveyard:ghoul":1,"majruszsdifficulty:cursed_armor":2,"whisperwoods:zotzpyre":1,"minecraft:sheep":1,"minecraft:zombie":1,"illagerinvasion:sorcerer":1,"naturalist:sparrow":1},"minecraft:used":{"minecraft:beetroot":8,"minecraft:spruce_planks":8,"minecraft:shield":7,"minecraft:torch":5,"minecraft:dirt":32,"minecraft:granite":27,"minecraft:iron_axe":81,"minecraft:dark_oak_slab":5,"supplementaries:pancake":8,"minecraft:golden_carrot":2,"naturalist:bass":11,"minecraft:birch_planks":21,"minecraft:polished_andesite":108,"minecraft:oak_planks":37,"minecraft:wooden_pickaxe":236,"rogues:iron_double_axe":72,"minecraft:golden_apple":3,"minecraft:terracotta":17,"minecraft:crafting_table":8,"paladins:iron_mace":152,"minecraft:crossbow":12,"minecraft:cod":3,"minecraft:bread":49,"minecraft:chicken":1,"minecraft:melon_slice":65,"minecraft:iron_pickaxe":53,"minecraft:polished_granite":13,"minecraft:polished_andesite_slab":2,"minecraft:granite_slab":14,"minecraft:cobblestone":1,"travelersbackpack:standard":28,"minecraft:stripped_crimson_hyphae":5,"minecraft:porkchop":10,"minecraft:dark_oak_fence":1},"minecraft:crafted":{"minecraft:oak_planks":24,"minecraft:iron_boots":1,"minecraft:iron_axe":1,"minecraft:spruce_boat":1,"minecraft:dark_oak_planks":8,"minecraft:crafting_table":2,"minecraft:spruce_planks":8,"minecraft:wooden_pickaxe":4,"minecraft:iron_helmet":1,"minecraft:birch_planks":20,"minecraft:bread":9,"minecraft:iron_chestplate":1,"minecraft:shield":1,"minecraft:stick":16,"minecraft:iron_pickaxe":1}},"DataVersion":3465}