{"stats":{"minecraft:mined":{"minecraft:dark_oak_planks":1,"clutter:small_purple_lupine":2,"minecraft:spruce_planks":27,"clutter:red_lupine":2,"minecraft:mossy_cobblestone":2,"minecraft:dark_oak_log":2,"minecraft:brewing_stand":1,"minecraft:granite":30,"minecraft:dark_oak_fence":3,"minecraft:stripped_crimson_hyphae":5,"minecraft:grass_block":4,"minecraft:polished_andesite_slab":3,"clutter:small_red_lupine":1,"minecraft:spawner":7,"minecraft:furnace":1,"minecraft:fire":10,"minecraft:granite_slab":18,"clutter:small_yellow_lupine":1,"minecraft:bookshelf":40,"minecraft:water_cauldron":1,"minecraft:vine":5,"minecraft:potted_cornflower":1,"minecraft:stone":23,"minecraft:podzol":3,"minecraft:light_gray_carpet":1,"clutter:small_white_lupine":1,"travelersbackpack:standard":8,"minecraft:polished_granite":13,"minecraft:crafting_table":6,"minecraft:torch":1,"minecraft:dark_oak_wood":1,"minecraft:melon":14,"minecraft:chest":1,"minecraft:andesite_slab":5,"minecraft:red_glazed_terracotta":1,"minecraft:oak_planks":20,"clutter:small_blue_lupine":1,"minecraft:wall_torch":1,"minecraft:skeleton_skull":1,"minecraft:spruce_stairs":6,"minecraft:birch_planks":1,"minecraft:dark_oak_slab":3,"minecraft:birch_log":5,"clutter:yellow_lupine":1,"minecraft:birch_leaves":42,"minecraft:grass":4,"minecraft:oak_log":6,"clutter:blue_lupine":1,"minecraft:dirt":11,"supplementaries:pancake":1,"minecraft:terracotta":17,"minecraft:polished_andesite":118,"clutter:small_magenta_lupine":1,"minecraft:oak_leaves":23},"minecraft:picked_up":{"minecraft:crafting_table":6,"minecraft:wheat":2,"minecraft:chicken":1,"minecraft:flower_pot":1,"minecraft:wooden_pickaxe":1,"minecraft:potion":2,"minecraft:enchanted_book":1,"minecraft:brewing_stand":1,"extraspellattributes:goldquartzamulet":1,"minecraft:cornflower":1,"minecraft:string":8,"dungeonnowloading:spawner_fragment":31,"minecraft:spruce_planks":27,"minecraft:iron_nugget":9,"minecraft:melon_slice":65,"minecraft:chest":1,"minecraft:birch_sapling":2,"minecraft:furnace":1,"minecraft:phantom_membrane":1,"minecraft:stick":2,"minecraft:stripped_crimson_hyphae":5,"clutter:red_lupine":2,"minecraft:torch":5,"minecraft:spruce_stairs":6,"minecraft:porkchop":5,"clutter:small_blue_lupine":1,"minecraft:cauldron":1,"minecraft:dark_oak_planks":1,"minecraft:arrow":8,"minecraft:beetroot_seeds":2,"minecraft:saddle":1,"minecraft:gold_ingot":14,"minecraft:skeleton_skull":2,"minecraft:cobblestone":1,"minecraft:birch_log":5,"minecraft:feather":1,"minecraft:leather":2,"minecraft:red_glazed_terracotta":1,"minecraft:birch_planks":1,"minecraft:filled_map":1,"doggytalents:rice_grains":1,"clutter:yellow_lupine":1,"minecraft:oak_log":6,"supplementaries:flax_seeds":6,"minecraft:dirt":7,"minecraft:lantern":1,"minecraft:polished_granite":13,"minecraft:name_tag":1,"naturalist:bass":11,"minecraft:bone":19,"clutter:small_yellow_lupine":1,"minecraft:bamboo":2,"minecraft:polished_andesite_slab":4,"naturalist:snail_shell":1,"minecraft:oak_planks":22,"minecraft:book":120,"minecraft:dark_oak_slab":5,"clutter:small_red_lupine":1,"iceandfire:shiny_scales":4,"minecraft:granite_slab":33,"minecraft:dark_oak_log":2,"travelersbackpack:standard":8,"clutter:small_white_lupine":1,"minecraft:polished_andesite":108,"minecraft:pumpkin_seeds":8,"minecraft:slime_ball":1,"minecraft:iron_helmet":1,"spellbladenext:spelloil":1,"minecraft:granite":27,"paladins:iron_mace":1,"clutter:small_purple_lupine":2,"minecraft:emerald":5,"minecraft:light_gray_carpet":2,"minecraft:terracotta":17,"minecraft:andesite_slab":10,"minecraft:oak_sapling":2,"minecraft:dark_oak_wood":1,"minecraft:dark_oak_fence":3,"minecraft:bricks":1,"clutter:blue_lupine":1},"minecraft:broken":{"rogues:warrior_armor_head":1,"minecraft:chainmail_helmet":1,"minecraft:wooden_pickaxe":4,"wizards:wizard_robe_feet":1,"paladins:paladin_armor_legs":1},"minecraft:dropped":{"minecraft:mossy_cobblestone":1,"paladins:iron_mace":1,"minecraft:iron_horse_armor":1,"minecraft:spruce_stairs":6,"minecraft:dark_oak_fence":2,"minecraft:granite_slab":19,"minecraft:phantom_membrane":1,"minecraft:chainmail_leggings":1,"minecraft:string":9,"minecraft:red_glazed_terracotta":1,"minecraft:andesite_slab":10,"minecraft:birch_sapling":2,"minecraft:wheat":2,"minecraft:oak_planks":4,"minecraft:light_gray_carpet":1,"minecraft:pumpkin_seeds":8,"minecraft:chainmail_chestplate":1,"minecraft:filled_map":5,"supplementaries:flax_seeds":3,"minecraft:skeleton_skull":2,"minecraft:wooden_pickaxe":1},"minecraft:killed_by":{"iceandfire:ice_dragon":1,"minecraft:skeleton":1,"minecraft:vex":4},"minecraft:custom":{"minecraft:mob_kills":42,"minecraft:interact_with_crafting_table":10,"minecraft:open_barrel":16,"minecraft:damage_dealt_resisted":1097,"minecraft:leave_game":9,"minecraft:time_since_death":3795,"minecraft:climb_one_cm":26710,"minecraft:sprint_one_cm":403894,"minecraft:walk_one_cm":465710,"minecraft:drop":28,"minecraft:talked_to_villager":1,"minecraft:play_time":194819,"minecraft:deaths":7,"minecraft:sneak_time":15877,"minecraft:walk_under_water_one_cm":33742,"minecraft:jump":3021,"minecraft:walk_on_water_one_cm":29216,"minecraft:total_world_time":194819,"minecraft:interact_with_furnace":1,"minecraft:sleep_in_bed":7,"minecraft:hex":0,"minecraft:time_since_rest":3857,"minecraft:damage_taken":5854,"minecraft:damage_absorbed":2342,"minecraft:damage_dealt":8942,"minecraft:swim_one_cm":97785,"minecraft:fly_one_cm":403784,"minecraft:open_chest":55,"minecraft:crouch_one_cm":47311,"minecraft:fall_one_cm":57476,"minecraft:inspect_dispenser":1},"minecraft:killed":{"illagerinvasion:archivist":1,"minecraft:vex":1,"minecraft:vindicator":2,"illagerinvasion:basher":2,"naturalist:boar":2,"minecraft:phantom":2,"creeperoverhaul:bamboo_creeper":1,"naturalist:snail":2,"naturalist:coral_snake":1,"minecraft:skeleton":5,"iceandfire:siren":1,"minecraft:chicken":1,"naturalist:bass":13,"illagerinvasion:provoker":2,"minecraft:illusioner":1,"whisperwoods:hidebehind":1,"majruszsdifficulty:cursed_armor":2,"whisperwoods:zotzpyre":1,"naturalist:sparrow":1},"minecraft:used":{"minecraft:spruce_planks":8,"minecraft:torch":5,"minecraft:dirt":6,"minecraft:granite":27,"minecraft:iron_axe":44,"minecraft:dark_oak_slab":5,"supplementaries:pancake":8,"minecraft:golden_carrot":2,"naturalist:bass":6,"minecraft:birch_planks":21,"minecraft:polished_andesite":108,"minecraft:oak_planks":37,"minecraft:wooden_pickaxe":236,"rogues:iron_double_axe":72,"minecraft:golden_apple":3,"minecraft:terracotta":17,"minecraft:crafting_table":6,"paladins:iron_mace":108,"minecraft:crossbow":12,"minecraft:bread":44,"minecraft:chicken":1,"minecraft:melon_slice":65,"minecraft:iron_pickaxe":39,"minecraft:polished_granite":13,"minecraft:polished_andesite_slab":2,"minecraft:granite_slab":14,"minecraft:cobblestone":1,"travelersbackpack:standard":18,"minecraft:stripped_crimson_hyphae":5,"minecraft:porkchop":5,"minecraft:dark_oak_fence":1},"minecraft:crafted":{"minecraft:oak_planks":24,"minecraft:iron_axe":1,"minecraft:dark_oak_planks":8,"minecraft:crafting_table":2,"minecraft:wooden_pickaxe":4,"minecraft:birch_planks":20,"minecraft:bread":4,"minecraft:stick":16,"minecraft:iron_pickaxe":1}},"DataVersion":3465}