{"stats":{"minecraft:mined":{"minecraft:skeleton_skull":1,"minecraft:spruce_stairs":6,"minecraft:spruce_planks":5,"minecraft:fire":10,"minecraft:birch_leaves":2,"minecraft:granite_slab":4,"minecraft:crafting_table":1,"minecraft:dark_oak_fence":1,"minecraft:grass_block":1,"minecraft:oak_log":6,"minecraft:chest":1,"minecraft:polished_andesite":2,"minecraft:oak_planks":17},"minecraft:picked_up":{"minecraft:crafting_table":1,"minecraft:wheat":2,"minecraft:spruce_stairs":6,"minecraft:filled_map":1,"minecraft:enchanted_book":1,"minecraft:oak_log":6,"minecraft:granite_slab":8,"supplementaries:flax_seeds":3,"extraspellattributes:goldquartzamulet":1,"minecraft:dirt":1,"minecraft:string":8,"minecraft:name_tag":1,"minecraft:arrow":4,"minecraft:polished_andesite":4,"minecraft:pumpkin_seeds":8,"minecraft:bone":12,"minecraft:spruce_planks":5,"spellbladenext:spelloil":1,"minecraft:iron_helmet":1,"minecraft:saddle":1,"minecraft:gold_ingot":14,"minecraft:oak_sapling":1,"minecraft:dark_oak_fence":1,"minecraft:chest":1,"minecraft:oak_planks":17,"minecraft:bricks":1,"minecraft:phantom_membrane":1,"minecraft:skeleton_skull":2},"minecraft:crafted":{"minecraft:oak_planks":24,"minecraft:stick":4,"minecraft:wooden_pickaxe":1},"minecraft:custom":{"minecraft:time_since_rest":29438,"minecraft:sprint_one_cm":64501,"minecraft:damage_taken":1646,"minecraft:walk_one_cm":120026,"minecraft:mob_kills":8,"minecraft:damage_dealt":3238,"minecraft:interact_with_crafting_table":1,"minecraft:swim_one_cm":12160,"minecraft:fly_one_cm":38112,"minecraft:open_barrel":7,"minecraft:open_chest":6,"minecraft:crouch_one_cm":1244,"minecraft:play_time":39537,"minecraft:deaths":1,"minecraft:sneak_time":224,"minecraft:walk_under_water_one_cm":1189,"minecraft:jump":323,"minecraft:leave_game":1,"minecraft:walk_on_water_one_cm":2037,"minecraft:time_since_death":29389,"minecraft:total_world_time":39537,"minecraft:climb_one_cm":3243,"minecraft:hex":0,"minecraft:fall_one_cm":10316},"minecraft:used":{"minecraft:bread":25,"minecraft:oak_planks":36,"minecraft:spruce_planks":5,"minecraft:wooden_pickaxe":6,"rogues:iron_double_axe":67,"minecraft:granite_slab":7,"minecraft:dirt":1,"minecraft:crafting_table":1},"minecraft:killed":{"whisperwoods:zotzpyre":1,"minecraft:skeleton":4,"majruszsdifficulty:cursed_armor":1,"minecraft:phantom":2}},"DataVersion":3465}