{"stats":{"minecraft:killed_by":{"dungeonnowloading:spawner_carrier":1,"dungeonnowloading:hollow":1,"minecraft:skeleton":7,"minecraft:zombie":1},"minecraft:killed":{"graveyard:skeleton_creeper":1,"minecraft:spider":4,"naturalist:snail":1,"minecraft:skeleton":18,"minecraft:husk":2,"majruszsdifficulty:cursed_armor":1,"minecraft:wandering_trader":1,"minecraft:creeper":2,"minecraft:sheep":1,"minecraft:trader_llama":1,"minecraft:zombie":31,"iceandfire:ghost":2,"minecraft:stray":1,"iceandfire:pixie":2,"minecraft:cow":3},"minecraft:used":{"minecraft:stone_sword":118,"minecraft:chest":3,"minecraft:spruce_planks":26,"minecraft:shield":15,"minecraft:cooked_salmon":2,"minecraft:iron_chestplate":1,"minecraft:torch":116,"minecraft:dirt":9,"minecraft:jungle_planks":8,"naturalist:cooked_bass":3,"minecraft:granite":6,"minecraft:honey_bottle":12,"minecraft:dark_oak_planks":1,"minecraft:grass_block":2,"minecraft:iron_axe":78,"minecraft:cherry_leaves":1343,"minecraft:barrel":5,"minecraft:golden_carrot":3,"minecraft:beef":5,"minecraft:furnace":5,"minecraft:cooked_cod":8,"minecraft:water_bucket":1,"minecraft:diorite":3,"assortedtools:silver_spear":111,"minecraft:birch_planks":26,"minecraft:stone_pickaxe":147,"minecraft:oak_planks":19,"minecraft:ender_pearl":1,"minecraft:wooden_pickaxe":143,"minecraft:jungle_boat":2,"minecraft:oak_leaves":7,"minecraft:white_wool":14,"travelersbackpack:blue_sleeping_bag":4,"minecraft:crafting_table":10,"minecraft:cod":3,"minecraft:oak_log":3,"minecraft:diamond_shovel":3,"minecraft:bread":34,"minecraft:iron_pickaxe":540,"minecraft:netherite_axe":4,"minecraft:flowering_azalea_leaves":5,"minecraft:stone_axe":9,"minecraft:cobblestone":412,"travelersbackpack:standard":7,"minecraft:smithing_table":2,"minecraft:bucket":2,"minecraft:andesite":22},"minecraft:dropped":{"minecraft:iron_ingot":31,"minecraft:bread":16,"minecraft:birch_planks":14,"minecraft:mossy_cobblestone":1,"minecraft:glass_bottle":10,"clutter:copper_coin":16,"minecraft:cobblestone":14,"minecraft:book":2,"minecraft:granite":4,"minecraft:iron_horse_armor":1,"travelersbackpack:standard":3,"minecraft:polished_andesite":2,"minecraft:stick":12,"minecraft:dirt":9,"minecraft:golden_carrot":3,"minecraft:leather_horse_armor":1,"minecraft:smooth_stone":4,"minecraft:iron_shovel":1,"minecraft:trapped_chest":1,"minecraft:white_wool":1,"minecraft:spruce_sapling":2,"minecraft:gold_ingot":24,"minecraft:furnace":2,"minecraft:stone_axe":1,"minecraft:cobbled_deepslate":1,"minecraft:raw_copper":48,"minecraft:wheat":15,"minecraft:raw_iron":64,"minecraft:gunpowder":1,"minecraft:spruce_planks":4,"minecraft:andesite":5,"minecraft:mossy_stone_bricks":10,"minecraft:stone_bricks":6,"doggytalents:rice_grains":1,"minecraft:wooden_pickaxe":1,"minecraft:raw_gold":1},"minecraft:crafted":{"minecraft:oak_planks":20,"iceandfire:dragon_stick":1,"minecraft:furnace":5,"iceandfire:dragon_flute":1,"naturalist:cooked_bass":3,"travelersbackpack:blank_upgrade":4,"travelersbackpack:gold_tier_upgrade":1,"minecraft:glass":38,"minecraft:stone_pickaxe":2,"minecraft:chest":8,"minecraft:birch_button":8,"minecraft:wheat":126,"minecraft:cooked_cod":8,"travelersbackpack:iron_tier_upgrade":1,"minecraft:crafting_table":9,"minecraft:jungle_boat":1,"minecraft:spruce_planks":80,"travelersbackpack:standard":3,"travelersbackpack:backpack_tank":6,"minecraft:wooden_pickaxe":3,"minecraft:smithing_table":1,"minecraft:copper_ingot":60,"minecraft:bucket":1,"minecraft:birch_planks":88,"travelersbackpack:blue_sleeping_bag":2,"minecraft:stone_axe":1,"minecraft:bread":46,"minecraft:air":0,"minecraft:jungle_planks":28,"minecraft:blue_dye":4,"minecraft:iron_chestplate":1,"minecraft:shield":1,"minecraft:stick":76,"minecraft:iron_ingot":92,"minecraft:iron_pickaxe":3,"minecraft:stone_sword":1,"minecraft:blue_wool":4,"minecraft:gold_ingot":28,"iceandfire:dragon_horn":1,"minecraft:torch":100,"minecraft:shears":1},"minecraft:broken":{"minecraft:stone_sword":1,"minecraft:wooden_pickaxe":2,"minecraft:stone_pickaxe":2,"minecraft:iron_pickaxe":2},"minecraft:mined":{"minecraft:dark_oak_planks":7,"minecraft:spruce_planks":6,"minecraft:mossy_cobblestone":2,"minecraft:deepslate_diamond_ore":1,"minecraft:sculk_vein":2,"minecraft:jungle_leaves":2,"travelersbackpack:blue_sleeping_bag":1,"minecraft:granite":22,"minecraft:grass_block":6,"minecraft:decorated_pot":2,"minecraft:white_stained_glass":1,"clutter:deepslate_silver_ore":6,"minecraft:jungle_log":7,"dungeonnowloading:book_pile":1,"minecraft:redstone_wire":8,"minecraft:spruce_leaves":4,"minecraft:potted_bamboo":1,"minecraft:cartography_table":1,"minecraft:hay_block":14,"minecraft:smooth_stone":14,"minecraft:redstone_ore":6,"minecraft:furnace":2,"minecraft:fire":21,"minecraft:iron_ore":67,"minecraft:barrel":11,"minecraft:andesite":26,"minecraft:deepslate_lapis_ore":5,"minecraft:anvil":1,"minecraft:bookshelf":21,"minecraft:deepslate_iron_ore":30,"minecraft:lantern":2,"minecraft:stone":308,"minecraft:white_wool":8,"minecraft:green_bed":1,"minecraft:smithing_table":1,"minecraft:redstone_block":2,"minecraft:comparator":2,"dungeonnowloading:mossy_cobblestone_pebbles":1,"travelersbackpack:standard":1,"minecraft:cobbled_deepslate_wall":1,"minecraft:crafting_table":1,"dungeonnowloading:dungeon_wall_torch":1,"minecraft:torch":13,"iceandfire:ghost_chest":1,"minecraft:chest":1,"minecraft:copper_ore":9,"minecraft:cobblestone":109,"minecraft:deepslate_coal_ore":14,"minecraft:oak_planks":1,"minecraft:lapis_ore":4,"minecraft:bricks":4,"minecraft:damaged_anvil":1,"minecraft:diorite":4,"minecraft:wall_torch":5,"minecraft:skeleton_skull":1,"supplementaries:urn":5,"minecraft:birch_planks":3,"minecraft:birch_log":22,"minecraft:spruce_log":20,"minecraft:jukebox":1,"minecraft:birch_leaves":1,"minecraft:oak_log":5,"minecraft:tnt":1,"minecraft:smooth_stone_slab":1,"minecraft:grass":9,"dungeonnowloading:explosive_barrel":1,"minecraft:coal_ore":23,"minecraft:cocoa":1,"minecraft:flower_pot":3,"minecraft:gravel":1,"minecraft:sand":3,"minecraft:dirt":25,"minecraft:polished_andesite":3,"minecraft:stone_bricks":16,"minecraft:mossy_stone_bricks":16,"minecraft:gold_ore":13,"minecraft:oak_leaves":4,"minecraft:deepslate":58,"minecraft:fern":1},"minecraft:picked_up":{"iceandfire:dragon_skull_lightning":1,"minecraft:cocoa_beans":3,"minecraft:crafting_table":1,"minecraft:wheat":27,"minecraft:azure_bluet":1,"minecraft:redstone_block":2,"minecraft:ladder":1,"minecraft:flower_pot":2,"minecraft:anvil":1,"minecraft:smithing_table":1,"minecraft:lead":1,"minecraft:brick":8,"minecraft:cornflower":1,"minecraft:string":4,"minecraft:raw_copper":57,"minecraft:cooked_salmon":1,"artifacts:power_glove":1,"minecraft:iron_leggings":1,"universal_graves:grave_compass":1,"clutter:raw_silver":17,"minecraft:comparator":2,"minecraft:cartography_table":1,"minecraft:smooth_stone":9,"minecraft:cobbled_deepslate":36,"minecraft:spruce_planks":11,"minecraft:beef":6,"dungeonnowloading:mossy_cobblestone_pebble":3,"minecraft:chest":2,"iceandfire:ghost_chest":1,"supplementaries:pancake":32,"minecraft:furnace":2,"iceandfire:pixie_dust":3,"iceandfire:dragonbone":13,"minecraft:tipped_arrow":1,"minecraft:raw_iron":106,"minecraft:torch":22,"minecraft:green_bed":1,"minecraft:diorite":4,"minecraft:redstone":35,"minecraft:dark_oak_planks":9,"minecraft:arrow":17,"minecraft:rotten_flesh":19,"minecraft:hay_block":14,"minecraft:gold_ingot":1,"assortedtools:silver_spear":1,"supplementaries:ash":16,"minecraft:leather_horse_armor":1,"minecraft:skeleton_skull":2,"minecraft:cod":11,"minecraft:white_wool":22,"minecraft:cobblestone":403,"minecraft:birch_log":22,"minecraft:jungle_boat":2,"minecraft:jungle_log":7,"minecraft:andesite":24,"minecraft:leather":6,"doggytalents:rice_grains":2,"minecraft:birch_planks":27,"minecraft:oak_log":5,"minecraft:golden_boots":1,"minecraft:gunpowder":5,"minecraft:lapis_lazuli":61,"minecraft:dirt":47,"minecraft:lantern":2,"minecraft:bone":28,"minecraft:stone_bricks":14,"minecraft:bow":1,"minecraft:wheat_seeds":2,"minecraft:raw_gold":13,"minecraft:cobweb":3,"minecraft:iron_ingot":31,"minecraft:mossy_stone_bricks":15,"minecraft:glass_bottle":9,"minecraft:bamboo":1,"minecraft:oak_planks":19,"minecraft:book":65,"minecraft:music_disc_13":1,"minecraft:dandelion":5,"minecraft:sand":38,"travelersbackpack:blue_sleeping_bag":4,"minecraft:spruce_sapling":2,"minecraft:spruce_log":26,"minecraft:spider_eye":1,"minecraft:mossy_cobblestone":2,"minecraft:trapped_chest":1,"minecraft:barrel":11,"travelersbackpack:standard":3,"minecraft:polished_andesite":4,"clutter:copper_coin":16,"minecraft:slime_ball":1,"minecraft:diamond":1,"minecraft:granite":22,"minecraft:bone_meal":1,"minecraft:damaged_anvil":1,"minecraft:bricks":4,"minecraft:coal":43},"minecraft:custom":{"minecraft:interact_with_smithing_table":8,"minecraft:mob_kills":73,"minecraft:interact_with_crafting_table":54,"goblintraders:trade_with_goblin":38,"minecraft:open_barrel":77,"minecraft:leave_game":7,"minecraft:time_since_death":49443,"minecraft:climb_one_cm":3481,"minecraft:sprint_one_cm":543032,"minecraft:walk_one_cm":474421,"minecraft:damage_blocked_by_shield":1440,"minecraft:drop":55,"minecraft:play_time":289567,"minecraft:deaths":13,"minecraft:sneak_time":28787,"minecraft:walk_under_water_one_cm":44607,"minecraft:boat_one_cm":107256,"minecraft:jump":3004,"minecraft:walk_on_water_one_cm":51389,"minecraft:total_world_time":289567,"minecraft:interact_with_furnace":45,"minecraft:sleep_in_bed":4,"minecraft:hex":0,"minecraft:time_since_rest":10830,"minecraft:damage_taken":6295,"minecraft:trigger_trapped_chest":11,"minecraft:damage_dealt":15593,"minecraft:swim_one_cm":93316,"minecraft:fly_one_cm":610931,"minecraft:open_chest":31,"minecraft:crouch_one_cm":60273,"minecraft:fall_one_cm":55520,"minecraft:horse_one_cm":5035}},"DataVersion":3465}