{"stats":{"minecraft:broken":{"minecraft:golden_helmet":1,"majruszsdifficulty:tattered_boots":1,"majruszsdifficulty:tattered_leggings":1,"minecraft:stone_pickaxe":2,"minecraft:chainmail_chestplate":1,"minecraft:wooden_axe":1,"minecraft:stone_sword":1,"archers:archer_armor_legs":1,"wizards:wizard_robe_head":1,"minecraft:chainmail_helmet":1,"minecraft:wooden_pickaxe":2,"minecraft:iron_axe":4,"majruszsdifficulty:tattered_helmet":1,"minecraft:iron_pickaxe":4,"wizards:wizard_robe_feet":1,"majruszsdifficulty:tattered_chestplate":1,"paladins:paladin_armor_legs":1},"minecraft:killed_by":{"dungeonnowloading:spawner_carrier":1,"iceandfire:siren":1,"iceandfire:sea_serpent":4,"majruszsdifficulty:cerberus":4,"minecraft:zombie":1,"minecraft:player":1,"minecraft:stray":2,"whisperwoods:zotzpyre":1,"dungeonnowloading:hollow":1,"minecraft:skeleton":9,"iceandfire:ghost":1},"minecraft:custom":{"minecraft:animals_bred":3,"minecraft:interact_with_crafting_table":139,"minecraft:open_barrel":161,"goblintraders:trade_with_goblin":42,"minecraft:eat_cake_slice":5,"minecraft:leave_game":30,"minecraft:time_since_death":48904,"minecraft:sprint_one_cm":1613659,"minecraft:damage_blocked_by_shield":1493,"minecraft:drop":121,"minecraft:talked_to_villager":3,"minecraft:play_time":1208386,"minecraft:deaths":29,"minecraft:jump":13770,"minecraft:enchant_item":8,"minecraft:walk_on_water_one_cm":156281,"minecraft:interact_with_furnace":72,"minecraft:sleep_in_bed":44,"minecraft:damage_dealt":40099,"minecraft:player_kills":6,"minecraft:crouch_one_cm":478066,"minecraft:interact_with_smoker":1,"minecraft:horse_one_cm":5035,"minecraft:interact_with_smithing_table":9,"minecraft:interact_with_anvil":9,"minecraft:mob_kills":357,"minecraft:damage_dealt_resisted":1262,"minecraft:climb_one_cm":30695,"minecraft:walk_one_cm":2771960,"minecraft:sneak_time":134555,"minecraft:walk_under_water_one_cm":137197,"minecraft:boat_one_cm":324781,"minecraft:interact_with_blast_furnace":17,"minecraft:total_world_time":1208386,"minecraft:hex":0,"minecraft:time_since_rest":2148,"minecraft:damage_taken":17950,"minecraft:damage_absorbed":2706,"minecraft:trigger_trapped_chest":13,"minecraft:swim_one_cm":292139,"minecraft:fly_one_cm":2447566,"minecraft:open_chest":872,"minecraft:fall_one_cm":154115},"minecraft:killed":{"graveyard:skeleton_creeper":2,"minecraft:spider":9,"naturalist:snail":1,"minecraft:skeleton":88,"majruszsdifficulty:creeperling":5,"minecraft:tropical_fish":4,"minecraft:wolf":2,"majruszsdifficulty:tank":10,"minecraft:creeper":2,"minecraft:sheep":1,"minecraft:trader_llama":1,"minecraft:zombie":99,"minecraft:stray":29,"iceandfire:pixie":2,"whisperwoods:moth":1,"minecraft:cow":3,"clutter:jellyfish":1,"minecraft:phantom":3,"iceandfire:siren":1,"minecraft:drowned":7,"majruszsdifficulty:cerberus":3,"minecraft:husk":30,"minecraft:wandering_trader":1,"majruszsdifficulty:cursed_armor":1,"whisperwoods:zotzpyre":3,"iceandfire:myrmex_soldier":1,"iceandfire:ghost":4,"minecraft:wither_skeleton":20,"minecraft:player":6},"minecraft:mined":{"minecraft:dark_oak_planks":305,"minecraft:stone_pressure_plate":1,"minecraft:spruce_planks":58,"minecraft:sculk_vein":2,"minecraft:jungle_leaves":2,"travelersbackpack:blue_sleeping_bag":7,"minecraft:granite":24,"minecraft:stone_brick_wall":1,"minecraft:grass_block":206,"clutter:deepslate_silver_ore":6,"minecraft:jungle_log":7,"minecraft:coal_block":54,"minecraft:composter":1,"minecraft:spawner":3,"minecraft:smooth_stone":16,"minecraft:magma_block":41,"minecraft:glowstone":122,"supplementaries:ash":56,"minecraft:cobbled_deepslate":9,"minecraft:iron_ore":105,"minecraft:barrel":13,"minecraft:fire":142,"minecraft:anvil":2,"minecraft:deepslate_lapis_ore":5,"minecraft:dark_oak_stairs":200,"minecraft:dirt_path":4,"minecraft:iron_bars":7,"minecraft:blue_orchid":1,"minecraft:iron_block":3,"minecraft:spruce_slab":9,"minecraft:green_bed":1,"archers:archers_workbench":2,"minecraft:cut_sandstone":1,"minecraft:red_bed":3,"minecraft:blackstone":26,"minecraft:kelp_plant":3,"minecraft:smoker":4,"minecraft:powder_snow":3,"dungeonnowloading:dungeon_wall_torch":1,"minecraft:torch":26,"minecraft:blast_furnace":6,"iceandfire:ghost_chest":3,"minecraft:chest":9,"minecraft:nether_quartz_ore":148,"minecraft:cobblestone":180,"minecraft:bricks":4,"minecraft:sugar_cane":19,"minecraft:oak_planks":2,"minecraft:damaged_anvil":1,"minecraft:iron_door":2,"minecraft:wall_torch":43,"minecraft:skeleton_skull":2,"minecraft:seagrass":1,"minecraft:dark_oak_slab":7,"paladins:monk_workbench":1,"minecraft:birch_log":22,"minecraft:wheat":2,"minecraft:lilac":1,"minecraft:jukebox":1,"minecraft:tnt":1,"minecraft:wither_rose":1,"minecraft:smooth_stone_slab":1,"minecraft:grass":83,"minecraft:oak_log":17,"dungeonnowloading:explosive_barrel":1,"minecraft:dark_oak_sapling":5,"minecraft:dirt":60,"minecraft:sand":5,"minecraft:netherrack":945,"minecraft:ancient_debris":17,"minecraft:oak_leaves":22,"minecraft:deepslate":58,"minecraft:nether_gold_ore":18,"iceandfire:silver_ore":1,"travelersbackpack:lapis":23,"minecraft:mossy_cobblestone":2,"minecraft:dark_oak_leaves":62,"minecraft:deepslate_diamond_ore":1,"minecraft:dark_oak_log":990,"minecraft:ladder":1,"minecraft:decorated_pot":4,"dungeonnowloading:book_pile":1,"minecraft:white_stained_glass":1,"minecraft:redstone_wire":8,"minecraft:spruce_leaves":58,"minecraft:potted_bamboo":4,"minecraft:cartography_table":1,"minecraft:kelp":1,"minecraft:hay_block":18,"minecraft:redstone_ore":6,"minecraft:spruce_sapling":3,"minecraft:furnace":9,"minecraft:carrots":1,"minecraft:snow":3,"minecraft:acacia_wood":6,"minecraft:andesite":26,"minecraft:stripped_spruce_log":1,"minecraft:bookshelf":63,"minecraft:potatoes":1,"minecraft:deepslate_iron_ore":30,"minecraft:lantern":5,"minecraft:stone":1028,"minecraft:white_wool":9,"minecraft:redstone_wall_torch":2,"minecraft:podzol":99,"minecraft:smithing_table":2,"minecraft:scaffolding":5,"minecraft:redstone_block":2,"minecraft:glass_pane":1,"minecraft:comparator":2,"minecraft:soul_sand":7,"dungeonnowloading:mossy_cobblestone_pebbles":1,"minecraft:snow_block":26,"minecraft:observer":1,"travelersbackpack:standard":5,"minecraft:oak_fence":1,"minecraft:crafting_table":2,"minecraft:cobbled_deepslate_wall":1,"minecraft:emerald_ore":9,"minecraft:campfire":4,"minecraft:copper_ore":18,"minecraft:tall_grass":6,"minecraft:deepslate_coal_ore":14,"rogues:arms_workbench":1,"minecraft:lapis_ore":4,"minecraft:diorite":4,"supplementaries:urn":5,"minecraft:spruce_stairs":1,"minecraft:birch_planks":3,"minecraft:brick_slab":1,"minecraft:beehive":3,"minecraft:redstone_torch":18,"minecraft:spruce_log":188,"minecraft:birch_leaves":20,"minecraft:dark_oak_sign":3,"minecraft:coal_ore":63,"minecraft:dark_oak_button":3,"minecraft:cocoa":1,"minecraft:zombie_head":1,"minecraft:flower_pot":3,"minecraft:gravel":324,"minecraft:cobweb":28,"minecraft:terracotta":58,"minecraft:stone_bricks":27,"minecraft:polished_andesite":3,"minecraft:mossy_stone_bricks":16,"minecraft:gold_ore":13,"minecraft:fern":1},"minecraft:picked_up":{"minecraft:wheat":36,"minecraft:redstone_block":4,"minecraft:anvil":2,"minecraft:flower_pot":7,"minecraft:smithing_table":2,"minecraft:lead":3,"minecraft:diamond_sword":1,"minecraft:enchanted_book":6,"minecraft:nether_brick":16,"minecraft:lapis_block":1,"minecraft:string":52,"minecraft:raw_copper":93,"minecraft:cooked_salmon":1,"minecraft:iron_leggings":1,"minecraft:armor_stand":3,"universal_graves:grave_compass":1,"minecraft:zombie_head":2,"minecraft:experience_bottle":6,"minecraft:gold_nugget":77,"minecraft:smooth_stone":11,"minecraft:cobbled_deepslate":45,"minecraft:comparator":4,"minecraft:bucket":2,"minecraft:spruce_planks":63,"assortedtools:pokeball":3,"minecraft:rose_bush":4,"minecraft:redstone_torch":20,"minecraft:iron_pickaxe":1,"dungeonnowloading:mossy_cobblestone_pebble":6,"minecraft:coal_block":54,"iceandfire:pixie_dust":6,"supplementaries:pancake":56,"minecraft:furnace":10,"minecraft:dark_oak_door":3,"minecraft:beehive":3,"minecraft:tipped_arrow":156,"minecraft:stick":105,"iceandfire:ghost_chest":3,"minecraft:composter":1,"minecraft:oak_fence":1,"minecraft:torch":115,"minecraft:green_bed":1,"minecraft:spruce_stairs":1,"minecraft:porkchop":4,"minecraft:diorite":4,"paladins:monk_workbench":1,"minecraft:rabbit_foot":1,"minecraft:stone_sword":1,"minecraft:honey_bottle":35,"minecraft:rotten_flesh":184,"minecraft:tropical_fish":3,"minecraft:iron_block":9,"assortedtools:silver_spear":1,"majruszsdifficulty:undead_army_treasure_bag":1,"supplementaries:quiver":2,"supplementaries:ash":310,"minecraft:leather_horse_armor":1,"minecraft:cod":11,"minecraft:obsidian":3,"minecraft:iron_bars":7,"minecraft:snowball":134,"minecraft:cobblestone":1247,"minecraft:birch_log":22,"minecraft:magma_block":41,"archers:composite_longbow":1,"minecraft:lilac":1,"minecraft:water_bucket":1,"minecraft:iron_door":3,"minecraft:jungle_log":9,"minecraft:andesite":24,"minecraft:dark_oak_boat":2,"minecraft:smoker":5,"minecraft:potato":16,"minecraft:flint":48,"minecraft:dirt":473,"minecraft:lapis_lazuli":99,"minecraft:lantern":38,"minecraft:glass":11,"minecraft:bone":310,"minecraft:bow":7,"minecraft:wheat_seeds":61,"minecraft:raw_gold":13,"paladins:acolyte_wand":1,"minecraft:dark_oak_sign":3,"minecraft:bamboo":7,"minecraft:glowstone_dust":365,"minecraft:rabbit":2,"minecraft:mossy_stone_bricks":15,"minecraft:honeycomb":61,"minecraft:oak_planks":32,"minecraft:music_disc_13":1,"iceandfire:shiny_scales":4,"minecraft:sand":40,"minecraft:stripped_spruce_log":1,"minecraft:dark_oak_log":987,"minecraft:mossy_cobblestone":2,"minecraft:trapped_chest":1,"minecraft:spectral_arrow":39,"iceandfire:myrmex_stinger":2,"minecraft:barrel":20,"minecraft:polished_andesite":4,"clutter:copper_coin":16,"minecraft:diamond":13,"minecraft:crossbow":1,"minecraft:granite":25,"minecraft:bone_meal":1,"minecraft:golden_apple":1,"minecraft:emerald":15,"minecraft:oak_sapling":5,"rogues:iron_dagger":1,"iceandfire:tide_trident":1,"minecraft:netherrack":936,"minecraft:bricks":15,"iceandfire:raw_silver":1,"majruszsdifficulty:tattered_boots":9,"minecraft:cocoa_beans":6,"iceandfire:dragon_skull_lightning":1,"minecraft:charcoal":8,"minecraft:crafting_table":2,"minecraft:azure_bluet":1,"minecraft:splash_potion":2,"iceandfire:witherbone":4,"minecraft:ladder":2,"minecraft:stone_brick_wall":1,"minecraft:shield":1,"minecraft:brick":16,"minecraft:cornflower":3,"minecraft:red_bed":4,"artifacts:power_glove":1,"minecraft:item_frame":37,"minecraft:blackstone":87,"dungeonnowloading:spawner_fragment":105,"minecraft:blue_orchid":2,"clutter:raw_silver":17,"minecraft:cartography_table":1,"travelersbackpack:lapis":23,"minecraft:beef":6,"minecraft:observer":1,"minecraft:spruce_slab":15,"minecraft:iron_nugget":10,"minecraft:jungle_sapling":1,"minecraft:poppy":2,"minecraft:sugar_cane":116,"minecraft:chest":10,"minecraft:birch_sapling":5,"minecraft:phantom_membrane":1,"minecraft:egg":2,"minecraft:dark_oak_sapling":119,"minecraft:raw_iron":148,"iceandfire:dragonbone":20,"minecraft:stone":1,"minecraft:copper_ingot":60,"minecraft:fire_charge":2,"minecraft:carrot":4,"minecraft:redstone":64,"minecraft:prismarine_crystals":10,"archers:archers_workbench":2,"minecraft:stone_pressure_plate":4,"minecraft:dark_oak_planks":307,"minecraft:arrow":332,"minecraft:pumpkin_pie":4,"minecraft:peony":28,"minecraft:shears":1,"minecraft:hay_block":18,"majruszsdifficulty:soul_jar":2,"minecraft:saddle":1,"minecraft:gold_ingot":22,"majruszsdifficulty:cerberus_fang":9,"minecraft:white_wool":27,"minecraft:mutton":6,"minecraft:skeleton_skull":5,"minecraft:oxeye_daisy":5,"rogues:stone_double_axe":2,"minecraft:jungle_boat":4,"minecraft:dark_oak_button":6,"minecraft:golden_carrot":1,"iceandfire:sea_serpent_fang":9,"minecraft:cut_sandstone":1,"minecraft:salmon":3,"minecraft:leather":26,"majruszsdifficulty:tattered_helmet":3,"minecraft:acacia_wood":6,"minecraft:birch_planks":27,"majruszsdifficulty:cloth":15,"doggytalents:rice_grains":19,"minecraft:oak_log":17,"minecraft:chainmail_chestplate":1,"minecraft:ancient_debris":17,"minecraft:golden_boots":2,"minecraft:gunpowder":7,"minecraft:paper":5,"minecraft:apple":24,"minecraft:stone_bricks":28,"minecraft:kelp":24,"minecraft:iron_ingot":38,"majruszsdifficulty:tattered_leggings":4,"iceandfire:dragon_stick":1,"minecraft:cobweb":4,"minecraft:glass_bottle":14,"minecraft:iron_sword":2,"minecraft:dark_oak_stairs":199,"minecraft:soul_sand":22,"minecraft:book":349,"minecraft:scaffolding":6,"minecraft:dark_oak_slab":7,"iceandfire:dragon_horn":1,"minecraft:quartz":179,"minecraft:dandelion":6,"minecraft:gravel":367,"minecraft:amethyst_shard":4,"clutter:cotton_seeds":2,"travelersbackpack:blue_sleeping_bag":4,"minecraft:spruce_sapling":63,"minecraft:blast_furnace":8,"minecraft:spruce_log":195,"minecraft:crying_obsidian":12,"artifacts:scarf_of_invisibility":1,"minecraft:spider_eye":5,"minecraft:archer_pottery_sherd":16,"minecraft:brick_slab":2,"minecraft:firework_rocket":1,"iceandfire:dragon_flute":1,"travelersbackpack:standard":7,"minecraft:diamond_shovel":1,"minecraft:slime_ball":10,"minecraft:chainmail_leggings":3,"minecraft:iron_helmet":1,"minecraft:diamond_axe":2,"rogues:arms_workbench":1,"minecraft:terracotta":59,"minecraft:damaged_anvil":1,"minecraft:coal":184,"majruszsdifficulty:tattered_chestplate":5,"minecraft:ender_pearl":9},"minecraft:used":{"minecraft:spruce_slab":27,"travelersbackpack:lapis":71,"minecraft:chest":39,"minecraft:shield":17,"minecraft:stone":44,"minecraft:rotten_flesh":40,"minecraft:iron_chestplate":1,"minecraft:soul_sand":2,"minecraft:jungle_planks":23,"naturalist:cooked_bass":3,"minecraft:honey_bottle":12,"minecraft:bricks":3,"minecraft:grass_block":2,"iceandfire:ghost_chest":1,"minecraft:dark_oak_slab":20,"minecraft:cherry_leaves":1343,"minecraft:dark_oak_button":4,"minecraft:stone_bricks":11,"minecraft:bow":774,"minecraft:magma_block":3,"minecraft:dark_oak_boat":2,"supplementaries:ash":1,"minecraft:furnace":6,"minecraft:cooked_cod":8,"paladins:stone_claymore":51,"minecraft:gray_bed":1,"minecraft:dark_oak_sapling":112,"minecraft:dark_oak_stairs":805,"minecraft:diorite":3,"minecraft:oak_planks":29,"minecraft:stone_pickaxe":147,"minecraft:dark_oak_sign":9,"minecraft:ender_pearl":1,"minecraft:wooden_pickaxe":143,"spellbladenext:arcane_blade":243,"minecraft:diamond_axe":1053,"minecraft:jungle_boat":5,"minecraft:oak_leaves":7,"minecraft:white_wool":16,"travelersbackpack:blue_sleeping_bag":4,"minecraft:blast_furnace":2,"minecraft:crossbow":1,"minecraft:redstone_torch":20,"minecraft:sticky_piston":1,"minecraft:dark_oak_log":320,"minecraft:bread":166,"minecraft:gravel":68,"minecraft:flowering_azalea_leaves":5,"majruszsdifficulty:undead_battle_standard":1,"minecraft:smithing_table":2,"minecraft:andesite":22,"minecraft:oak_boat":1,"minecraft:bone_meal":47,"minecraft:stone_sword":145,"minecraft:armor_stand":9,"minecraft:spruce_planks":694,"minecraft:cooked_salmon":2,"minecraft:netherrack":210,"minecraft:torch":321,"minecraft:dirt":148,"minecraft:anvil":1,"minecraft:granite":6,"minecraft:wooden_axe":59,"minecraft:dark_oak_planks":1207,"assortedtools:silver_pickaxe":797,"minecraft:iron_axe":889,"minecraft:barrel":16,"minecraft:golden_carrot":6,"minecraft:beef":5,"minecraft:acacia_planks":8,"minecraft:cobbled_deepslate":58,"minecraft:observer":2,"minecraft:water_bucket":121,"minecraft:birch_planks":26,"assortedtools:silver_spear":136,"minecraft:terracotta":29,"minecraft:crafting_table":16,"minecraft:red_bed":3,"minecraft:cod":3,"minecraft:spruce_log":4,"minecraft:dark_oak_door":4,"minecraft:oak_log":3,"minecraft:diamond_pickaxe":1056,"majruszsdifficulty:undead_army_treasure_bag":4,"minecraft:diamond_shovel":756,"minecraft:iron_pickaxe":1093,"minecraft:netherite_axe":4,"minecraft:spruce_sapling":42,"minecraft:stone_axe":9,"minecraft:cobblestone":604,"travelersbackpack:standard":15,"minecraft:bucket":122,"minecraft:glass_pane":16,"minecraft:pumpkin_pie":2,"minecraft:kelp":12,"minecraft:splash_potion":2},"minecraft:dropped":{"minecraft:birch_planks":14,"minecraft:glass_bottle":10,"minecraft:dark_oak_sapling":1,"iceandfire:tide_trident":1,"minecraft:iron_horse_armor":1,"travelersbackpack:standard":3,"minecraft:dirt":9,"majruszsdifficulty:cerberus_fang":1,"majruszsdifficulty:tattered_boots":1,"minecraft:snowball":32,"minecraft:dark_oak_planks":2,"minecraft:white_wool":4,"minecraft:gold_ingot":90,"minecraft:gravel":18,"minecraft:stone_axe":1,"minecraft:cobbled_deepslate":1,"minecraft:wheat":15,"rogues:warrior_armor_feet":1,"minecraft:rotten_flesh":28,"minecraft:chainmail_chestplate":1,"minecraft:poppy":1,"minecraft:tipped_arrow":32,"minecraft:gunpowder":3,"doggytalents:rice_grains":1,"minecraft:arrow":43,"minecraft:iron_ingot":43,"minecraft:water_bucket":1,"minecraft:bread":43,"minecraft:wheat_seeds":17,"minecraft:mossy_cobblestone":1,"clutter:copper_coin":16,"minecraft:cobblestone":62,"minecraft:book":2,"minecraft:spectral_arrow":20,"minecraft:granite":4,"majruszsdifficulty:soul_jar":3,"minecraft:coal":46,"minecraft:polished_andesite":2,"minecraft:stick":13,"minecraft:oxeye_daisy":2,"minecraft:iron_block":9,"minecraft:golden_carrot":3,"minecraft:leather_horse_armor":1,"minecraft:torch":1,"minecraft:smooth_stone":4,"minecraft:iron_shovel":1,"minecraft:chainmail_leggings":1,"minecraft:trapped_chest":1,"minecraft:spruce_sapling":14,"minecraft:furnace":2,"minecraft:raw_copper":48,"assortedtools:pokeball":4,"minecraft:raw_iron":64,"supplementaries:quiver":1,"minecraft:shield":2,"minecraft:flower_pot":2,"minecraft:peony":1,"minecraft:andesite":5,"minecraft:spruce_planks":5,"minecraft:mossy_stone_bricks":10,"minecraft:stone_bricks":11,"minecraft:blue_orchid":1,"minecraft:wooden_pickaxe":1,"minecraft:raw_gold":1},"minecraft:crafted":{"minecraft:oak_planks":68,"assortedtools:pokeball":2,"minecraft:dark_oak_boat":1,"minecraft:diamond_shovel":1,"minecraft:stone":47,"naturalist:cooked_bass":3,"minecraft:dark_oak_door":3,"minecraft:glass":38,"minecraft:bow":1,"minecraft:iron_boots":1,"minecraft:chest":36,"minecraft:copper_block":6,"dungeonnowloading:spawner_boots":1,"minecraft:birch_button":8,"majruszsdifficulty:tattered_helmet":1,"travelersbackpack:iron_tier_upgrade":1,"minecraft:emerald":2,"wizards:wizard_robe_feet":1,"dungeonnowloading:spawner_frame":22,"minecraft:crafting_table":14,"minecraft:spruce_planks":680,"minecraft:jungle_boat":1,"minecraft:wooden_pickaxe":3,"minecraft:iron_helmet":1,"travelersbackpack:standard":3,"minecraft:smithing_table":1,"minecraft:copper_ingot":60,"minecraft:sticky_piston":1,"minecraft:gold_block":9,"travelersbackpack:blue_sleeping_bag":2,"minecraft:birch_planks":88,"majruszsdifficulty:undead_battle_standard":1,"minecraft:dark_oak_slab":18,"minecraft:iron_chestplate":3,"minecraft:shield":1,"minecraft:stick":200,"minecraft:iron_ingot":128,"minecraft:iron_pickaxe":4,"minecraft:stone_sword":1,"minecraft:gold_ingot":155,"iceandfire:dragon_horn":1,"minecraft:redstone_torch":1,"minecraft:shears":1,"minecraft:nether_wart":2,"majruszsdifficulty:tattered_leggings":4,"minecraft:coal":72,"minecraft:smooth_stone_slab":18,"minecraft:iron_nugget":18,"iceandfire:dragon_stick":1,"minecraft:furnace":5,"minecraft:stone_button":3,"minecraft:piston":1,"iceandfire:dragon_flute":1,"minecraft:dark_oak_sign":12,"minecraft:bone_meal":81,"majruszsdifficulty:tattered_boots":3,"travelersbackpack:blank_upgrade":4,"travelersbackpack:gold_tier_upgrade":1,"minecraft:glass_pane":16,"minecraft:iron_axe":3,"dungeonnowloading:spawner_leggings":1,"minecraft:spruce_slab":18,"minecraft:stone_pickaxe":2,"minecraft:netherite_scrap":18,"minecraft:dark_oak_planks":2052,"dungeonnowloading:spawner_sword":1,"minecraft:golden_helmet":1,"minecraft:observer":2,"minecraft:wheat":162,"minecraft:coal_block":5,"minecraft:cooked_cod":8,"minecraft:dark_oak_stairs":620,"majruszsdifficulty:tattered_chestplate":1,"travelersbackpack:backpack_tank":6,"minecraft:bucket":1,"minecraft:dark_oak_button":1,"minecraft:stone_axe":1,"minecraft:glowstone":95,"minecraft:air":0,"minecraft:bread":71,"minecraft:jungle_planks":28,"minecraft:blue_dye":4,"minecraft:oak_boat":1,"minecraft:white_wool":2,"minecraft:raw_gold":36,"minecraft:wooden_axe":1,"minecraft:blue_wool":4,"dungeonnowloading:spawner_blade":2,"minecraft:iron_leggings":1,"minecraft:armor_stand":18,"minecraft:acacia_planks":8,"minecraft:torch":268,"minecraft:lapis_lazuli":36}},"DataVersion":3465}