{"stats":{"minecraft:killed":{"minecraft:wandering_trader":1,"minecraft:skeleton":3,"minecraft:trader_llama":1,"minecraft:zombie":3},"minecraft:dropped":{"minecraft:iron_shovel":1,"minecraft:trapped_chest":1},"minecraft:used":{"minecraft:stone_sword":19,"minecraft:stone_pickaxe":147,"minecraft:shield":8,"minecraft:wooden_pickaxe":18,"minecraft:cooked_salmon":2,"minecraft:oak_leaves":7,"minecraft:torch":17,"minecraft:crafting_table":4,"minecraft:cod":3,"minecraft:oak_log":3,"minecraft:grass_block":2,"minecraft:iron_pickaxe":184,"minecraft:netherite_axe":4,"minecraft:cherry_leaves":1343,"minecraft:flowering_azalea_leaves":5,"minecraft:stone_axe":2,"minecraft:cobblestone":137,"minecraft:furnace":2,"minecraft:cooked_cod":2},"minecraft:crafted":{"minecraft:cooked_cod":8,"minecraft:crafting_table":3,"minecraft:wooden_pickaxe":1,"minecraft:furnace":2,"minecraft:copper_ingot":60,"minecraft:birch_planks":40,"minecraft:stone_axe":1,"naturalist:cooked_bass":3,"minecraft:air":0,"minecraft:shield":1,"minecraft:stick":36,"minecraft:iron_ingot":16,"minecraft:iron_pickaxe":1,"minecraft:stone_pickaxe":2,"minecraft:stone_sword":1,"minecraft:gold_ingot":24,"minecraft:birch_button":8,"minecraft:torch":100},"minecraft:broken":{"minecraft:stone_pickaxe":2},"minecraft:mined":{"minecraft:crafting_table":1,"minecraft:cobbled_deepslate_wall":1,"minecraft:granite":1,"clutter:deepslate_silver_ore":6,"minecraft:cobblestone":10,"minecraft:copper_ore":8,"minecraft:deepslate_coal_ore":14,"minecraft:lapis_ore":4,"minecraft:potted_bamboo":1,"minecraft:cartography_table":1,"minecraft:wall_torch":1,"supplementaries:urn":4,"minecraft:redstone_ore":6,"minecraft:furnace":2,"minecraft:birch_log":13,"minecraft:iron_ore":56,"minecraft:birch_leaves":1,"minecraft:andesite":18,"minecraft:tnt":1,"minecraft:deepslate_lapis_ore":5,"minecraft:grass":1,"minecraft:coal_ore":14,"minecraft:deepslate_iron_ore":30,"minecraft:stone":119,"minecraft:mossy_stone_bricks":2,"minecraft:gold_ore":9,"minecraft:deepslate":38,"minecraft:green_bed":1},"minecraft:picked_up":{"minecraft:birch_log":13,"minecraft:crafting_table":1,"minecraft:flower_pot":1,"minecraft:andesite":17,"minecraft:leather":2,"minecraft:lead":1,"minecraft:lapis_lazuli":61,"minecraft:string":1,"minecraft:raw_copper":30,"minecraft:cooked_salmon":1,"artifacts:power_glove":1,"minecraft:iron_leggings":1,"minecraft:bone":5,"clutter:raw_silver":17,"minecraft:cartography_table":1,"minecraft:cobbled_deepslate":34,"minecraft:raw_gold":9,"minecraft:glass_bottle":8,"minecraft:bamboo":1,"supplementaries:pancake":32,"minecraft:furnace":2,"minecraft:raw_iron":84,"minecraft:torch":2,"minecraft:green_bed":1,"minecraft:redstone":27,"minecraft:trapped_chest":1,"minecraft:arrow":2,"minecraft:rotten_flesh":2,"minecraft:granite":1,"supplementaries:ash":16,"minecraft:coal":36,"minecraft:cod":11,"minecraft:cobblestone":121},"minecraft:custom":{"minecraft:interact_with_furnace":17,"minecraft:mob_kills":8,"minecraft:interact_with_crafting_table":11,"minecraft:open_barrel":3,"goblintraders:trade_with_goblin":38,"minecraft:leave_game":4,"minecraft:time_since_death":73305,"minecraft:hex":0,"minecraft:time_since_rest":73363,"minecraft:sprint_one_cm":55759,"minecraft:damage_taken":421,"minecraft:walk_one_cm":163175,"minecraft:damage_blocked_by_shield":615,"minecraft:trigger_trapped_chest":2,"minecraft:drop":2,"minecraft:damage_dealt":1814,"minecraft:swim_one_cm":4421,"minecraft:fly_one_cm":293787,"minecraft:open_chest":1,"minecraft:crouch_one_cm":27026,"minecraft:play_time":109409,"minecraft:deaths":2,"minecraft:sneak_time":11236,"minecraft:walk_under_water_one_cm":284,"minecraft:jump":475,"minecraft:walk_on_water_one_cm":724,"minecraft:total_world_time":109409,"minecraft:fall_one_cm":5204}},"DataVersion":3465}