{"stats":{"minecraft:killed_by":{"minecraft:zombie":1},"minecraft:killed":{"minecraft:skeleton":4,"minecraft:wandering_trader":1,"minecraft:sheep":1,"minecraft:trader_llama":1,"minecraft:zombie":3,"minecraft:cow":3},"minecraft:dropped":{"minecraft:glass_bottle":8,"minecraft:cobblestone":7,"minecraft:book":2,"minecraft:granite":2,"minecraft:iron_horse_armor":1,"minecraft:dirt":9,"minecraft:leather_horse_armor":1,"minecraft:iron_shovel":1,"minecraft:trapped_chest":1,"minecraft:gold_ingot":24,"minecraft:furnace":2,"minecraft:stone_axe":1,"minecraft:cobbled_deepslate":1,"minecraft:raw_copper":48,"minecraft:wheat":13,"minecraft:raw_iron":64,"minecraft:gunpowder":1,"minecraft:raw_gold":1},"minecraft:used":{"minecraft:stone_sword":44,"minecraft:shield":11,"minecraft:cooked_salmon":2,"minecraft:torch":36,"naturalist:cooked_bass":3,"minecraft:grass_block":2,"minecraft:iron_axe":9,"minecraft:cherry_leaves":1343,"minecraft:barrel":2,"minecraft:furnace":5,"minecraft:cooked_cod":8,"minecraft:stone_pickaxe":147,"minecraft:wooden_pickaxe":18,"minecraft:oak_leaves":7,"travelersbackpack:blue_sleeping_bag":2,"minecraft:crafting_table":6,"minecraft:cod":3,"minecraft:oak_log":3,"minecraft:diamond_shovel":3,"minecraft:iron_pickaxe":383,"minecraft:netherite_axe":4,"minecraft:flowering_azalea_leaves":5,"minecraft:stone_axe":9,"minecraft:cobblestone":235},"minecraft:crafted":{"minecraft:furnace":5,"naturalist:cooked_bass":3,"minecraft:glass":14,"minecraft:stone_pickaxe":2,"minecraft:chest":3,"minecraft:birch_button":8,"minecraft:cooked_cod":8,"minecraft:crafting_table":5,"minecraft:spruce_planks":28,"travelersbackpack:backpack_tank":2,"minecraft:wooden_pickaxe":1,"minecraft:copper_ingot":60,"minecraft:birch_planks":52,"travelersbackpack:blue_sleeping_bag":2,"minecraft:stone_axe":1,"minecraft:air":0,"minecraft:blue_dye":4,"minecraft:shield":1,"minecraft:stick":52,"minecraft:iron_ingot":33,"minecraft:iron_pickaxe":2,"minecraft:stone_sword":1,"minecraft:blue_wool":4,"minecraft:gold_ingot":24,"minecraft:torch":100,"minecraft:shears":1},"minecraft:broken":{"minecraft:stone_pickaxe":2,"minecraft:iron_pickaxe":1},"minecraft:mined":{"travelersbackpack:blue_sleeping_bag":1,"minecraft:granite":5,"minecraft:grass_block":1,"minecraft:decorated_pot":2,"clutter:deepslate_silver_ore":6,"dungeonnowloading:book_pile":1,"minecraft:potted_bamboo":1,"minecraft:cartography_table":1,"minecraft:hay_block":7,"minecraft:redstone_ore":6,"minecraft:furnace":2,"minecraft:iron_ore":63,"minecraft:barrel":10,"minecraft:andesite":22,"minecraft:deepslate_lapis_ore":5,"minecraft:anvil":1,"minecraft:deepslate_iron_ore":30,"minecraft:stone":188,"minecraft:green_bed":1,"minecraft:cobbled_deepslate_wall":1,"minecraft:crafting_table":1,"dungeonnowloading:dungeon_wall_torch":1,"minecraft:torch":13,"minecraft:copper_ore":9,"minecraft:cobblestone":91,"minecraft:deepslate_coal_ore":14,"minecraft:lapis_ore":4,"minecraft:damaged_anvil":1,"minecraft:wall_torch":2,"supplementaries:urn":5,"minecraft:birch_log":13,"minecraft:spruce_log":7,"minecraft:jukebox":1,"minecraft:birch_leaves":1,"minecraft:tnt":1,"minecraft:grass":3,"dungeonnowloading:explosive_barrel":1,"minecraft:coal_ore":22,"minecraft:flower_pot":1,"minecraft:gravel":1,"minecraft:sand":3,"minecraft:dirt":8,"minecraft:mossy_stone_bricks":3,"minecraft:gold_ore":9,"minecraft:deepslate":43},"minecraft:picked_up":{"minecraft:crafting_table":1,"minecraft:wheat":26,"minecraft:flower_pot":1,"minecraft:anvil":1,"minecraft:lead":1,"minecraft:brick":8,"minecraft:string":1,"minecraft:raw_copper":57,"minecraft:cooked_salmon":1,"artifacts:power_glove":1,"minecraft:iron_leggings":1,"universal_graves:grave_compass":1,"clutter:raw_silver":17,"minecraft:cartography_table":1,"minecraft:cobbled_deepslate":35,"minecraft:beef":6,"supplementaries:pancake":32,"minecraft:furnace":2,"minecraft:raw_iron":103,"minecraft:torch":17,"minecraft:green_bed":1,"minecraft:redstone":27,"minecraft:arrow":4,"minecraft:rotten_flesh":2,"minecraft:hay_block":7,"supplementaries:ash":16,"minecraft:leather_horse_armor":1,"minecraft:cod":11,"minecraft:white_wool":15,"minecraft:cobblestone":279,"minecraft:birch_log":13,"minecraft:andesite":17,"minecraft:leather":6,"minecraft:gunpowder":1,"minecraft:lapis_lazuli":61,"minecraft:dirt":9,"minecraft:bone":7,"minecraft:raw_gold":9,"minecraft:glass_bottle":8,"minecraft:bamboo":1,"minecraft:book":2,"minecraft:music_disc_13":1,"minecraft:sand":38,"travelersbackpack:blue_sleeping_bag":2,"minecraft:spruce_log":13,"minecraft:trapped_chest":1,"minecraft:barrel":10,"minecraft:granite":3,"minecraft:damaged_anvil":1,"minecraft:coal":42},"minecraft:custom":{"minecraft:mob_kills":14,"minecraft:interact_with_crafting_table":27,"goblintraders:trade_with_goblin":38,"minecraft:open_barrel":27,"minecraft:leave_game":7,"minecraft:time_since_death":24753,"minecraft:sprint_one_cm":178033,"minecraft:walk_one_cm":225028,"minecraft:damage_blocked_by_shield":1215,"minecraft:drop":21,"minecraft:play_time":151567,"minecraft:deaths":3,"minecraft:sneak_time":11873,"minecraft:walk_under_water_one_cm":2349,"minecraft:jump":1156,"minecraft:walk_on_water_one_cm":4524,"minecraft:total_world_time":151567,"minecraft:interact_with_furnace":37,"minecraft:sleep_in_bed":1,"minecraft:hex":0,"minecraft:time_since_rest":9870,"minecraft:damage_taken":982,"minecraft:trigger_trapped_chest":5,"minecraft:damage_dealt":2842,"minecraft:swim_one_cm":12372,"minecraft:fly_one_cm":367339,"minecraft:open_chest":2,"minecraft:crouch_one_cm":28720,"minecraft:fall_one_cm":12421,"minecraft:horse_one_cm":5035}},"DataVersion":3465}