{"stats":{"minecraft:killed":{"minecraft:spider":2,"minecraft:skeleton":17,"minecraft:husk":1,"minecraft:wandering_trader":1,"minecraft:sheep":1,"minecraft:trader_llama":1,"minecraft:zombie":24,"minecraft:stray":1,"minecraft:cow":3},"minecraft:killed_by":{"dungeonnowloading:spawner_carrier":1,"dungeonnowloading:hollow":1,"minecraft:skeleton":7,"minecraft:zombie":1},"minecraft:used":{"minecraft:stone_sword":118,"minecraft:spruce_planks":26,"minecraft:shield":15,"minecraft:cooked_salmon":2,"minecraft:iron_chestplate":1,"minecraft:torch":89,"minecraft:dirt":9,"naturalist:cooked_bass":3,"minecraft:granite":5,"minecraft:honey_bottle":12,"minecraft:dark_oak_planks":1,"minecraft:grass_block":2,"minecraft:iron_axe":49,"minecraft:cherry_leaves":1343,"minecraft:barrel":2,"minecraft:golden_carrot":3,"minecraft:beef":5,"minecraft:furnace":5,"minecraft:cooked_cod":8,"minecraft:diorite":3,"assortedtools:silver_spear":66,"minecraft:birch_planks":26,"minecraft:stone_pickaxe":147,"minecraft:oak_planks":19,"minecraft:wooden_pickaxe":143,"minecraft:oak_leaves":7,"minecraft:white_wool":14,"travelersbackpack:blue_sleeping_bag":4,"minecraft:crafting_table":9,"minecraft:cod":3,"minecraft:oak_log":3,"minecraft:diamond_shovel":3,"minecraft:bread":21,"minecraft:iron_pickaxe":518,"minecraft:netherite_axe":4,"minecraft:flowering_azalea_leaves":5,"minecraft:stone_axe":9,"minecraft:cobblestone":412,"travelersbackpack:standard":6,"minecraft:smithing_table":2,"minecraft:bucket":1,"minecraft:andesite":22},"minecraft:dropped":{"minecraft:iron_ingot":31,"minecraft:bread":16,"minecraft:birch_planks":14,"minecraft:mossy_cobblestone":1,"minecraft:glass_bottle":10,"minecraft:cobblestone":14,"minecraft:book":2,"minecraft:granite":4,"minecraft:iron_horse_armor":1,"travelersbackpack:standard":3,"minecraft:polished_andesite":2,"minecraft:stick":12,"minecraft:dirt":9,"minecraft:golden_carrot":3,"minecraft:leather_horse_armor":1,"minecraft:smooth_stone":4,"minecraft:iron_shovel":1,"minecraft:trapped_chest":1,"minecraft:white_wool":1,"minecraft:spruce_sapling":2,"minecraft:gold_ingot":24,"minecraft:furnace":2,"minecraft:stone_axe":1,"minecraft:cobbled_deepslate":1,"minecraft:raw_copper":48,"minecraft:wheat":15,"minecraft:raw_iron":64,"minecraft:gunpowder":1,"minecraft:spruce_planks":4,"minecraft:andesite":5,"minecraft:mossy_stone_bricks":10,"minecraft:stone_bricks":6,"minecraft:wooden_pickaxe":1,"minecraft:raw_gold":1},"minecraft:crafted":{"minecraft:furnace":5,"naturalist:cooked_bass":3,"travelersbackpack:blank_upgrade":4,"travelersbackpack:gold_tier_upgrade":1,"minecraft:glass":38,"minecraft:stone_pickaxe":2,"minecraft:chest":6,"minecraft:birch_button":8,"minecraft:wheat":126,"minecraft:cooked_cod":8,"travelersbackpack:iron_tier_upgrade":1,"minecraft:crafting_table":8,"minecraft:spruce_planks":80,"travelersbackpack:standard":3,"travelersbackpack:backpack_tank":6,"minecraft:wooden_pickaxe":3,"minecraft:smithing_table":1,"minecraft:copper_ingot":60,"minecraft:bucket":1,"minecraft:birch_planks":88,"travelersbackpack:blue_sleeping_bag":2,"minecraft:stone_axe":1,"minecraft:bread":46,"minecraft:air":0,"minecraft:blue_dye":4,"minecraft:iron_chestplate":1,"minecraft:shield":1,"minecraft:stick":72,"minecraft:iron_ingot":92,"minecraft:iron_pickaxe":3,"minecraft:stone_sword":1,"minecraft:blue_wool":4,"minecraft:gold_ingot":28,"minecraft:torch":100,"minecraft:shears":1},"minecraft:broken":{"minecraft:stone_sword":1,"minecraft:wooden_pickaxe":2,"minecraft:stone_pickaxe":2,"minecraft:iron_pickaxe":2},"minecraft:mined":{"minecraft:dark_oak_planks":7,"minecraft:spruce_planks":6,"minecraft:mossy_cobblestone":2,"minecraft:deepslate_diamond_ore":1,"minecraft:sculk_vein":2,"travelersbackpack:blue_sleeping_bag":1,"minecraft:granite":22,"minecraft:grass_block":6,"minecraft:decorated_pot":2,"clutter:deepslate_silver_ore":6,"dungeonnowloading:book_pile":1,"minecraft:spruce_leaves":4,"minecraft:potted_bamboo":1,"minecraft:cartography_table":1,"minecraft:hay_block":14,"minecraft:smooth_stone":14,"minecraft:redstone_ore":6,"minecraft:furnace":2,"minecraft:fire":21,"minecraft:iron_ore":67,"minecraft:barrel":11,"minecraft:andesite":26,"minecraft:deepslate_lapis_ore":5,"minecraft:anvil":1,"minecraft:bookshelf":14,"minecraft:deepslate_iron_ore":30,"minecraft:stone":308,"minecraft:white_wool":8,"minecraft:green_bed":1,"minecraft:smithing_table":1,"dungeonnowloading:mossy_cobblestone_pebbles":1,"minecraft:cobbled_deepslate_wall":1,"minecraft:crafting_table":1,"dungeonnowloading:dungeon_wall_torch":1,"minecraft:torch":13,"minecraft:copper_ore":9,"minecraft:cobblestone":109,"minecraft:deepslate_coal_ore":14,"minecraft:oak_planks":1,"minecraft:lapis_ore":4,"minecraft:bricks":4,"minecraft:damaged_anvil":1,"minecraft:diorite":4,"minecraft:wall_torch":5,"minecraft:skeleton_skull":1,"supplementaries:urn":5,"minecraft:birch_planks":3,"minecraft:birch_log":22,"minecraft:spruce_log":20,"minecraft:jukebox":1,"minecraft:birch_leaves":1,"minecraft:tnt":1,"minecraft:smooth_stone_slab":1,"minecraft:grass":4,"dungeonnowloading:explosive_barrel":1,"minecraft:coal_ore":22,"minecraft:flower_pot":3,"minecraft:gravel":1,"minecraft:sand":3,"minecraft:dirt":25,"minecraft:polished_andesite":3,"minecraft:stone_bricks":14,"minecraft:mossy_stone_bricks":16,"minecraft:gold_ore":13,"minecraft:deepslate":58},"minecraft:picked_up":{"minecraft:crafting_table":1,"minecraft:wheat":27,"minecraft:ladder":1,"minecraft:flower_pot":2,"minecraft:anvil":1,"minecraft:smithing_table":1,"minecraft:lead":1,"minecraft:brick":8,"minecraft:string":3,"minecraft:raw_copper":57,"minecraft:cooked_salmon":1,"artifacts:power_glove":1,"minecraft:iron_leggings":1,"universal_graves:grave_compass":1,"clutter:raw_silver":17,"minecraft:cartography_table":1,"minecraft:smooth_stone":9,"minecraft:cobbled_deepslate":36,"minecraft:spruce_planks":11,"minecraft:beef":6,"dungeonnowloading:mossy_cobblestone_pebble":3,"minecraft:chest":1,"supplementaries:pancake":32,"minecraft:furnace":2,"minecraft:tipped_arrow":1,"minecraft:raw_iron":106,"minecraft:torch":22,"minecraft:green_bed":1,"minecraft:diorite":4,"minecraft:redstone":27,"minecraft:dark_oak_planks":9,"minecraft:arrow":15,"minecraft:rotten_flesh":7,"minecraft:hay_block":14,"minecraft:gold_ingot":1,"assortedtools:silver_spear":1,"supplementaries:ash":16,"minecraft:leather_horse_armor":1,"minecraft:skeleton_skull":1,"minecraft:cod":11,"minecraft:white_wool":22,"minecraft:cobblestone":402,"minecraft:birch_log":22,"minecraft:andesite":24,"minecraft:leather":6,"minecraft:birch_planks":27,"minecraft:gunpowder":1,"minecraft:lapis_lazuli":61,"minecraft:dirt":31,"minecraft:bone":22,"minecraft:stone_bricks":12,"minecraft:bow":1,"minecraft:raw_gold":13,"minecraft:iron_ingot":31,"minecraft:mossy_stone_bricks":15,"minecraft:glass_bottle":9,"minecraft:bamboo":1,"minecraft:oak_planks":19,"minecraft:book":44,"minecraft:music_disc_13":1,"minecraft:sand":38,"travelersbackpack:blue_sleeping_bag":4,"minecraft:spruce_sapling":2,"minecraft:spruce_log":26,"minecraft:mossy_cobblestone":2,"minecraft:trapped_chest":1,"minecraft:barrel":11,"travelersbackpack:standard":2,"minecraft:polished_andesite":4,"minecraft:diamond":1,"minecraft:granite":22,"minecraft:bone_meal":1,"minecraft:damaged_anvil":1,"minecraft:bricks":4,"minecraft:coal":42},"minecraft:custom":{"minecraft:interact_with_smithing_table":8,"minecraft:mob_kills":53,"minecraft:interact_with_crafting_table":45,"goblintraders:trade_with_goblin":38,"minecraft:open_barrel":64,"minecraft:leave_game":7,"minecraft:time_since_death":13443,"minecraft:climb_one_cm":3432,"minecraft:sprint_one_cm":466216,"minecraft:walk_one_cm":412822,"minecraft:damage_blocked_by_shield":1440,"minecraft:drop":52,"minecraft:play_time":253567,"minecraft:deaths":13,"minecraft:sneak_time":27192,"minecraft:walk_under_water_one_cm":40541,"minecraft:jump":2531,"minecraft:walk_on_water_one_cm":38082,"minecraft:total_world_time":253567,"minecraft:interact_with_furnace":45,"minecraft:sleep_in_bed":2,"minecraft:hex":0,"minecraft:time_since_rest":13471,"minecraft:damage_taken":5628,"minecraft:trigger_trapped_chest":9,"minecraft:damage_dealt":11421,"minecraft:swim_one_cm":51980,"minecraft:fly_one_cm":502580,"minecraft:open_chest":11,"minecraft:crouch_one_cm":54740,"minecraft:fall_one_cm":45781,"minecraft:horse_one_cm":5035}},"DataVersion":3465}