{"stats":{"minecraft:mined":{"minecraft:dark_oak_planks":7,"minecraft:stone_pressure_plate":1,"minecraft:spruce_planks":8,"minecraft:sculk_vein":2,"minecraft:jungle_leaves":2,"travelersbackpack:blue_sleeping_bag":1,"minecraft:granite":24,"minecraft:stone_brick_wall":1,"minecraft:grass_block":7,"clutter:deepslate_silver_ore":6,"minecraft:jungle_log":7,"minecraft:coal_block":54,"minecraft:spawner":2,"minecraft:smooth_stone":14,"minecraft:iron_ore":95,"minecraft:barrel":11,"minecraft:fire":21,"minecraft:anvil":1,"minecraft:deepslate_lapis_ore":5,"minecraft:iron_bars":7,"minecraft:blue_orchid":1,"minecraft:iron_block":3,"minecraft:green_bed":1,"archers:archers_workbench":2,"minecraft:red_bed":3,"minecraft:smoker":3,"dungeonnowloading:dungeon_wall_torch":1,"minecraft:torch":13,"minecraft:blast_furnace":2,"iceandfire:ghost_chest":3,"minecraft:chest":1,"minecraft:cobblestone":109,"minecraft:bricks":4,"minecraft:damaged_anvil":1,"minecraft:oak_planks":2,"minecraft:sugar_cane":19,"minecraft:iron_door":2,"minecraft:wall_torch":6,"minecraft:skeleton_skull":2,"paladins:monk_workbench":1,"minecraft:birch_log":22,"minecraft:jukebox":1,"minecraft:smooth_stone_slab":1,"minecraft:tnt":1,"minecraft:wither_rose":1,"minecraft:grass":12,"dungeonnowloading:explosive_barrel":1,"minecraft:oak_log":16,"minecraft:sand":3,"minecraft:dirt":26,"minecraft:oak_leaves":15,"minecraft:deepslate":58,"iceandfire:silver_ore":1,"minecraft:mossy_cobblestone":2,"minecraft:dark_oak_leaves":43,"minecraft:deepslate_diamond_ore":1,"minecraft:dark_oak_log":83,"minecraft:decorated_pot":4,"dungeonnowloading:book_pile":1,"minecraft:white_stained_glass":1,"minecraft:redstone_wire":8,"minecraft:spruce_leaves":28,"minecraft:potted_bamboo":4,"minecraft:cartography_table":1,"minecraft:hay_block":18,"minecraft:redstone_ore":6,"minecraft:furnace":5,"minecraft:acacia_wood":1,"minecraft:andesite":26,"minecraft:bookshelf":63,"minecraft:deepslate_iron_ore":30,"minecraft:lantern":5,"minecraft:stone":310,"minecraft:white_wool":9,"minecraft:smithing_table":2,"minecraft:scaffolding":5,"minecraft:redstone_block":2,"minecraft:comparator":2,"dungeonnowloading:mossy_cobblestone_pebbles":1,"travelersbackpack:standard":5,"minecraft:oak_fence":1,"minecraft:crafting_table":1,"minecraft:cobbled_deepslate_wall":1,"minecraft:emerald_ore":4,"minecraft:campfire":4,"minecraft:tall_grass":3,"minecraft:copper_ore":9,"minecraft:deepslate_coal_ore":14,"rogues:arms_workbench":1,"minecraft:lapis_ore":4,"minecraft:diorite":4,"minecraft:spruce_stairs":1,"supplementaries:urn":5,"minecraft:birch_planks":3,"minecraft:beehive":3,"minecraft:spruce_log":60,"minecraft:birch_leaves":20,"minecraft:coal_ore":27,"minecraft:cocoa":1,"minecraft:zombie_head":1,"minecraft:gravel":1,"minecraft:flower_pot":3,"minecraft:cobweb":27,"minecraft:terracotta":47,"minecraft:stone_bricks":27,"minecraft:polished_andesite":3,"minecraft:mossy_stone_bricks":16,"minecraft:gold_ore":13,"minecraft:fern":1},"minecraft:killed_by":{"dungeonnowloading:spawner_carrier":1,"iceandfire:siren":1,"iceandfire:sea_serpent":4,"minecraft:zombie":1,"dungeonnowloading:hollow":1,"minecraft:skeleton":8,"iceandfire:ghost":1},"minecraft:picked_up":{"minecraft:wheat":29,"minecraft:flower_pot":7,"minecraft:redstone_block":2,"minecraft:anvil":1,"minecraft:smithing_table":2,"minecraft:lead":1,"minecraft:enchanted_book":1,"minecraft:string":31,"minecraft:raw_copper":57,"minecraft:cooked_salmon":1,"minecraft:iron_leggings":1,"universal_graves:grave_compass":1,"minecraft:zombie_head":1,"minecraft:experience_bottle":6,"minecraft:smooth_stone":9,"minecraft:cobbled_deepslate":36,"minecraft:comparator":2,"minecraft:spruce_planks":13,"minecraft:rose_bush":3,"dungeonnowloading:mossy_cobblestone_pebble":3,"minecraft:iron_pickaxe":1,"minecraft:coal_block":54,"supplementaries:pancake":32,"minecraft:furnace":5,"minecraft:tipped_arrow":1,"iceandfire:pixie_dust":3,"minecraft:stick":23,"minecraft:beehive":3,"iceandfire:ghost_chest":3,"minecraft:oak_fence":1,"minecraft:torch":24,"minecraft:green_bed":1,"minecraft:spruce_stairs":1,"minecraft:diorite":4,"paladins:monk_workbench":1,"minecraft:rabbit_foot":1,"minecraft:stone_sword":1,"minecraft:rotten_flesh":31,"minecraft:iron_block":3,"assortedtools:silver_spear":1,"supplementaries:ash":16,"minecraft:leather_horse_armor":1,"minecraft:iron_bars":7,"minecraft:cod":11,"minecraft:cobblestone":405,"minecraft:birch_log":22,"minecraft:iron_door":2,"minecraft:andesite":24,"minecraft:water_bucket":1,"minecraft:jungle_log":7,"minecraft:smoker":3,"minecraft:potato":9,"minecraft:lapis_lazuli":61,"minecraft:dirt":49,"minecraft:lantern":19,"minecraft:bone":38,"minecraft:bow":1,"minecraft:wheat_seeds":24,"minecraft:raw_gold":13,"paladins:acolyte_wand":1,"minecraft:mossy_stone_bricks":15,"minecraft:rabbit":2,"minecraft:bamboo":4,"minecraft:oak_planks":20,"minecraft:music_disc_13":1,"minecraft:sand":38,"iceandfire:myrmex_stinger":1,"minecraft:trapped_chest":1,"minecraft:dark_oak_log":83,"minecraft:barrel":11,"minecraft:mossy_cobblestone":2,"minecraft:polished_andesite":4,"clutter:copper_coin":16,"minecraft:diamond":1,"minecraft:granite":24,"minecraft:bone_meal":1,"minecraft:emerald":6,"minecraft:bricks":4,"iceandfire:raw_silver":1,"iceandfire:dragon_skull_lightning":1,"minecraft:cocoa_beans":3,"minecraft:charcoal":8,"minecraft:crafting_table":1,"minecraft:azure_bluet":1,"minecraft:ladder":1,"minecraft:stone_brick_wall":1,"minecraft:brick":8,"minecraft:cornflower":3,"minecraft:red_bed":3,"artifacts:power_glove":1,"minecraft:item_frame":20,"dungeonnowloading:spawner_fragment":12,"minecraft:blue_orchid":2,"clutter:raw_silver":17,"minecraft:cartography_table":1,"minecraft:beef":6,"minecraft:poppy":2,"minecraft:sugar_cane":58,"minecraft:chest":2,"minecraft:birch_sapling":2,"minecraft:dark_oak_sapling":10,"minecraft:raw_iron":134,"iceandfire:dragonbone":13,"minecraft:redstone":35,"minecraft:prismarine_crystals":4,"archers:archers_workbench":2,"minecraft:stone_pressure_plate":3,"minecraft:dark_oak_planks":9,"minecraft:arrow":21,"minecraft:pumpkin_pie":4,"minecraft:peony":28,"minecraft:hay_block":18,"minecraft:gold_ingot":1,"minecraft:mutton":6,"rogues:stone_double_axe":1,"minecraft:skeleton_skull":3,"minecraft:white_wool":24,"minecraft:oxeye_daisy":5,"minecraft:jungle_boat":4,"minecraft:dark_oak_button":3,"minecraft:leather":6,"minecraft:acacia_wood":1,"doggytalents:rice_grains":2,"minecraft:birch_planks":27,"minecraft:oak_log":16,"minecraft:golden_boots":1,"minecraft:gunpowder":5,"minecraft:apple":1,"minecraft:stone_bricks":28,"minecraft:iron_ingot":31,"minecraft:cobweb":3,"minecraft:glass_bottle":9,"minecraft:iron_sword":1,"minecraft:book":191,"minecraft:scaffolding":6,"minecraft:dandelion":5,"travelersbackpack:blue_sleeping_bag":4,"minecraft:spruce_sapling":13,"minecraft:blast_furnace":2,"minecraft:spruce_log":66,"minecraft:spider_eye":2,"minecraft:archer_pottery_sherd":8,"travelersbackpack:standard":7,"minecraft:firework_rocket":1,"minecraft:slime_ball":2,"minecraft:chainmail_leggings":3,"rogues:arms_workbench":1,"minecraft:terracotta":47,"minecraft:damaged_anvil":1,"majruszsdifficulty:tattered_chestplate":1,"minecraft:coal":112,"minecraft:ender_pearl":1},"minecraft:broken":{"minecraft:stone_pickaxe":2,"minecraft:wooden_axe":1,"minecraft:stone_sword":1,"wizards:wizard_robe_head":1,"minecraft:wooden_pickaxe":2,"minecraft:iron_axe":1,"minecraft:iron_pickaxe":2},"minecraft:custom":{"minecraft:interact_with_crafting_table":62,"minecraft:open_barrel":107,"goblintraders:trade_with_goblin":38,"minecraft:eat_cake_slice":5,"minecraft:leave_game":9,"minecraft:time_since_death":5097,"minecraft:sprint_one_cm":899561,"minecraft:damage_blocked_by_shield":1440,"minecraft:drop":71,"minecraft:talked_to_villager":2,"minecraft:play_time":407311,"minecraft:deaths":20,"minecraft:jump":4646,"minecraft:walk_on_water_one_cm":65543,"minecraft:interact_with_furnace":50,"minecraft:sleep_in_bed":12,"minecraft:damage_dealt":20696,"minecraft:crouch_one_cm":78531,"minecraft:horse_one_cm":5035,"minecraft:interact_with_smithing_table":8,"minecraft:mob_kills":91,"minecraft:climb_one_cm":17034,"minecraft:walk_one_cm":838379,"minecraft:sneak_time":33530,"minecraft:walk_under_water_one_cm":63251,"minecraft:boat_one_cm":257843,"minecraft:interact_with_blast_furnace":1,"minecraft:total_world_time":407311,"minecraft:hex":0,"minecraft:time_since_rest":5125,"minecraft:damage_taken":10233,"minecraft:trigger_trapped_chest":13,"minecraft:swim_one_cm":161459,"minecraft:fly_one_cm":842688,"minecraft:open_chest":81,"minecraft:fall_one_cm":96847},"minecraft:crafted":{"minecraft:oak_planks":64,"naturalist:cooked_bass":3,"minecraft:glass":38,"minecraft:chest":9,"minecraft:birch_button":8,"travelersbackpack:iron_tier_upgrade":1,"minecraft:crafting_table":11,"minecraft:spruce_planks":80,"minecraft:jungle_boat":1,"travelersbackpack:standard":3,"minecraft:wooden_pickaxe":3,"minecraft:smithing_table":1,"minecraft:copper_ingot":60,"minecraft:birch_planks":88,"travelersbackpack:blue_sleeping_bag":2,"minecraft:iron_chestplate":1,"minecraft:shield":1,"minecraft:stick":76,"minecraft:iron_ingot":92,"minecraft:iron_pickaxe":3,"minecraft:stone_sword":1,"minecraft:gold_ingot":28,"iceandfire:dragon_horn":1,"minecraft:shears":1,"minecraft:coal":27,"iceandfire:dragon_stick":1,"minecraft:furnace":5,"iceandfire:dragon_flute":1,"travelersbackpack:blank_upgrade":4,"travelersbackpack:gold_tier_upgrade":1,"minecraft:iron_axe":1,"minecraft:stone_pickaxe":2,"minecraft:wheat":162,"minecraft:coal_block":5,"minecraft:cooked_cod":8,"travelersbackpack:backpack_tank":6,"minecraft:bucket":1,"minecraft:stone_axe":1,"minecraft:bread":71,"minecraft:air":0,"minecraft:jungle_planks":28,"minecraft:blue_dye":4,"minecraft:oak_boat":1,"minecraft:wooden_axe":1,"minecraft:blue_wool":4,"minecraft:torch":164},"minecraft:used":{"minecraft:chest":4,"minecraft:shield":15,"minecraft:iron_chestplate":1,"minecraft:jungle_planks":23,"naturalist:cooked_bass":3,"minecraft:honey_bottle":12,"minecraft:grass_block":2,"iceandfire:ghost_chest":1,"minecraft:cherry_leaves":1343,"minecraft:stone_bricks":11,"minecraft:furnace":5,"minecraft:cooked_cod":8,"paladins:stone_claymore":33,"minecraft:diorite":3,"minecraft:stone_pickaxe":147,"minecraft:oak_planks":29,"minecraft:ender_pearl":1,"minecraft:wooden_pickaxe":143,"minecraft:jungle_boat":5,"minecraft:oak_leaves":7,"minecraft:white_wool":16,"travelersbackpack:blue_sleeping_bag":4,"minecraft:bread":67,"minecraft:flowering_azalea_leaves":5,"minecraft:smithing_table":2,"minecraft:andesite":22,"minecraft:oak_boat":1,"minecraft:stone_sword":145,"minecraft:spruce_planks":26,"minecraft:cooked_salmon":2,"minecraft:torch":135,"minecraft:dirt":9,"minecraft:granite":6,"minecraft:wooden_axe":59,"minecraft:dark_oak_planks":1,"minecraft:iron_axe":274,"minecraft:barrel":5,"minecraft:golden_carrot":3,"minecraft:beef":5,"minecraft:water_bucket":5,"assortedtools:silver_spear":136,"minecraft:birch_planks":26,"minecraft:terracotta":16,"minecraft:crafting_table":12,"minecraft:red_bed":2,"minecraft:cod":3,"minecraft:oak_log":3,"minecraft:diamond_shovel":3,"minecraft:iron_pickaxe":747,"minecraft:netherite_axe":4,"minecraft:stone_axe":9,"minecraft:cobblestone":412,"travelersbackpack:standard":15,"minecraft:bucket":6,"minecraft:pumpkin_pie":2},"minecraft:killed":{"graveyard:skeleton_creeper":1,"minecraft:spider":5,"naturalist:snail":1,"minecraft:skeleton":25,"minecraft:creeper":2,"minecraft:sheep":1,"minecraft:trader_llama":1,"minecraft:zombie":36,"minecraft:stray":1,"iceandfire:pixie":2,"minecraft:cow":3,"iceandfire:siren":1,"minecraft:husk":2,"majruszsdifficulty:cursed_armor":1,"minecraft:wandering_trader":1,"whisperwoods:zotzpyre":1,"iceandfire:myrmex_soldier":1,"iceandfire:ghost":4},"minecraft:dropped":{"minecraft:birch_planks":14,"minecraft:glass_bottle":10,"minecraft:iron_horse_armor":1,"travelersbackpack:standard":3,"minecraft:dirt":9,"minecraft:white_wool":1,"minecraft:gold_ingot":24,"minecraft:stone_axe":1,"minecraft:cobbled_deepslate":1,"minecraft:wheat":15,"minecraft:rotten_flesh":5,"minecraft:poppy":1,"minecraft:gunpowder":1,"doggytalents:rice_grains":1,"minecraft:iron_ingot":31,"minecraft:water_bucket":1,"minecraft:bread":16,"minecraft:wheat_seeds":7,"minecraft:mossy_cobblestone":1,"clutter:copper_coin":16,"minecraft:cobblestone":14,"minecraft:book":2,"minecraft:granite":4,"minecraft:coal":46,"minecraft:stick":12,"minecraft:polished_andesite":2,"minecraft:oxeye_daisy":2,"minecraft:golden_carrot":3,"minecraft:leather_horse_armor":1,"minecraft:smooth_stone":4,"minecraft:iron_shovel":1,"minecraft:chainmail_leggings":1,"minecraft:trapped_chest":1,"minecraft:spruce_sapling":2,"minecraft:furnace":2,"minecraft:raw_copper":48,"minecraft:raw_iron":64,"minecraft:flower_pot":2,"minecraft:peony":1,"minecraft:spruce_planks":4,"minecraft:andesite":5,"minecraft:mossy_stone_bricks":10,"minecraft:stone_bricks":11,"minecraft:blue_orchid":1,"minecraft:wooden_pickaxe":1,"minecraft:raw_gold":1}},"DataVersion":3465}