{"stats":{"minecraft:killed":{"minecraft:skeleton":6,"minecraft:husk":1,"minecraft:wandering_trader":1,"minecraft:sheep":1,"minecraft:trader_llama":1,"minecraft:zombie":23,"minecraft:cow":3},"minecraft:killed_by":{"dungeonnowloading:spawner_carrier":1,"dungeonnowloading:hollow":1,"minecraft:skeleton":2,"minecraft:zombie":1},"minecraft:dropped":{"minecraft:birch_planks":14,"minecraft:mossy_cobblestone":1,"minecraft:glass_bottle":8,"minecraft:cobblestone":14,"minecraft:book":2,"minecraft:granite":2,"minecraft:iron_horse_armor":1,"minecraft:polished_andesite":2,"minecraft:stick":12,"minecraft:dirt":9,"minecraft:leather_horse_armor":1,"minecraft:smooth_stone":4,"minecraft:iron_shovel":1,"minecraft:trapped_chest":1,"minecraft:white_wool":1,"minecraft:gold_ingot":24,"minecraft:furnace":2,"minecraft:stone_axe":1,"minecraft:cobbled_deepslate":1,"minecraft:raw_copper":48,"minecraft:wheat":13,"minecraft:raw_iron":64,"minecraft:gunpowder":1,"minecraft:andesite":3,"minecraft:mossy_stone_bricks":10,"minecraft:stone_bricks":6,"minecraft:wooden_pickaxe":1,"minecraft:raw_gold":1},"minecraft:used":{"minecraft:stone_sword":118,"minecraft:shield":14,"minecraft:cooked_salmon":2,"minecraft:torch":60,"minecraft:dirt":9,"naturalist:cooked_bass":3,"minecraft:grass_block":2,"minecraft:iron_axe":9,"minecraft:cherry_leaves":1343,"minecraft:barrel":2,"minecraft:golden_carrot":2,"minecraft:beef":5,"minecraft:furnace":5,"minecraft:cooked_cod":8,"assortedtools:silver_spear":24,"minecraft:stone_pickaxe":147,"minecraft:wooden_pickaxe":119,"minecraft:oak_leaves":7,"minecraft:white_wool":14,"travelersbackpack:blue_sleeping_bag":2,"minecraft:crafting_table":8,"minecraft:cod":3,"minecraft:oak_log":3,"minecraft:diamond_shovel":3,"minecraft:bread":3,"minecraft:iron_pickaxe":478,"minecraft:netherite_axe":4,"minecraft:flowering_azalea_leaves":5,"minecraft:stone_axe":9,"minecraft:cobblestone":334,"minecraft:andesite":7},"minecraft:crafted":{"minecraft:furnace":5,"naturalist:cooked_bass":3,"minecraft:glass":14,"minecraft:stone_pickaxe":2,"minecraft:chest":3,"minecraft:birch_button":8,"minecraft:wheat":63,"minecraft:cooked_cod":8,"minecraft:crafting_table":7,"minecraft:spruce_planks":28,"travelersbackpack:backpack_tank":2,"minecraft:wooden_pickaxe":3,"minecraft:copper_ingot":60,"minecraft:birch_planks":88,"travelersbackpack:blue_sleeping_bag":2,"minecraft:stone_axe":1,"minecraft:bread":21,"minecraft:air":0,"minecraft:blue_dye":4,"minecraft:shield":1,"minecraft:stick":68,"minecraft:iron_ingot":33,"minecraft:iron_pickaxe":2,"minecraft:stone_sword":1,"minecraft:blue_wool":4,"minecraft:gold_ingot":24,"minecraft:torch":100,"minecraft:shears":1},"minecraft:broken":{"minecraft:stone_sword":1,"minecraft:wooden_pickaxe":1,"minecraft:stone_pickaxe":2,"minecraft:iron_pickaxe":1},"minecraft:mined":{"minecraft:mossy_cobblestone":2,"minecraft:deepslate_diamond_ore":1,"minecraft:sculk_vein":2,"travelersbackpack:blue_sleeping_bag":1,"minecraft:granite":15,"minecraft:grass_block":5,"minecraft:decorated_pot":2,"clutter:deepslate_silver_ore":6,"dungeonnowloading:book_pile":1,"minecraft:spruce_leaves":1,"minecraft:potted_bamboo":1,"minecraft:cartography_table":1,"minecraft:hay_block":14,"minecraft:smooth_stone":13,"minecraft:redstone_ore":6,"minecraft:furnace":2,"minecraft:fire":21,"minecraft:iron_ore":65,"minecraft:barrel":10,"minecraft:andesite":26,"minecraft:deepslate_lapis_ore":5,"minecraft:anvil":1,"minecraft:deepslate_iron_ore":30,"minecraft:stone":276,"minecraft:white_wool":8,"minecraft:green_bed":1,"dungeonnowloading:mossy_cobblestone_pebbles":1,"minecraft:cobbled_deepslate_wall":1,"minecraft:crafting_table":1,"dungeonnowloading:dungeon_wall_torch":1,"minecraft:torch":13,"minecraft:copper_ore":9,"minecraft:cobblestone":109,"minecraft:deepslate_coal_ore":14,"minecraft:lapis_ore":4,"minecraft:damaged_anvil":1,"minecraft:diorite":1,"minecraft:wall_torch":2,"supplementaries:urn":5,"minecraft:birch_log":22,"minecraft:spruce_log":7,"minecraft:jukebox":1,"minecraft:birch_leaves":1,"minecraft:tnt":1,"minecraft:smooth_stone_slab":1,"minecraft:grass":4,"dungeonnowloading:explosive_barrel":1,"minecraft:coal_ore":22,"minecraft:flower_pot":3,"minecraft:gravel":1,"minecraft:sand":3,"minecraft:dirt":25,"minecraft:polished_andesite":3,"minecraft:stone_bricks":13,"minecraft:mossy_stone_bricks":16,"minecraft:gold_ore":13,"minecraft:deepslate":44},"minecraft:picked_up":{"minecraft:crafting_table":1,"minecraft:wheat":26,"minecraft:flower_pot":2,"minecraft:anvil":1,"minecraft:lead":1,"minecraft:brick":8,"minecraft:string":1,"minecraft:raw_copper":57,"minecraft:cooked_salmon":1,"artifacts:power_glove":1,"minecraft:iron_leggings":1,"universal_graves:grave_compass":1,"clutter:raw_silver":17,"minecraft:cartography_table":1,"minecraft:smooth_stone":9,"minecraft:cobbled_deepslate":36,"minecraft:beef":6,"dungeonnowloading:mossy_cobblestone_pebble":3,"supplementaries:pancake":32,"minecraft:furnace":2,"minecraft:raw_iron":104,"minecraft:torch":18,"minecraft:green_bed":1,"minecraft:diorite":1,"minecraft:redstone":27,"minecraft:arrow":4,"minecraft:rotten_flesh":6,"minecraft:hay_block":14,"assortedtools:silver_spear":1,"supplementaries:ash":16,"minecraft:leather_horse_armor":1,"minecraft:cod":11,"minecraft:white_wool":22,"minecraft:cobblestone":372,"minecraft:birch_log":22,"minecraft:andesite":21,"minecraft:leather":6,"minecraft:gunpowder":1,"minecraft:lapis_lazuli":61,"minecraft:dirt":30,"minecraft:bone":7,"minecraft:stone_bricks":12,"minecraft:raw_gold":13,"minecraft:mossy_stone_bricks":15,"minecraft:glass_bottle":8,"minecraft:bamboo":1,"minecraft:book":2,"minecraft:music_disc_13":1,"minecraft:sand":38,"travelersbackpack:blue_sleeping_bag":2,"minecraft:spruce_log":13,"minecraft:mossy_cobblestone":2,"minecraft:trapped_chest":1,"minecraft:barrel":10,"minecraft:polished_andesite":4,"minecraft:diamond":1,"minecraft:granite":13,"minecraft:bone_meal":1,"minecraft:damaged_anvil":1,"minecraft:coal":42},"minecraft:custom":{"minecraft:mob_kills":38,"minecraft:interact_with_crafting_table":31,"goblintraders:trade_with_goblin":38,"minecraft:open_barrel":49,"minecraft:leave_game":7,"minecraft:time_since_death":6291,"minecraft:sprint_one_cm":261605,"minecraft:walk_one_cm":286906,"minecraft:damage_blocked_by_shield":1365,"minecraft:drop":34,"minecraft:play_time":193567,"minecraft:deaths":8,"minecraft:sneak_time":24373,"minecraft:walk_under_water_one_cm":35875,"minecraft:jump":1513,"minecraft:walk_on_water_one_cm":26812,"minecraft:total_world_time":193567,"minecraft:interact_with_furnace":38,"minecraft:sleep_in_bed":1,"minecraft:hex":0,"minecraft:time_since_rest":6351,"minecraft:damage_taken":2937,"minecraft:trigger_trapped_chest":9,"minecraft:damage_dealt":7967,"minecraft:swim_one_cm":39663,"minecraft:fly_one_cm":420063,"minecraft:open_chest":7,"minecraft:crouch_one_cm":46994,"minecraft:fall_one_cm":29824,"minecraft:horse_one_cm":5035}},"DataVersion":3465}