{"stats":{"minecraft:killed_by":{"dungeonnowloading:spawner_carrier":1,"minecraft:zombie":1,"dungeonnowloading:hollow":1,"minecraft:skeleton":7},"minecraft:killed":{"graveyard:skeleton_creeper":1,"minecraft:spider":4,"naturalist:snail":1,"minecraft:skeleton":18,"minecraft:creeper":2,"minecraft:sheep":1,"minecraft:trader_llama":1,"minecraft:zombie":31,"minecraft:stray":1,"iceandfire:pixie":2,"minecraft:cow":3,"minecraft:husk":2,"minecraft:wandering_trader":1,"majruszsdifficulty:cursed_armor":1,"iceandfire:myrmex_soldier":1,"iceandfire:ghost":2},"minecraft:used":{"minecraft:chest":3,"minecraft:shield":15,"minecraft:iron_chestplate":1,"minecraft:jungle_planks":23,"naturalist:cooked_bass":3,"minecraft:honey_bottle":12,"minecraft:grass_block":2,"minecraft:cherry_leaves":1343,"minecraft:stone_bricks":10,"minecraft:furnace":5,"minecraft:cooked_cod":8,"minecraft:diorite":3,"minecraft:stone_pickaxe":147,"minecraft:oak_planks":19,"minecraft:ender_pearl":1,"minecraft:wooden_pickaxe":143,"minecraft:jungle_boat":2,"minecraft:oak_leaves":7,"minecraft:white_wool":15,"travelersbackpack:blue_sleeping_bag":4,"minecraft:bread":40,"minecraft:flowering_azalea_leaves":5,"minecraft:smithing_table":2,"minecraft:andesite":22,"minecraft:stone_sword":118,"minecraft:spruce_planks":26,"minecraft:cooked_salmon":2,"minecraft:torch":116,"minecraft:dirt":9,"minecraft:granite":6,"minecraft:dark_oak_planks":1,"minecraft:iron_axe":94,"minecraft:barrel":5,"minecraft:golden_carrot":3,"minecraft:beef":5,"minecraft:water_bucket":1,"assortedtools:silver_spear":115,"minecraft:birch_planks":26,"minecraft:crafting_table":10,"minecraft:cod":3,"minecraft:oak_log":3,"minecraft:diamond_shovel":3,"minecraft:iron_pickaxe":580,"minecraft:netherite_axe":4,"minecraft:stone_axe":9,"minecraft:cobblestone":412,"travelersbackpack:standard":7,"minecraft:bucket":2},"minecraft:dropped":{"minecraft:birch_planks":14,"minecraft:glass_bottle":10,"minecraft:iron_horse_armor":1,"travelersbackpack:standard":3,"minecraft:dirt":9,"minecraft:white_wool":1,"minecraft:gold_ingot":24,"minecraft:stone_axe":1,"minecraft:cobbled_deepslate":1,"minecraft:wheat":15,"minecraft:gunpowder":1,"doggytalents:rice_grains":1,"minecraft:iron_ingot":31,"minecraft:bread":16,"minecraft:mossy_cobblestone":1,"clutter:copper_coin":16,"minecraft:cobblestone":14,"minecraft:book":2,"minecraft:granite":4,"minecraft:stick":12,"minecraft:polished_andesite":2,"minecraft:golden_carrot":3,"minecraft:leather_horse_armor":1,"minecraft:smooth_stone":4,"minecraft:iron_shovel":1,"minecraft:trapped_chest":1,"minecraft:spruce_sapling":2,"minecraft:furnace":2,"minecraft:raw_copper":48,"minecraft:raw_iron":64,"minecraft:spruce_planks":4,"minecraft:andesite":5,"minecraft:mossy_stone_bricks":10,"minecraft:stone_bricks":7,"minecraft:wooden_pickaxe":1,"minecraft:raw_gold":1},"minecraft:crafted":{"minecraft:oak_planks":20,"naturalist:cooked_bass":3,"minecraft:glass":38,"minecraft:chest":8,"minecraft:birch_button":8,"travelersbackpack:iron_tier_upgrade":1,"minecraft:crafting_table":9,"minecraft:spruce_planks":80,"minecraft:jungle_boat":1,"minecraft:wooden_pickaxe":3,"travelersbackpack:standard":3,"minecraft:smithing_table":1,"minecraft:copper_ingot":60,"travelersbackpack:blue_sleeping_bag":2,"minecraft:birch_planks":88,"minecraft:iron_chestplate":1,"minecraft:shield":1,"minecraft:stick":76,"minecraft:iron_ingot":92,"minecraft:iron_pickaxe":3,"minecraft:stone_sword":1,"minecraft:gold_ingot":28,"iceandfire:dragon_horn":1,"minecraft:shears":1,"iceandfire:dragon_stick":1,"minecraft:furnace":5,"iceandfire:dragon_flute":1,"travelersbackpack:gold_tier_upgrade":1,"travelersbackpack:blank_upgrade":4,"minecraft:stone_pickaxe":2,"minecraft:wheat":126,"minecraft:cooked_cod":8,"travelersbackpack:backpack_tank":6,"minecraft:bucket":1,"minecraft:stone_axe":1,"minecraft:bread":46,"minecraft:air":0,"minecraft:jungle_planks":28,"minecraft:blue_dye":4,"minecraft:blue_wool":4,"minecraft:torch":100},"minecraft:broken":{"minecraft:stone_pickaxe":2,"minecraft:stone_sword":1,"minecraft:wooden_pickaxe":2,"minecraft:iron_pickaxe":2},"minecraft:mined":{"minecraft:dark_oak_planks":7,"minecraft:stone_pressure_plate":1,"minecraft:spruce_planks":6,"minecraft:sculk_vein":2,"minecraft:jungle_leaves":2,"travelersbackpack:blue_sleeping_bag":1,"minecraft:granite":22,"minecraft:grass_block":6,"minecraft:stone_brick_wall":1,"clutter:deepslate_silver_ore":6,"minecraft:jungle_log":7,"minecraft:coal_block":6,"minecraft:smooth_stone":14,"minecraft:iron_ore":67,"minecraft:barrel":11,"minecraft:fire":21,"minecraft:anvil":1,"minecraft:deepslate_lapis_ore":5,"minecraft:blue_orchid":1,"archers:archers_workbench":2,"minecraft:green_bed":1,"minecraft:red_bed":1,"minecraft:smoker":3,"dungeonnowloading:dungeon_wall_torch":1,"minecraft:torch":13,"minecraft:blast_furnace":2,"iceandfire:ghost_chest":1,"minecraft:chest":1,"minecraft:cobblestone":109,"minecraft:damaged_anvil":1,"minecraft:oak_planks":1,"minecraft:sugar_cane":6,"minecraft:bricks":4,"minecraft:iron_door":1,"minecraft:wall_torch":5,"minecraft:skeleton_skull":2,"minecraft:birch_log":22,"minecraft:jukebox":1,"minecraft:tnt":1,"minecraft:smooth_stone_slab":1,"minecraft:grass":9,"dungeonnowloading:explosive_barrel":1,"minecraft:oak_log":5,"minecraft:sand":3,"minecraft:dirt":25,"minecraft:oak_leaves":4,"minecraft:deepslate":58,"minecraft:mossy_cobblestone":2,"minecraft:deepslate_diamond_ore":1,"minecraft:decorated_pot":4,"dungeonnowloading:book_pile":1,"minecraft:white_stained_glass":1,"minecraft:redstone_wire":8,"minecraft:spruce_leaves":4,"minecraft:potted_bamboo":3,"minecraft:cartography_table":1,"minecraft:hay_block":16,"minecraft:redstone_ore":6,"minecraft:furnace":5,"minecraft:andesite":26,"minecraft:bookshelf":27,"minecraft:deepslate_iron_ore":30,"minecraft:lantern":5,"minecraft:stone":308,"minecraft:white_wool":9,"minecraft:smithing_table":1,"minecraft:scaffolding":5,"minecraft:redstone_block":2,"minecraft:comparator":2,"dungeonnowloading:mossy_cobblestone_pebbles":1,"travelersbackpack:standard":1,"minecraft:crafting_table":1,"minecraft:cobbled_deepslate_wall":1,"minecraft:campfire":4,"minecraft:tall_grass":2,"minecraft:copper_ore":9,"rogues:arms_workbench":1,"minecraft:deepslate_coal_ore":14,"minecraft:lapis_ore":4,"minecraft:diorite":4,"minecraft:spruce_stairs":1,"supplementaries:urn":5,"minecraft:birch_planks":3,"minecraft:birch_leaves":1,"minecraft:spruce_log":20,"minecraft:coal_ore":23,"minecraft:cocoa":1,"minecraft:gravel":1,"minecraft:zombie_head":1,"minecraft:flower_pot":3,"minecraft:stone_bricks":25,"minecraft:polished_andesite":3,"minecraft:mossy_stone_bricks":16,"minecraft:gold_ore":13,"minecraft:fern":1},"minecraft:picked_up":{"minecraft:wheat":28,"minecraft:redstone_block":2,"minecraft:anvil":1,"minecraft:flower_pot":4,"minecraft:smithing_table":1,"minecraft:lead":1,"minecraft:enchanted_book":1,"minecraft:string":4,"minecraft:raw_copper":57,"minecraft:cooked_salmon":1,"minecraft:iron_leggings":1,"universal_graves:grave_compass":1,"minecraft:experience_bottle":2,"minecraft:zombie_head":1,"minecraft:cobbled_deepslate":36,"minecraft:smooth_stone":9,"minecraft:comparator":2,"minecraft:spruce_planks":11,"minecraft:rose_bush":3,"dungeonnowloading:mossy_cobblestone_pebble":3,"minecraft:coal_block":6,"supplementaries:pancake":32,"minecraft:furnace":5,"minecraft:tipped_arrow":1,"iceandfire:pixie_dust":3,"iceandfire:ghost_chest":1,"minecraft:torch":22,"minecraft:green_bed":1,"minecraft:spruce_stairs":1,"minecraft:diorite":4,"minecraft:rotten_flesh":19,"assortedtools:silver_spear":1,"supplementaries:ash":16,"minecraft:leather_horse_armor":1,"minecraft:cod":11,"minecraft:cobblestone":403,"minecraft:birch_log":22,"minecraft:iron_door":1,"minecraft:andesite":24,"minecraft:jungle_log":7,"minecraft:smoker":3,"minecraft:potato":9,"minecraft:dirt":47,"minecraft:lapis_lazuli":61,"minecraft:lantern":6,"minecraft:bone":28,"minecraft:bow":1,"minecraft:wheat_seeds":5,"minecraft:raw_gold":13,"minecraft:bamboo":3,"minecraft:mossy_stone_bricks":15,"minecraft:rabbit":2,"minecraft:oak_planks":19,"minecraft:music_disc_13":1,"minecraft:sand":38,"minecraft:trapped_chest":1,"iceandfire:myrmex_stinger":1,"minecraft:barrel":11,"minecraft:mossy_cobblestone":2,"minecraft:polished_andesite":4,"clutter:copper_coin":16,"minecraft:diamond":1,"minecraft:granite":22,"minecraft:bone_meal":1,"minecraft:emerald":2,"minecraft:bricks":4,"iceandfire:dragon_skull_lightning":1,"minecraft:cocoa_beans":3,"minecraft:charcoal":8,"minecraft:crafting_table":1,"minecraft:azure_bluet":1,"minecraft:ladder":1,"minecraft:stone_brick_wall":1,"minecraft:brick":8,"minecraft:cornflower":1,"minecraft:red_bed":1,"artifacts:power_glove":1,"minecraft:item_frame":13,"clutter:raw_silver":17,"minecraft:cartography_table":1,"minecraft:beef":6,"minecraft:sugar_cane":18,"minecraft:chest":2,"minecraft:raw_iron":106,"iceandfire:dragonbone":13,"minecraft:redstone":35,"archers:archers_workbench":2,"minecraft:stone_pressure_plate":3,"minecraft:dark_oak_planks":9,"minecraft:arrow":17,"minecraft:pumpkin_pie":4,"minecraft:hay_block":16,"minecraft:gold_ingot":1,"minecraft:mutton":6,"minecraft:skeleton_skull":3,"minecraft:white_wool":24,"rogues:stone_double_axe":1,"minecraft:jungle_boat":2,"minecraft:leather":6,"minecraft:birch_planks":27,"doggytalents:rice_grains":2,"minecraft:oak_log":5,"minecraft:golden_boots":1,"minecraft:gunpowder":5,"minecraft:stone_bricks":24,"minecraft:iron_ingot":31,"minecraft:cobweb":3,"minecraft:glass_bottle":9,"minecraft:book":84,"minecraft:scaffolding":6,"minecraft:dandelion":5,"travelersbackpack:blue_sleeping_bag":4,"minecraft:spruce_sapling":2,"minecraft:blast_furnace":2,"minecraft:spruce_log":26,"minecraft:spider_eye":1,"minecraft:archer_pottery_sherd":8,"travelersbackpack:standard":3,"minecraft:firework_rocket":1,"minecraft:slime_ball":1,"minecraft:chainmail_leggings":2,"rogues:arms_workbench":1,"minecraft:damaged_anvil":1,"minecraft:coal":62,"minecraft:ender_pearl":1},"minecraft:custom":{"minecraft:interact_with_crafting_table":54,"minecraft:open_barrel":79,"goblintraders:trade_with_goblin":38,"minecraft:eat_cake_slice":2,"minecraft:leave_game":8,"minecraft:time_since_death":65823,"minecraft:sprint_one_cm":600640,"minecraft:damage_blocked_by_shield":1440,"minecraft:drop":56,"minecraft:talked_to_villager":1,"minecraft:play_time":305947,"minecraft:deaths":13,"minecraft:jump":3104,"minecraft:walk_on_water_one_cm":51389,"minecraft:interact_with_furnace":49,"minecraft:sleep_in_bed":5,"minecraft:damage_dealt":15982,"minecraft:crouch_one_cm":61517,"minecraft:horse_one_cm":5035,"minecraft:interact_with_smithing_table":8,"minecraft:mob_kills":74,"minecraft:climb_one_cm":4785,"minecraft:walk_one_cm":543270,"minecraft:sneak_time":29051,"minecraft:walk_under_water_one_cm":44607,"minecraft:boat_one_cm":107256,"minecraft:interact_with_blast_furnace":1,"minecraft:total_world_time":305947,"minecraft:hex":0,"minecraft:time_since_rest":11449,"minecraft:damage_taken":6660,"minecraft:trigger_trapped_chest":11,"minecraft:swim_one_cm":93316,"minecraft:fly_one_cm":628169,"minecraft:open_chest":44,"minecraft:fall_one_cm":61362}},"DataVersion":3465}