{"stats":{"minecraft:killed":{"minecraft:zombie":3,"majruszsdifficulty:cursed_armor":1,"minecraft:phantom":1},"minecraft:killed_by":{"majruszsdifficulty:cursed_armor":1,"minecraft:player":1,"minecraft:skeleton":2},"minecraft:dropped":{"minecraft:dirt":2,"minecraft:bricks":2,"clutter:copper_coin":7,"minecraft:oak_planks":18,"minecraft:iron_axe":2},"minecraft:used":{"minecraft:dark_oak_planks":1,"minecraft:rose_bush":1,"minecraft:bricks":9,"minecraft:birch_planks":23,"minecraft:iron_axe":19,"minecraft:bread":13,"minecraft:oak_planks":15,"minecraft:iron_pickaxe":14,"minecraft:ladder":2,"minecraft:spruce_planks":6,"minecraft:iron_helmet":1,"minecraft:shield":2,"minecraft:chainmail_helmet":1,"minecraft:iron_sword":27,"minecraft:iron_boots":1,"minecraft:iron_chestplate":1,"minecraft:dirt":2,"minecraft:crafting_table":1,"minecraft:acacia_planks":16,"minecraft:iron_leggings":1},"minecraft:crafted":{"minecraft:oak_planks":48,"minecraft:shield":1,"minecraft:iron_axe":1,"minecraft:crafting_table":1,"minecraft:stick":4,"minecraft:acacia_planks":16},"minecraft:mined":{"minecraft:skeleton_skull":1,"minecraft:dark_oak_planks":2,"minecraft:spruce_planks":8,"minecraft:acacia_wood":4,"minecraft:birch_leaves":9,"minecraft:dark_oak_fence":1,"minecraft:granite":2,"minecraft:stripped_crimson_hyphae":2,"minecraft:purple_terracotta":4,"minecraft:grass_block":2,"minecraft:oak_log":12,"minecraft:rose_bush":1,"minecraft:bricks":8,"minecraft:oak_leaves":1,"minecraft:spruce_slab":1},"minecraft:picked_up":{"minecraft:stick":1,"minecraft:ladder":2,"minecraft:acacia_wood":4,"minecraft:oak_log":12,"minecraft:dirt":2,"minecraft:purple_terracotta":4,"minecraft:iron_axe":1,"minecraft:dark_oak_planks":2,"clutter:copper_coin":7,"dungeonnowloading:spawner_fragment":4,"minecraft:spruce_planks":6,"minecraft:granite":1,"minecraft:rose_bush":1,"minecraft:dark_oak_fence":1,"minecraft:bricks":9,"minecraft:skeleton_skull":1},"minecraft:custom":{"minecraft:time_since_rest":49,"minecraft:sprint_one_cm":87967,"minecraft:damage_blocked_by_shield":195,"minecraft:damage_taken":1726,"minecraft:walk_one_cm":127228,"minecraft:mob_kills":5,"minecraft:drop":7,"minecraft:damage_dealt":1140,"minecraft:swim_one_cm":3928,"minecraft:interact_with_crafting_table":1,"minecraft:fly_one_cm":57192,"minecraft:open_barrel":3,"minecraft:open_chest":10,"minecraft:crouch_one_cm":3019,"minecraft:play_time":34313,"minecraft:deaths":4,"minecraft:sneak_time":1216,"minecraft:walk_under_water_one_cm":7439,"minecraft:jump":737,"minecraft:leave_game":3,"minecraft:time_since_death":0,"minecraft:walk_on_water_one_cm":4831,"minecraft:climb_one_cm":2078,"minecraft:total_world_time":34313,"minecraft:hex":0,"minecraft:fall_one_cm":12993}},"DataVersion":3465}