{"stats":{"minecraft:mined":{"minecraft:dark_oak_planks":7,"minecraft:spruce_planks":5,"iceandfire:silver_ore":2,"minecraft:mossy_cobblestone":1,"minecraft:andesite_stairs":3,"minecraft:brewing_stand":1,"minecraft:potted_dead_bush":2,"minecraft:dark_oak_fence":3,"minecraft:granite":6,"minecraft:ladder":4,"minecraft:budding_amethyst":1,"minecraft:spruce_fence":1,"minecraft:grass_block":48,"minecraft:spruce_leaves":3,"minecraft:red_mushroom":5,"minecraft:cartography_table":1,"clutter:pig_plushie":1,"minecraft:furnace":2,"runes:crafting_altar":1,"minecraft:iron_ore":16,"minecraft:acacia_wood":4,"minecraft:stripped_spruce_log":9,"minecraft:pumpkin":12,"minecraft:brown_bed":1,"minecraft:dark_oak_stairs":1,"minecraft:bookshelf":61,"minecraft:red_tulip":1,"minecraft:brown_glazed_terracotta":1,"minecraft:dirt_path":1,"minecraft:oak_stairs":2,"minecraft:lantern":1,"minecraft:spruce_wood":4,"minecraft:stone":478,"minecraft:spruce_slab":2,"minecraft:green_bed":4,"minecraft:smithing_table":1,"minecraft:oak_slab":2,"minecraft:brown_mushroom":16,"minecraft:smoker":1,"minecraft:brown_carpet":10,"minecraft:amethyst_cluster":1,"minecraft:torch":1,"minecraft:soul_lantern":1,"minecraft:powder_snow":15,"minecraft:crafting_table":6,"minecraft:blast_furnace":1,"minecraft:potted_warped_roots":1,"minecraft:chest":2,"minecraft:rose_bush":1,"farmersdelight:brown_mushroom_colony":6,"minecraft:copper_ore":9,"minecraft:cobblestone":49,"minecraft:red_glazed_terracotta":1,"minecraft:grindstone":1,"minecraft:oak_planks":12,"minecraft:bricks":32,"minecraft:wall_torch":1,"minecraft:skeleton_skull":1,"minecraft:spruce_stairs":6,"minecraft:birch_planks":1,"minecraft:red_candle":1,"minecraft:cobblestone_wall":10,"paladins:monk_workbench":1,"minecraft:birch_log":37,"minecraft:lilac":1,"minecraft:jukebox":1,"minecraft:birch_leaves":16,"minecraft:grass":2,"minecraft:coal_ore":61,"minecraft:oak_log":134,"minecraft:cocoa":1,"minecraft:light_blue_candle":1,"minecraft:dirt":42,"minecraft:terracotta":10,"minecraft:polished_andesite":1,"minecraft:oak_leaves":52},"minecraft:picked_up":{"minecraft:crafting_table":6,"minecraft:chainmail_boots":4,"minecraft:ladder":1,"minecraft:flower_pot":3,"wizards:wizard_robe_feet":1,"minecraft:smithing_table":1,"minecraft:brown_mushroom":46,"runes:crafting_altar":1,"clutter:magenta_lupine":1,"minecraft:brown_bed":1,"minecraft:oak_stairs":2,"minecraft:brewing_stand":1,"minecraft:iron_axe":1,"minecraft:raw_copper":39,"minecraft:red_candle":3,"minecraft:item_frame":18,"universal_graves:grave_compass":1,"minecraft:experience_bottle":12,"minecraft:cartography_table":2,"minecraft:bucket":1,"minecraft:spruce_planks":48,"minecraft:andesite_stairs":3,"minecraft:rose_bush":6,"minecraft:spruce_slab":5,"minecraft:chest":1,"minecraft:birch_sapling":3,"minecraft:furnace":2,"clutter:small_magenta_lupine":1,"minecraft:golden_helmet":1,"minecraft:raw_iron":16,"minecraft:stick":8,"minecraft:jukebox":2,"minecraft:spruce_fence":1,"minecraft:brown_glazed_terracotta":1,"wizards:wizard_robe_legs":1,"minecraft:torch":5,"minecraft:green_bed":4,"runes:fire_stone":1,"minecraft:spruce_stairs":6,"minecraft:porkchop":3,"minecraft:redstone":5,"paladins:monk_workbench":1,"minecraft:stone_pressure_plate":1,"minecraft:golden_chestplate":1,"minecraft:dark_oak_planks":7,"minecraft:brown_carpet":11,"wizards:wizard_robe_head":1,"minecraft:arrow":4,"minecraft:rotten_flesh":3,"minecraft:cod":4,"minecraft:skeleton_skull":1,"minecraft:cobblestone":508,"minecraft:birch_log":58,"minecraft:lilac":2,"artifacts:digging_claws":1,"minecraft:red_glazed_terracotta":1,"minecraft:red_mushroom":5,"minecraft:smoker":1,"minecraft:acacia_wood":4,"minecraft:potato":2,"minecraft:birch_planks":2,"minecraft:oak_log":134,"minecraft:gunpowder":1,"minecraft:map":2,"spellbladenext:fire_blade":1,"minecraft:lapis_lazuli":29,"minecraft:dirt":86,"minecraft:paper":14,"minecraft:lantern":1,"minecraft:bone":9,"minecraft:spruce_wood":4,"clutter:pig_plushie":1,"minecraft:grindstone":1,"paladins:acolyte_wand":1,"minecraft:iron_ingot":7,"minecraft:oak_planks":12,"minecraft:honeycomb":9,"minecraft:dark_oak_stairs":1,"minecraft:book":312,"minecraft:oak_slab":1,"minecraft:birch_boat":1,"minecraft:pumpkin":15,"archers:archer_armor_head":1,"runes:arcane_stone":1,"minecraft:amethyst_shard":4,"minecraft:stripped_spruce_log":5,"minecraft:blast_furnace":1,"minecraft:dead_bush":2,"minecraft:mossy_cobblestone":1,"minecraft:polished_andesite":2,"minecraft:diamond":2,"runes:frost_stone":1,"minecraft:soul_lantern":1,"minecraft:chainmail_leggings":2,"minecraft:granite":6,"minecraft:bone_meal":1,"minecraft:warped_roots":1,"minecraft:emerald":3,"minecraft:terracotta":9,"minecraft:oak_sapling":2,"minecraft:light_blue_candle":3,"minecraft:dark_oak_fence":1,"minecraft:dark_oak_wood":1,"minecraft:bricks":30,"minecraft:coal":114,"iceandfire:raw_silver":2,"minecraft:ender_pearl":11},"minecraft:broken":{"minecraft:iron_pickaxe":2},"minecraft:dropped":{"minecraft:birch_planks":2,"minecraft:golden_helmet":1,"minecraft:lilac":1,"minecraft:ender_pearl":4,"minecraft:iron_helmet":1,"minecraft:warped_roots":1,"minecraft:item_frame":7,"minecraft:stick":1,"spellbladenext:fire_blade":1,"clutter:pig_plushie":1,"minecraft:dark_oak_wood":1,"minecraft:wooden_axe":1,"minecraft:rose_bush":5,"minecraft:bone_meal":1,"minecraft:iron_axe":1,"minecraft:iron_pickaxe":1,"minecraft:paper":7,"minecraft:chainmail_leggings":2,"minecraft:birch_log":28,"minecraft:golden_chestplate":1,"minecraft:birch_sapling":1,"minecraft:potato":2,"minecraft:flower_pot":1,"minecraft:gunpowder":1,"minecraft:oak_sapling":2,"minecraft:chainmail_boots":2,"minecraft:brown_carpet":8,"minecraft:spruce_slab":2,"minecraft:cartography_table":1},"minecraft:killed_by":{"minecraft:player":1,"iceandfire:siren":1,"minecraft:skeleton":7},"minecraft:killed":{"minecraft:cod":6,"naturalist:boar":1,"minecraft:skeleton":2,"minecraft:zombie":1,"minecraft:player":1},"minecraft:custom":{"minecraft:mob_kills":14,"minecraft:interact_with_crafting_table":36,"minecraft:open_barrel":26,"minecraft:leave_game":3,"minecraft:time_since_death":28478,"minecraft:climb_one_cm":14149,"minecraft:sprint_one_cm":463775,"minecraft:walk_one_cm":627221,"minecraft:damage_blocked_by_shield":1746,"minecraft:drop":44,"minecraft:play_time":202983,"minecraft:deaths":12,"minecraft:sneak_time":11190,"minecraft:walk_under_water_one_cm":28329,"minecraft:boat_one_cm":169705,"minecraft:jump":2635,"minecraft:interact_with_blast_furnace":1,"minecraft:walk_on_water_one_cm":50551,"minecraft:total_world_time":202983,"minecraft:interact_with_furnace":33,"minecraft:interact_with_cartography_table":8,"minecraft:sleep_in_bed":3,"minecraft:hex":0,"minecraft:time_since_rest":15202,"minecraft:damage_taken":4680,"minecraft:damage_dealt":1411,"minecraft:swim_one_cm":37840,"minecraft:player_kills":1,"minecraft:fly_one_cm":248605,"minecraft:open_chest":87,"minecraft:crouch_one_cm":65497,"minecraft:interact_with_smoker":4,"minecraft:fall_one_cm":56641},"minecraft:used":{"minecraft:beetroot":4,"minecraft:stone_shovel":61,"minecraft:spruce_slab":2,"minecraft:ladder":1,"minecraft:spruce_planks":3,"minecraft:chest":7,"minecraft:shield":24,"minecraft:iron_sword":5,"minecraft:rotten_flesh":3,"minecraft:oak_door":2,"minecraft:torch":12,"minecraft:dirt":80,"assortedtools:wood_bucket":1,"minecraft:stripped_spruce_log":2,"minecraft:wooden_axe":8,"minecraft:dark_oak_planks":6,"minecraft:bricks":18,"spellbladenext:fire_blade":39,"minecraft:lantern":1,"minecraft:iron_axe":292,"minecraft:oak_stairs":2,"minecraft:item_frame":1,"minecraft:golden_carrot":3,"minecraft:furnace":3,"minecraft:cooked_cod":5,"minecraft:birch_planks":11,"minecraft:stone_pickaxe":85,"minecraft:oak_planks":525,"minecraft:cartography_table":1,"minecraft:ender_pearl":7,"minecraft:birch_boat":3,"minecraft:wooden_pickaxe":14,"travelersbackpack:iron_golem":2,"minecraft:green_bed":2,"minecraft:terracotta":9,"minecraft:crafting_table":8,"minecraft:smoker":1,"minecraft:bread":17,"minecraft:map":1,"minecraft:iron_pickaxe":646,"minecraft:stone_axe":15,"minecraft:cobblestone":398,"minecraft:cooked_porkchop":1,"minecraft:porkchop":2,"minecraft:experience_bottle":12},"minecraft:crafted":{"minecraft:wooden_sword":1,"minecraft:oak_door":3,"minecraft:oak_planks":536,"minecraft:stone_shovel":1,"minecraft:golden_chestplate":1,"minecraft:birch_boat":2,"minecraft:furnace":2,"assortedtools:wood_bucket":1,"minecraft:bookshelf":7,"minecraft:cooked_mutton":3,"minecraft:iron_axe":2,"minecraft:stone_pickaxe":1,"minecraft:chest":5,"minecraft:golden_helmet":1,"minecraft:cooked_beef":12,"minecraft:cooked_cod":5,"minecraft:wooden_shovel":1,"minecraft:cooked_porkchop":1,"minecraft:spruce_planks":24,"minecraft:crafting_table":3,"minecraft:wooden_pickaxe":1,"minecraft:iron_helmet":1,"minecraft:iron_sword":1,"minecraft:birch_planks":120,"minecraft:stone_axe":1,"minecraft:air":0,"minecraft:iron_chestplate":1,"minecraft:shield":1,"minecraft:stick":32,"minecraft:iron_pickaxe":5,"minecraft:iron_ingot":8,"minecraft:wooden_axe":1,"minecraft:acacia_planks":16,"minecraft:torch":12}},"DataVersion":3465}