{"stats":{"minecraft:killed":{"minecraft:skeleton":2,"minecraft:player":1},"minecraft:killed_by":{"minecraft:player":1,"minecraft:skeleton":7},"minecraft:used":{"minecraft:stone_shovel":61,"minecraft:spruce_slab":2,"minecraft:stone_pickaxe":85,"minecraft:ladder":1,"minecraft:shield":18,"minecraft:chest":2,"minecraft:ender_pearl":5,"minecraft:spruce_planks":3,"minecraft:wooden_pickaxe":14,"minecraft:iron_sword":5,"minecraft:torch":12,"minecraft:dirt":74,"minecraft:crafting_table":1,"minecraft:dark_oak_planks":6,"spellbladenext:fire_blade":16,"minecraft:bread":9,"minecraft:iron_pickaxe":93,"minecraft:stone_axe":15,"minecraft:golden_carrot":3,"minecraft:cobblestone":77,"minecraft:furnace":1},"minecraft:dropped":{"minecraft:lilac":1,"minecraft:ender_pearl":4,"minecraft:rose_bush":1,"minecraft:spruce_slab":2,"minecraft:iron_pickaxe":1},"minecraft:crafted":{"minecraft:stone_shovel":1,"minecraft:golden_chestplate":1,"minecraft:crafting_table":1,"minecraft:wooden_pickaxe":1,"minecraft:iron_sword":1,"minecraft:furnace":1,"minecraft:birch_planks":52,"minecraft:stone_axe":1,"minecraft:air":0,"minecraft:shield":1,"minecraft:stick":16,"minecraft:stone_pickaxe":1,"minecraft:iron_ingot":8,"minecraft:iron_pickaxe":2,"minecraft:chest":2,"minecraft:torch":12,"minecraft:golden_helmet":1},"minecraft:mined":{"minecraft:dark_oak_planks":7,"minecraft:oak_slab":2,"minecraft:spruce_planks":3,"minecraft:ladder":3,"minecraft:granite":5,"minecraft:dark_oak_fence":2,"minecraft:grass_block":39,"minecraft:rose_bush":1,"minecraft:cobblestone":33,"minecraft:red_glazed_terracotta":1,"minecraft:bricks":12,"minecraft:skeleton_skull":1,"minecraft:spruce_stairs":6,"minecraft:birch_log":13,"minecraft:iron_ore":16,"minecraft:lilac":1,"minecraft:birch_leaves":8,"minecraft:dark_oak_stairs":1,"minecraft:red_tulip":1,"minecraft:coal_ore":28,"minecraft:dirt":39,"minecraft:stone":81,"minecraft:polished_andesite":1,"minecraft:oak_leaves":2,"minecraft:spruce_slab":2},"minecraft:picked_up":{"minecraft:birch_log":13,"minecraft:lilac":2,"minecraft:ladder":1,"minecraft:red_glazed_terracotta":1,"spellbladenext:fire_blade":1,"minecraft:dirt":75,"universal_graves:grave_compass":1,"minecraft:bone":9,"minecraft:spruce_planks":4,"minecraft:rose_bush":2,"minecraft:spruce_slab":5,"minecraft:birch_sapling":2,"minecraft:dark_oak_stairs":1,"minecraft:raw_iron":16,"minecraft:oak_slab":1,"minecraft:stick":3,"minecraft:spruce_stairs":6,"minecraft:dark_oak_planks":7,"minecraft:polished_andesite":2,"minecraft:arrow":4,"minecraft:granite":5,"minecraft:dark_oak_fence":1,"minecraft:bricks":12,"minecraft:coal":27,"minecraft:skeleton_skull":1,"minecraft:cobblestone":109,"minecraft:ender_pearl":11},"minecraft:custom":{"minecraft:interact_with_furnace":16,"minecraft:mob_kills":5,"minecraft:interact_with_crafting_table":17,"minecraft:open_barrel":3,"minecraft:leave_game":1,"minecraft:time_since_death":5170,"minecraft:climb_one_cm":1917,"minecraft:hex":0,"minecraft:time_since_rest":5302,"minecraft:sprint_one_cm":145899,"minecraft:damage_taken":2879,"minecraft:walk_one_cm":192650,"minecraft:damage_blocked_by_shield":1155,"minecraft:drop":9,"minecraft:damage_dealt":753,"minecraft:swim_one_cm":4673,"minecraft:fly_one_cm":83347,"minecraft:player_kills":1,"minecraft:open_chest":18,"minecraft:crouch_one_cm":14965,"minecraft:play_time":66026,"minecraft:deaths":8,"minecraft:sneak_time":3317,"minecraft:walk_under_water_one_cm":9390,"minecraft:jump":1145,"minecraft:walk_on_water_one_cm":11932,"minecraft:total_world_time":66026,"minecraft:fall_one_cm":18545}},"DataVersion":3465}