{"stats":{"minecraft:mined":{"minecraft:dark_oak_planks":7,"minecraft:oak_slab":2,"minecraft:spruce_planks":3,"minecraft:crafting_table":1,"minecraft:ladder":4,"minecraft:granite":6,"minecraft:dark_oak_fence":3,"minecraft:grass_block":39,"minecraft:rose_bush":1,"minecraft:cobblestone":33,"minecraft:red_glazed_terracotta":1,"minecraft:bricks":32,"minecraft:skeleton_skull":1,"minecraft:spruce_stairs":6,"minecraft:birch_log":13,"minecraft:iron_ore":16,"minecraft:acacia_wood":4,"minecraft:lilac":1,"minecraft:jukebox":1,"minecraft:birch_leaves":11,"minecraft:dark_oak_stairs":1,"minecraft:bookshelf":48,"minecraft:red_tulip":1,"minecraft:coal_ore":28,"minecraft:oak_stairs":2,"minecraft:dirt":39,"minecraft:terracotta":10,"minecraft:stone":81,"minecraft:polished_andesite":1,"minecraft:spruce_slab":2,"minecraft:oak_leaves":2},"minecraft:picked_up":{"minecraft:birch_log":13,"minecraft:crafting_table":1,"minecraft:lilac":2,"minecraft:ladder":1,"minecraft:red_glazed_terracotta":1,"minecraft:acacia_wood":4,"minecraft:oak_stairs":2,"spellbladenext:fire_blade":1,"minecraft:dirt":75,"universal_graves:grave_compass":1,"minecraft:bone":9,"minecraft:spruce_planks":4,"minecraft:rose_bush":2,"minecraft:spruce_slab":5,"minecraft:birch_sapling":2,"minecraft:dark_oak_stairs":1,"minecraft:book":144,"minecraft:oak_slab":1,"minecraft:stick":3,"minecraft:raw_iron":16,"minecraft:jukebox":1,"minecraft:torch":2,"minecraft:spruce_stairs":6,"minecraft:dark_oak_planks":7,"minecraft:polished_andesite":2,"minecraft:arrow":4,"minecraft:granite":6,"minecraft:terracotta":9,"minecraft:dark_oak_fence":1,"minecraft:bricks":30,"minecraft:coal":27,"minecraft:skeleton_skull":1,"minecraft:cobblestone":109,"minecraft:ender_pearl":11},"minecraft:dropped":{"minecraft:lilac":1,"minecraft:ender_pearl":4,"minecraft:rose_bush":1,"minecraft:spruce_slab":2,"minecraft:iron_pickaxe":1},"minecraft:killed_by":{"minecraft:player":1,"minecraft:skeleton":7},"minecraft:killed":{"minecraft:skeleton":2,"minecraft:zombie":1,"minecraft:player":1},"minecraft:custom":{"minecraft:interact_with_furnace":16,"minecraft:mob_kills":6,"minecraft:interact_with_crafting_table":20,"minecraft:open_barrel":26,"minecraft:leave_game":1,"minecraft:time_since_death":25266,"minecraft:climb_one_cm":5555,"minecraft:hex":0,"minecraft:time_since_rest":25398,"minecraft:sprint_one_cm":193451,"minecraft:damage_taken":3089,"minecraft:walk_one_cm":247974,"minecraft:damage_blocked_by_shield":1155,"minecraft:drop":9,"minecraft:damage_dealt":892,"minecraft:swim_one_cm":4673,"minecraft:player_kills":1,"minecraft:fly_one_cm":97891,"minecraft:open_chest":23,"minecraft:crouch_one_cm":18159,"minecraft:play_time":86122,"minecraft:deaths":8,"minecraft:sneak_time":4129,"minecraft:walk_under_water_one_cm":9390,"minecraft:jump":1328,"minecraft:walk_on_water_one_cm":11932,"minecraft:total_world_time":86122,"minecraft:fall_one_cm":23952},"minecraft:used":{"minecraft:beetroot":4,"minecraft:spruce_slab":2,"minecraft:stone_shovel":61,"minecraft:stone_pickaxe":85,"minecraft:ladder":1,"minecraft:spruce_planks":3,"minecraft:wooden_pickaxe":14,"minecraft:ender_pearl":7,"minecraft:chest":2,"minecraft:shield":18,"minecraft:iron_sword":5,"minecraft:torch":12,"minecraft:dirt":74,"minecraft:terracotta":9,"minecraft:crafting_table":2,"minecraft:dark_oak_planks":6,"minecraft:bricks":18,"spellbladenext:fire_blade":20,"minecraft:oak_stairs":2,"minecraft:iron_axe":33,"minecraft:bread":14,"minecraft:iron_pickaxe":124,"minecraft:stone_axe":15,"minecraft:cobblestone":87,"minecraft:golden_carrot":3,"minecraft:furnace":1},"minecraft:crafted":{"minecraft:stone_shovel":1,"minecraft:golden_chestplate":1,"minecraft:crafting_table":2,"minecraft:wooden_pickaxe":1,"minecraft:iron_helmet":1,"minecraft:iron_sword":1,"minecraft:furnace":1,"minecraft:birch_planks":52,"minecraft:stone_axe":1,"minecraft:air":0,"minecraft:iron_chestplate":1,"minecraft:shield":1,"minecraft:iron_axe":1,"minecraft:stick":20,"minecraft:iron_ingot":8,"minecraft:iron_pickaxe":3,"minecraft:stone_pickaxe":1,"minecraft:chest":2,"minecraft:acacia_planks":16,"minecraft:torch":12,"minecraft:golden_helmet":1}},"DataVersion":3465}