{"stats":{"minecraft:mined":{"minecraft:dark_oak_planks":7,"minecraft:spruce_planks":3,"iceandfire:silver_ore":2,"minecraft:dark_oak_fence":3,"minecraft:granite":6,"minecraft:ladder":4,"minecraft:grass_block":42,"minecraft:spruce_leaves":1,"minecraft:furnace":2,"minecraft:iron_ore":16,"minecraft:acacia_wood":4,"minecraft:pumpkin":4,"minecraft:brown_bed":1,"minecraft:dark_oak_stairs":1,"minecraft:bookshelf":48,"minecraft:red_tulip":1,"minecraft:oak_stairs":2,"minecraft:stone":478,"minecraft:spruce_slab":2,"minecraft:oak_slab":2,"minecraft:powder_snow":15,"minecraft:crafting_table":4,"minecraft:chest":1,"minecraft:rose_bush":1,"minecraft:copper_ore":9,"minecraft:cobblestone":40,"minecraft:red_glazed_terracotta":1,"minecraft:oak_planks":12,"minecraft:bricks":32,"minecraft:skeleton_skull":1,"minecraft:spruce_stairs":6,"minecraft:birch_log":25,"minecraft:lilac":1,"minecraft:jukebox":1,"minecraft:birch_leaves":15,"minecraft:grass":1,"minecraft:coal_ore":61,"minecraft:oak_log":134,"minecraft:cocoa":1,"minecraft:dirt":41,"minecraft:terracotta":10,"minecraft:polished_andesite":1,"minecraft:oak_leaves":52},"minecraft:picked_up":{"minecraft:crafting_table":4,"minecraft:chainmail_boots":4,"minecraft:ladder":1,"minecraft:brown_bed":1,"minecraft:oak_stairs":2,"minecraft:iron_axe":1,"minecraft:raw_copper":39,"universal_graves:grave_compass":1,"minecraft:experience_bottle":8,"minecraft:bucket":1,"minecraft:spruce_planks":4,"minecraft:rose_bush":6,"minecraft:spruce_slab":5,"minecraft:birch_sapling":3,"minecraft:furnace":2,"minecraft:golden_helmet":1,"minecraft:raw_iron":16,"minecraft:stick":6,"minecraft:jukebox":2,"minecraft:torch":2,"minecraft:spruce_stairs":6,"minecraft:porkchop":3,"minecraft:redstone":5,"minecraft:golden_chestplate":1,"minecraft:dark_oak_planks":7,"minecraft:arrow":4,"minecraft:rotten_flesh":3,"minecraft:cod":4,"minecraft:skeleton_skull":1,"minecraft:cobblestone":507,"minecraft:birch_log":25,"minecraft:lilac":2,"minecraft:red_glazed_terracotta":1,"minecraft:acacia_wood":4,"minecraft:oak_log":134,"minecraft:gunpowder":1,"spellbladenext:fire_blade":1,"minecraft:lapis_lazuli":29,"minecraft:dirt":79,"minecraft:bone":9,"minecraft:iron_ingot":7,"minecraft:oak_planks":12,"minecraft:honeycomb":9,"minecraft:dark_oak_stairs":1,"minecraft:book":272,"minecraft:oak_slab":1,"minecraft:birch_boat":1,"minecraft:pumpkin":8,"archers:archer_armor_head":1,"minecraft:polished_andesite":2,"minecraft:diamond":2,"minecraft:chainmail_leggings":2,"minecraft:granite":6,"minecraft:bone_meal":1,"minecraft:terracotta":9,"minecraft:oak_sapling":2,"minecraft:dark_oak_fence":1,"minecraft:dark_oak_wood":1,"minecraft:bricks":30,"minecraft:coal":114,"iceandfire:raw_silver":2,"minecraft:ender_pearl":11},"minecraft:broken":{"minecraft:iron_pickaxe":2},"minecraft:dropped":{"minecraft:golden_helmet":1,"minecraft:lilac":1,"minecraft:ender_pearl":4,"minecraft:stick":1,"minecraft:dark_oak_wood":1,"minecraft:rose_bush":1,"minecraft:bone_meal":1,"minecraft:iron_axe":1,"minecraft:iron_pickaxe":1,"minecraft:chainmail_leggings":2,"minecraft:golden_chestplate":1,"minecraft:birch_sapling":1,"minecraft:oak_sapling":2,"minecraft:chainmail_boots":1,"minecraft:spruce_slab":2},"minecraft:killed_by":{"minecraft:player":1,"minecraft:skeleton":7},"minecraft:killed":{"minecraft:cod":6,"naturalist:boar":1,"minecraft:skeleton":2,"minecraft:zombie":1,"minecraft:player":1},"minecraft:custom":{"minecraft:mob_kills":13,"minecraft:interact_with_crafting_table":26,"minecraft:open_barrel":26,"minecraft:leave_game":3,"minecraft:time_since_death":16960,"minecraft:climb_one_cm":10395,"minecraft:sprint_one_cm":376148,"minecraft:walk_one_cm":500093,"minecraft:damage_blocked_by_shield":1386,"minecraft:drop":21,"minecraft:play_time":154983,"minecraft:deaths":11,"minecraft:sneak_time":11002,"minecraft:walk_under_water_one_cm":21126,"minecraft:boat_one_cm":30025,"minecraft:jump":2349,"minecraft:walk_on_water_one_cm":28929,"minecraft:total_world_time":154983,"minecraft:interact_with_furnace":26,"minecraft:sleep_in_bed":1,"minecraft:hex":0,"minecraft:time_since_rest":0,"minecraft:damage_taken":4180,"minecraft:damage_dealt":1212,"minecraft:swim_one_cm":29076,"minecraft:player_kills":1,"minecraft:fly_one_cm":208395,"minecraft:open_chest":31,"minecraft:crouch_one_cm":63444,"minecraft:fall_one_cm":51248},"minecraft:used":{"minecraft:beetroot":4,"minecraft:stone_shovel":61,"minecraft:spruce_slab":2,"minecraft:ladder":1,"minecraft:spruce_planks":3,"minecraft:chest":3,"minecraft:shield":20,"minecraft:iron_sword":5,"minecraft:rotten_flesh":3,"minecraft:oak_door":2,"minecraft:torch":12,"minecraft:dirt":78,"minecraft:dark_oak_planks":6,"minecraft:bricks":18,"spellbladenext:fire_blade":34,"minecraft:iron_axe":241,"minecraft:oak_stairs":2,"minecraft:golden_carrot":3,"minecraft:furnace":3,"minecraft:cooked_cod":3,"minecraft:birch_planks":10,"minecraft:stone_pickaxe":85,"minecraft:oak_planks":525,"minecraft:ender_pearl":7,"minecraft:birch_boat":1,"minecraft:wooden_pickaxe":14,"minecraft:terracotta":9,"minecraft:crafting_table":5,"minecraft:bread":14,"minecraft:iron_pickaxe":574,"minecraft:stone_axe":15,"minecraft:cobblestone":398,"minecraft:cooked_porkchop":1,"minecraft:porkchop":2},"minecraft:crafted":{"minecraft:oak_door":3,"minecraft:oak_planks":536,"minecraft:stone_shovel":1,"minecraft:golden_chestplate":1,"minecraft:birch_boat":1,"minecraft:furnace":2,"minecraft:iron_axe":1,"minecraft:stone_pickaxe":1,"minecraft:chest":2,"minecraft:golden_helmet":1,"minecraft:cooked_cod":5,"minecraft:cooked_porkchop":1,"minecraft:crafting_table":2,"minecraft:wooden_pickaxe":1,"minecraft:iron_helmet":1,"minecraft:iron_sword":1,"minecraft:birch_planks":76,"minecraft:stone_axe":1,"minecraft:air":0,"minecraft:iron_chestplate":1,"minecraft:shield":1,"minecraft:stick":24,"minecraft:iron_pickaxe":4,"minecraft:iron_ingot":8,"minecraft:acacia_planks":16,"minecraft:torch":12}},"DataVersion":3465}