{"stats":{"minecraft:mined":{"minecraft:dark_oak_planks":7,"minecraft:spruce_planks":3,"iceandfire:silver_ore":2,"minecraft:brewing_stand":1,"minecraft:dark_oak_fence":3,"minecraft:granite":6,"minecraft:ladder":4,"minecraft:budding_amethyst":1,"minecraft:grass_block":43,"minecraft:spruce_leaves":1,"clutter:pig_plushie":1,"minecraft:furnace":2,"runes:crafting_altar":1,"minecraft:iron_ore":16,"minecraft:acacia_wood":4,"minecraft:pumpkin":4,"minecraft:brown_bed":1,"minecraft:dark_oak_stairs":1,"minecraft:bookshelf":50,"minecraft:red_tulip":1,"minecraft:brown_glazed_terracotta":1,"minecraft:dirt_path":1,"minecraft:oak_stairs":2,"minecraft:lantern":1,"minecraft:stone":478,"minecraft:spruce_slab":2,"minecraft:green_bed":4,"minecraft:oak_slab":2,"minecraft:smoker":1,"minecraft:brown_carpet":4,"minecraft:amethyst_cluster":1,"minecraft:soul_lantern":1,"minecraft:powder_snow":15,"minecraft:crafting_table":4,"minecraft:blast_furnace":1,"minecraft:potted_warped_roots":1,"minecraft:chest":1,"minecraft:rose_bush":1,"minecraft:copper_ore":9,"minecraft:cobblestone":40,"minecraft:red_glazed_terracotta":1,"minecraft:grindstone":1,"minecraft:oak_planks":12,"minecraft:bricks":32,"minecraft:skeleton_skull":1,"minecraft:spruce_stairs":6,"minecraft:red_candle":1,"paladins:monk_workbench":1,"minecraft:birch_log":30,"minecraft:lilac":1,"minecraft:jukebox":1,"minecraft:birch_leaves":16,"minecraft:grass":1,"minecraft:coal_ore":61,"minecraft:oak_log":134,"minecraft:cocoa":1,"minecraft:light_blue_candle":1,"minecraft:dirt":42,"minecraft:terracotta":10,"minecraft:polished_andesite":1,"minecraft:oak_leaves":52},"minecraft:picked_up":{"minecraft:crafting_table":4,"minecraft:chainmail_boots":4,"minecraft:ladder":1,"minecraft:flower_pot":1,"wizards:wizard_robe_feet":1,"runes:crafting_altar":1,"minecraft:brown_bed":1,"minecraft:oak_stairs":2,"minecraft:brewing_stand":1,"minecraft:iron_axe":1,"minecraft:raw_copper":39,"minecraft:red_candle":3,"minecraft:item_frame":15,"universal_graves:grave_compass":1,"minecraft:experience_bottle":12,"minecraft:bucket":1,"minecraft:spruce_planks":4,"minecraft:rose_bush":6,"minecraft:spruce_slab":5,"minecraft:birch_sapling":3,"minecraft:furnace":2,"clutter:small_magenta_lupine":1,"minecraft:golden_helmet":1,"minecraft:raw_iron":16,"minecraft:stick":8,"minecraft:jukebox":2,"minecraft:brown_glazed_terracotta":1,"wizards:wizard_robe_legs":1,"minecraft:torch":2,"minecraft:green_bed":4,"runes:fire_stone":1,"minecraft:spruce_stairs":6,"minecraft:porkchop":3,"minecraft:redstone":5,"paladins:monk_workbench":1,"minecraft:golden_chestplate":1,"minecraft:dark_oak_planks":7,"minecraft:brown_carpet":4,"wizards:wizard_robe_head":1,"minecraft:arrow":4,"minecraft:rotten_flesh":3,"minecraft:cod":4,"minecraft:skeleton_skull":1,"minecraft:cobblestone":507,"minecraft:birch_log":30,"minecraft:lilac":2,"artifacts:digging_claws":1,"minecraft:red_glazed_terracotta":1,"minecraft:smoker":1,"minecraft:acacia_wood":4,"minecraft:oak_log":134,"minecraft:gunpowder":1,"spellbladenext:fire_blade":1,"minecraft:lapis_lazuli":29,"minecraft:dirt":81,"minecraft:lantern":1,"minecraft:bone":9,"clutter:pig_plushie":1,"minecraft:grindstone":1,"paladins:acolyte_wand":1,"minecraft:iron_ingot":7,"minecraft:oak_planks":12,"minecraft:honeycomb":9,"minecraft:dark_oak_stairs":1,"minecraft:book":278,"minecraft:oak_slab":1,"minecraft:birch_boat":1,"minecraft:pumpkin":8,"archers:archer_armor_head":1,"runes:arcane_stone":1,"minecraft:amethyst_shard":4,"minecraft:blast_furnace":1,"minecraft:polished_andesite":2,"minecraft:diamond":2,"runes:frost_stone":1,"minecraft:soul_lantern":1,"minecraft:chainmail_leggings":2,"minecraft:granite":6,"minecraft:bone_meal":1,"minecraft:warped_roots":1,"minecraft:emerald":2,"minecraft:terracotta":9,"minecraft:oak_sapling":2,"minecraft:light_blue_candle":3,"minecraft:dark_oak_fence":1,"minecraft:dark_oak_wood":1,"minecraft:bricks":30,"minecraft:coal":114,"iceandfire:raw_silver":2,"minecraft:ender_pearl":11},"minecraft:broken":{"minecraft:iron_pickaxe":2},"minecraft:dropped":{"minecraft:golden_helmet":1,"minecraft:lilac":1,"minecraft:ender_pearl":4,"minecraft:iron_helmet":1,"minecraft:warped_roots":1,"minecraft:item_frame":6,"minecraft:stick":1,"clutter:pig_plushie":1,"minecraft:dark_oak_wood":1,"minecraft:rose_bush":5,"minecraft:bone_meal":1,"minecraft:iron_axe":1,"minecraft:iron_pickaxe":1,"minecraft:chainmail_leggings":2,"minecraft:golden_chestplate":1,"minecraft:birch_sapling":1,"minecraft:flower_pot":1,"minecraft:gunpowder":1,"minecraft:oak_sapling":2,"minecraft:chainmail_boots":2,"minecraft:spruce_slab":2},"minecraft:killed_by":{"minecraft:player":1,"iceandfire:siren":1,"minecraft:skeleton":7},"minecraft:killed":{"minecraft:cod":6,"naturalist:boar":1,"minecraft:skeleton":2,"minecraft:zombie":1,"minecraft:player":1},"minecraft:custom":{"minecraft:mob_kills":14,"minecraft:interact_with_crafting_table":27,"minecraft:open_barrel":26,"minecraft:leave_game":3,"minecraft:time_since_death":4478,"minecraft:climb_one_cm":12367,"minecraft:sprint_one_cm":422720,"minecraft:walk_one_cm":561468,"minecraft:damage_blocked_by_shield":1746,"minecraft:drop":30,"minecraft:play_time":178983,"minecraft:deaths":12,"minecraft:sneak_time":11137,"minecraft:walk_under_water_one_cm":26375,"minecraft:boat_one_cm":64517,"minecraft:jump":2536,"minecraft:interact_with_blast_furnace":1,"minecraft:walk_on_water_one_cm":46157,"minecraft:total_world_time":178983,"minecraft:interact_with_furnace":29,"minecraft:sleep_in_bed":2,"minecraft:hex":0,"minecraft:time_since_rest":4540,"minecraft:damage_taken":4604,"minecraft:damage_dealt":1411,"minecraft:swim_one_cm":35612,"minecraft:player_kills":1,"minecraft:fly_one_cm":240743,"minecraft:open_chest":54,"minecraft:crouch_one_cm":65468,"minecraft:fall_one_cm":54737},"minecraft:used":{"minecraft:beetroot":4,"minecraft:stone_shovel":61,"minecraft:spruce_slab":2,"minecraft:ladder":1,"minecraft:spruce_planks":3,"minecraft:chest":3,"minecraft:shield":24,"minecraft:iron_sword":5,"minecraft:rotten_flesh":3,"minecraft:oak_door":2,"minecraft:torch":12,"minecraft:dirt":80,"minecraft:dark_oak_planks":6,"minecraft:bricks":18,"spellbladenext:fire_blade":39,"minecraft:iron_axe":243,"minecraft:oak_stairs":2,"minecraft:item_frame":1,"minecraft:golden_carrot":3,"minecraft:furnace":3,"minecraft:cooked_cod":5,"minecraft:birch_planks":10,"minecraft:stone_pickaxe":85,"minecraft:oak_planks":525,"minecraft:ender_pearl":7,"minecraft:birch_boat":2,"minecraft:wooden_pickaxe":14,"travelersbackpack:iron_golem":2,"minecraft:green_bed":2,"minecraft:terracotta":9,"minecraft:crafting_table":6,"minecraft:bread":14,"minecraft:iron_pickaxe":594,"minecraft:stone_axe":15,"minecraft:cobblestone":398,"minecraft:cooked_porkchop":1,"minecraft:porkchop":2,"minecraft:experience_bottle":12},"minecraft:crafted":{"minecraft:oak_door":3,"minecraft:oak_planks":536,"minecraft:stone_shovel":1,"minecraft:golden_chestplate":1,"minecraft:birch_boat":1,"minecraft:furnace":2,"minecraft:iron_axe":1,"minecraft:stone_pickaxe":1,"minecraft:chest":2,"minecraft:golden_helmet":1,"minecraft:cooked_cod":5,"minecraft:cooked_porkchop":1,"minecraft:crafting_table":3,"minecraft:wooden_pickaxe":1,"minecraft:iron_helmet":1,"minecraft:iron_sword":1,"minecraft:birch_planks":96,"minecraft:stone_axe":1,"minecraft:air":0,"minecraft:iron_chestplate":1,"minecraft:shield":1,"minecraft:stick":28,"minecraft:iron_pickaxe":4,"minecraft:iron_ingot":8,"minecraft:wooden_axe":1,"minecraft:acacia_planks":16,"minecraft:torch":12}},"DataVersion":3465}