{"stats":{"minecraft:killed":{"minecraft:skeleton":1,"minecraft:player":1},"minecraft:killed_by":{"minecraft:player":1,"minecraft:skeleton":3},"minecraft:dropped":{"minecraft:iron_pickaxe":1},"minecraft:used":{"minecraft:stone_shovel":61,"minecraft:spruce_slab":2,"minecraft:stone_pickaxe":85,"minecraft:spruce_planks":3,"minecraft:wooden_pickaxe":14,"minecraft:iron_sword":5,"minecraft:torch":11,"minecraft:dirt":71,"minecraft:crafting_table":1,"minecraft:dark_oak_planks":2,"minecraft:bread":2,"minecraft:iron_pickaxe":70,"minecraft:stone_axe":15,"minecraft:cobblestone":47,"minecraft:furnace":1},"minecraft:crafted":{"minecraft:stone_shovel":1,"minecraft:crafting_table":1,"minecraft:wooden_pickaxe":1,"minecraft:iron_sword":1,"minecraft:furnace":1,"minecraft:birch_planks":52,"minecraft:stone_axe":1,"minecraft:air":0,"minecraft:stick":16,"minecraft:stone_pickaxe":1,"minecraft:iron_ingot":8,"minecraft:iron_pickaxe":2,"minecraft:torch":12},"minecraft:mined":{"minecraft:dark_oak_planks":4,"minecraft:oak_slab":2,"minecraft:spruce_planks":3,"minecraft:granite":4,"minecraft:dark_oak_fence":1,"minecraft:grass_block":38,"minecraft:cobblestone":26,"minecraft:red_glazed_terracotta":1,"minecraft:bricks":12,"minecraft:skeleton_skull":1,"minecraft:spruce_stairs":6,"minecraft:birch_log":13,"minecraft:iron_ore":16,"minecraft:birch_leaves":3,"minecraft:dark_oak_stairs":1,"minecraft:coal_ore":19,"minecraft:dirt":37,"minecraft:stone":75,"minecraft:polished_andesite":1,"minecraft:oak_leaves":2,"minecraft:spruce_slab":2},"minecraft:picked_up":{"minecraft:birch_log":13,"minecraft:red_glazed_terracotta":1,"minecraft:dirt":72,"universal_graves:grave_compass":1,"minecraft:bone":1,"minecraft:spruce_planks":4,"minecraft:spruce_slab":3,"minecraft:birch_sapling":2,"minecraft:dark_oak_stairs":1,"minecraft:raw_iron":16,"minecraft:oak_slab":1,"minecraft:stick":3,"minecraft:spruce_stairs":6,"minecraft:dark_oak_planks":4,"minecraft:polished_andesite":2,"minecraft:granite":5,"minecraft:bricks":12,"minecraft:coal":18,"minecraft:skeleton_skull":1,"minecraft:cobblestone":96},"minecraft:custom":{"minecraft:interact_with_furnace":11,"minecraft:mob_kills":1,"minecraft:interact_with_crafting_table":12,"minecraft:open_barrel":1,"minecraft:time_since_death":2427,"minecraft:climb_one_cm":406,"minecraft:hex":0,"minecraft:time_since_rest":2504,"minecraft:sprint_one_cm":81588,"minecraft:damage_taken":1116,"minecraft:walk_one_cm":138397,"minecraft:drop":1,"minecraft:damage_dealt":281,"minecraft:fly_one_cm":45699,"minecraft:player_kills":1,"minecraft:open_chest":8,"minecraft:crouch_one_cm":11675,"minecraft:play_time":40608,"minecraft:deaths":4,"minecraft:sneak_time":2276,"minecraft:walk_under_water_one_cm":112,"minecraft:jump":605,"minecraft:walk_on_water_one_cm":9695,"minecraft:total_world_time":40608,"minecraft:fall_one_cm":7539}},"DataVersion":3465}