{"stats":{"minecraft:mined":{"minecraft:spruce_planks":1,"minecraft:birch_log":38,"minecraft:stone":7,"minecraft:birch_leaves":2},"minecraft:killed_by":{"minecraft:creeper":1},"minecraft:picked_up":{"minecraft:spruce_planks":1,"minecraft:cobblestone":7,"minecraft:birch_log":37},"minecraft:crafted":{"minecraft:birch_planks":12,"minecraft:stone_axe":1,"minecraft:crafting_table":1,"minecraft:stick":8,"minecraft:wooden_pickaxe":1,"minecraft:stone_pickaxe":1},"minecraft:custom":{"minecraft:open_barrel":1,"minecraft:time_since_rest":7262,"minecraft:open_chest":1,"minecraft:crouch_one_cm":451,"minecraft:play_time":14290,"minecraft:sprint_one_cm":12895,"minecraft:walk_one_cm":57277,"minecraft:damage_taken":385,"minecraft:deaths":1,"minecraft:sneak_time":73,"minecraft:walk_under_water_one_cm":1772,"minecraft:jump":217,"minecraft:time_since_death":7197,"minecraft:walk_on_water_one_cm":5702,"minecraft:total_world_time":14290,"minecraft:climb_one_cm":192,"minecraft:hex":0,"minecraft:swim_one_cm":12288,"minecraft:interact_with_crafting_table":6,"minecraft:fall_one_cm":7108,"minecraft:fly_one_cm":11089},"minecraft:used":{"minecraft:stone_axe":37,"minecraft:crafting_table":1,"minecraft:stone_pickaxe":4,"minecraft:spruce_planks":1,"minecraft:wooden_pickaxe":3}},"DataVersion":3465}