{"stats":{"minecraft:mined":{"minecraft:spruce_planks":1,"minecraft:birch_log":109,"minecraft:birch_leaves":8,"minecraft:dirt":67,"minecraft:stone":109},"minecraft:killed_by":{"minecraft:creeper":1},"minecraft:picked_up":{"minecraft:birch_log":107,"minecraft:dirt":60,"minecraft:spruce_planks":1,"minecraft:birch_sapling":2,"minecraft:cobblestone":86},"minecraft:crafted":{"minecraft:stone_shovel":1,"minecraft:crafting_table":2,"minecraft:birch_fence":36,"minecraft:stick":32,"minecraft:wooden_pickaxe":1,"minecraft:stone_pickaxe":1,"minecraft:furnace":1,"minecraft:birch_door":6,"minecraft:birch_planks":428,"minecraft:birch_stairs":8,"minecraft:stone_axe":1},"minecraft:custom":{"minecraft:time_since_rest":19262,"minecraft:sprint_one_cm":18627,"minecraft:damage_taken":385,"minecraft:walk_one_cm":78060,"minecraft:interact_with_crafting_table":10,"minecraft:swim_one_cm":13515,"minecraft:fly_one_cm":15838,"minecraft:open_barrel":1,"minecraft:open_chest":1,"minecraft:crouch_one_cm":451,"minecraft:play_time":26290,"minecraft:deaths":1,"minecraft:sneak_time":73,"minecraft:walk_under_water_one_cm":3004,"minecraft:jump":272,"minecraft:walk_on_water_one_cm":11157,"minecraft:time_since_death":19197,"minecraft:climb_one_cm":192,"minecraft:total_world_time":26290,"minecraft:hex":0,"minecraft:fall_one_cm":8211},"minecraft:used":{"minecraft:stone_shovel":67,"minecraft:stone_pickaxe":106,"minecraft:spruce_planks":1,"minecraft:wooden_pickaxe":3,"minecraft:stone_axe":114,"minecraft:crafting_table":2,"minecraft:furnace":1}},"DataVersion":3465}