{"stats":{"minecraft:mined":{"minecraft:spruce_planks":1,"minecraft:granite":26,"minecraft:birch_fence_gate":3,"minecraft:grass_block":16,"minecraft:copper_ore":27,"minecraft:cobblestone":25,"minecraft:diorite":55,"minecraft:birch_planks":7,"minecraft:wheat":11,"minecraft:birch_log":209,"minecraft:iron_ore":29,"minecraft:fire":7,"minecraft:andesite":23,"minecraft:birch_leaves":10,"minecraft:grass":1,"minecraft:coal_ore":29,"minecraft:gravel":28,"minecraft:sand":44,"minecraft:dirt":96,"minecraft:stone":1655},"minecraft:picked_up":{"minecraft:birch_log":204,"minecraft:wheat":7,"minecraft:glow_ink_sac":1,"minecraft:andesite":23,"minecraft:birch_planks":7,"minecraft:enchanted_book":1,"minecraft:flint":3,"minecraft:dirt":119,"minecraft:raw_copper":88,"minecraft:cooked_salmon":4,"minecraft:name_tag":1,"minecraft:wheat_seeds":21,"minecraft:raw_gold":1,"minecraft:spruce_planks":1,"minecraft:iron_ingot":1,"minecraft:birch_sapling":2,"minecraft:raw_iron":29,"minecraft:birch_fence_gate":3,"minecraft:gravel":25,"minecraft:sand":41,"minecraft:diorite":55,"minecraft:carrot":2,"naturalist:cooked_bass":2,"naturalist:duck_egg":4,"minecraft:rotten_flesh":2,"minecraft:granite":26,"minecraft:coal":29,"minecraft:cobblestone":1633},"minecraft:broken":{"minecraft:stone_pickaxe":10,"minecraft:stone_shovel":1},"minecraft:killed_by":{"minecraft:creeper":1,"minecraft:zombie":3,"minecraft:drowned":1},"minecraft:killed":{"minecraft:zombie":2},"minecraft:custom":{"minecraft:interact_with_furnace":48,"minecraft:mob_kills":2,"minecraft:interact_with_crafting_table":77,"minecraft:open_barrel":29,"minecraft:leave_game":2,"minecraft:time_since_death":104086,"minecraft:climb_one_cm":192,"minecraft:hex":0,"minecraft:time_since_rest":104121,"minecraft:sprint_one_cm":168201,"minecraft:damage_taken":2035,"minecraft:walk_one_cm":615903,"minecraft:damage_dealt":603,"minecraft:swim_one_cm":16102,"minecraft:fly_one_cm":209918,"minecraft:open_chest":50,"minecraft:crouch_one_cm":64538,"minecraft:play_time":193040,"minecraft:deaths":5,"minecraft:sneak_time":14351,"minecraft:walk_under_water_one_cm":11958,"minecraft:jump":1426,"minecraft:walk_on_water_one_cm":40079,"minecraft:total_world_time":193040,"minecraft:fall_one_cm":25063,"minecraft:horse_one_cm":143},"minecraft:used":{"minecraft:wheat_seeds":17,"minecraft:stone_sword":11,"minecraft:flint_and_steel":9,"minecraft:birch_planks":111,"minecraft:stone_shovel":131,"minecraft:stone_pickaxe":1525,"minecraft:cartography_table":1,"assortedtools:copper_axe":54,"minecraft:spruce_planks":1,"minecraft:chest":3,"minecraft:wooden_pickaxe":3,"minecraft:stone":174,"minecraft:rotten_flesh":2,"assortedtools:copper_pickaxe":139,"minecraft:cooked_salmon":4,"naturalist:duck_egg":1,"minecraft:torch":20,"minecraft:dirt":16,"minecraft:crafting_table":3,"naturalist:cooked_bass":2,"minecraft:birch_fence":52,"minecraft:wooden_axe":58,"minecraft:wooden_hoe":16,"minecraft:birch_fence_gate":5,"minecraft:bread":2,"minecraft:iron_pickaxe":214,"minecraft:stone_axe":114,"naturalist:duck":1,"minecraft:cobblestone":178,"minecraft:furnace":3},"minecraft:crafted":{"minecraft:cobblestone_slab":126,"minecraft:stone_shovel":1,"minecraft:crafting_table":3,"minecraft:iron_helmet":1,"minecraft:wooden_pickaxe":1,"minecraft:furnace":3,"minecraft:copper_ingot":29,"minecraft:stone":191,"minecraft:birch_planks":816,"minecraft:stone_axe":1,"minecraft:bread":2,"minecraft:air":0,"minecraft:glass_pane":48,"minecraft:flint_and_steel":1,"assortedtools:copper_axe":1,"minecraft:glass":29,"minecraft:iron_boots":1,"minecraft:wooden_hoe":1,"minecraft:shield":1,"minecraft:stick":144,"minecraft:birch_fence":93,"minecraft:birch_fence_gate":2,"assortedtools:copper_pickaxe":1,"minecraft:iron_ingot":3,"minecraft:iron_pickaxe":1,"minecraft:stone_pickaxe":12,"minecraft:wooden_axe":1,"minecraft:stone_sword":1,"minecraft:chest":3,"minecraft:iron_leggings":1,"minecraft:birch_door":6,"minecraft:torch":64,"minecraft:birch_stairs":8}},"DataVersion":3465}