{"stats":{"minecraft:mined":{"minecraft:spruce_planks":1,"minecraft:iron_ore":3,"minecraft:birch_log":109,"minecraft:birch_leaves":8,"minecraft:coal_ore":1,"minecraft:gravel":9,"minecraft:dirt":72,"minecraft:cobblestone":2,"minecraft:stone":357},"minecraft:killed_by":{"minecraft:creeper":1},"minecraft:picked_up":{"minecraft:birch_log":107,"minecraft:raw_iron":3,"minecraft:gravel":9,"minecraft:dirt":65,"minecraft:spruce_planks":1,"minecraft:birch_sapling":2,"minecraft:coal":1,"minecraft:cobblestone":323},"minecraft:crafted":{"minecraft:stone_shovel":1,"minecraft:crafting_table":2,"minecraft:birch_fence":36,"minecraft:stick":36,"minecraft:wooden_pickaxe":1,"minecraft:stone_pickaxe":3,"minecraft:furnace":1,"minecraft:birch_door":6,"minecraft:birch_planks":428,"minecraft:birch_stairs":8,"minecraft:stone_axe":1},"minecraft:custom":{"minecraft:time_since_rest":31262,"minecraft:interact_with_furnace":1,"minecraft:sprint_one_cm":22235,"minecraft:damage_taken":415,"minecraft:walk_one_cm":98908,"minecraft:interact_with_crafting_table":12,"minecraft:swim_one_cm":13515,"minecraft:fly_one_cm":19516,"minecraft:open_barrel":1,"minecraft:open_chest":1,"minecraft:crouch_one_cm":9974,"minecraft:play_time":38290,"minecraft:deaths":1,"minecraft:sneak_time":3267,"minecraft:walk_under_water_one_cm":3876,"minecraft:jump":312,"minecraft:walk_on_water_one_cm":12282,"minecraft:time_since_death":31197,"minecraft:climb_one_cm":192,"minecraft:total_world_time":38290,"minecraft:hex":0,"minecraft:fall_one_cm":9715},"minecraft:broken":{"minecraft:stone_pickaxe":2},"minecraft:used":{"minecraft:stone_shovel":73,"minecraft:stone_pickaxe":368,"minecraft:spruce_planks":1,"minecraft:wooden_pickaxe":3,"minecraft:stone_axe":114,"minecraft:cobblestone":136,"minecraft:crafting_table":2,"minecraft:furnace":1}},"DataVersion":3465}