{"stats":{"minecraft:mined":{"iceandfire:silver_ore":6,"minecraft:dark_oak_leaves":2,"minecraft:dark_oak_log":40,"minecraft:powder_snow":1,"minecraft:crafting_table":4,"minecraft:grass_block":509,"minecraft:jungle_log":1,"minecraft:tall_grass":21,"minecraft:copper_ore":3,"minecraft:birch_log":8,"minecraft:birch_leaves":2,"minecraft:grass":127,"minecraft:vine":4,"minecraft:lantern":2,"minecraft:gravel":83,"minecraft:dirt":78,"minecraft:stone":241,"minecraft:oak_leaves":1},"minecraft:picked_up":{"minecraft:birch_log":8,"minecraft:iron_chestplate":1,"minecraft:crafting_table":4,"minecraft:jungle_log":2,"minecraft:wooden_pickaxe":1,"doggytalents:rice_grains":17,"minecraft:flint":7,"minecraft:lantern":2,"minecraft:dirt":638,"minecraft:raw_copper":13,"minecraft:cooked_salmon":2,"minecraft:iron_shovel":1,"minecraft:wheat_seeds":26,"assortedtools:pokeball":4,"minecraft:iron_ingot":6,"minecraft:iron_sword":1,"minecraft:stick":1,"minecraft:torch":3,"minecraft:gravel":82,"minecraft:spruce_sapling":6,"minecraft:dark_oak_log":40,"minecraft:arrow":2,"minecraft:rotten_flesh":3,"minecraft:slime_ball":2,"minecraft:stone_axe":1,"rogues:warrior_armor_feet":1,"minecraft:iron_block":3,"minecraft:bread":28,"minecraft:skeleton_skull":1,"iceandfire:raw_silver":6,"minecraft:cobblestone":222},"minecraft:dropped":{"minecraft:dirt":64,"minecraft:jungle_log":1,"minecraft:iron_shovel":1},"minecraft:broken":{"minecraft:iron_shovel":2,"minecraft:stone_axe":1,"minecraft:iron_pickaxe":1},"minecraft:killed_by":{"graveyard:skeleton_creeper":1},"minecraft:killed":{"minecraft:salmon":1,"minecraft:spider":1,"minecraft:zombie":1},"minecraft:custom":{"minecraft:mob_kills":4,"minecraft:interact_with_crafting_table":7,"minecraft:time_since_death":5398,"minecraft:sleep_in_bed":3,"minecraft:climb_one_cm":1320,"minecraft:hex":0,"minecraft:time_since_rest":5492,"minecraft:sprint_one_cm":18213,"minecraft:damage_taken":797,"minecraft:walk_one_cm":506076,"minecraft:drop":3,"minecraft:damage_dealt":654,"minecraft:swim_one_cm":2530,"minecraft:fly_one_cm":3829,"minecraft:open_chest":11,"minecraft:crouch_one_cm":15989,"minecraft:play_time":75837,"minecraft:deaths":1,"minecraft:sneak_time":3443,"minecraft:walk_under_water_one_cm":23106,"minecraft:jump":635,"minecraft:walk_on_water_one_cm":28610,"minecraft:total_world_time":75837,"minecraft:fall_one_cm":8325},"minecraft:used":{"minecraft:iron_shovel":672,"minecraft:wooden_pickaxe":7,"minecraft:chest":2,"minecraft:iron_sword":12,"minecraft:cooked_salmon":2,"minecraft:dirt":3,"minecraft:crafting_table":4,"minecraft:iron_axe":28,"minecraft:bread":5,"minecraft:iron_pickaxe":253,"minecraft:gravel":1,"minecraft:stone_axe":43,"minecraft:cobblestone":23},"minecraft:crafted":{"minecraft:dark_oak_button":2,"minecraft:iron_axe":1,"minecraft:stick":34,"minecraft:iron_ingot":5,"minecraft:iron_pickaxe":2,"minecraft:chest":2,"minecraft:iron_shovel":3,"minecraft:dark_oak_planks":34}},"DataVersion":3465}