{"stats":{"minecraft:mined":{"iceandfire:silver_ore":5,"minecraft:dark_oak_leaves":2,"minecraft:birch_log":8,"minecraft:dark_oak_log":40,"minecraft:birch_leaves":2,"minecraft:powder_snow":1,"minecraft:crafting_table":4,"minecraft:grass":73,"minecraft:grass_block":2,"minecraft:vine":4,"minecraft:jungle_log":1,"minecraft:lantern":2,"minecraft:dirt":10,"minecraft:tall_grass":19,"minecraft:stone":7,"minecraft:oak_leaves":1},"minecraft:picked_up":{"minecraft:birch_log":8,"minecraft:stick":1,"minecraft:crafting_table":4,"minecraft:iron_chestplate":1,"minecraft:jungle_log":1,"minecraft:wooden_pickaxe":1,"doggytalents:rice_grains":12,"minecraft:spruce_sapling":6,"minecraft:dark_oak_log":40,"minecraft:dirt":13,"minecraft:lantern":2,"minecraft:cooked_salmon":2,"minecraft:arrow":2,"minecraft:stone_axe":1,"minecraft:wheat_seeds":21,"assortedtools:pokeball":2,"minecraft:iron_ingot":6,"minecraft:iron_block":3,"minecraft:bread":1,"minecraft:iron_sword":1,"minecraft:skeleton_skull":1,"iceandfire:raw_silver":5,"minecraft:cobblestone":8},"minecraft:broken":{"minecraft:stone_axe":1},"minecraft:killed":{"minecraft:salmon":1},"minecraft:custom":{"minecraft:time_since_rest":6169,"minecraft:sprint_one_cm":9577,"minecraft:damage_taken":194,"minecraft:walk_one_cm":253324,"minecraft:mob_kills":1,"minecraft:damage_dealt":95,"minecraft:swim_one_cm":2530,"minecraft:interact_with_crafting_table":3,"minecraft:fly_one_cm":2772,"minecraft:open_chest":8,"minecraft:crouch_one_cm":15933,"minecraft:play_time":39837,"minecraft:sneak_time":3427,"minecraft:walk_under_water_one_cm":15862,"minecraft:jump":433,"minecraft:walk_on_water_one_cm":26279,"minecraft:time_since_death":39837,"minecraft:sleep_in_bed":2,"minecraft:total_world_time":39837,"minecraft:climb_one_cm":1320,"minecraft:hex":0,"minecraft:fall_one_cm":6049},"minecraft:used":{"minecraft:iron_axe":27,"minecraft:iron_pickaxe":12,"minecraft:wooden_pickaxe":7,"minecraft:iron_sword":2,"minecraft:cooked_salmon":2,"minecraft:stone_axe":43,"minecraft:crafting_table":3},"minecraft:crafted":{"minecraft:iron_axe":1,"minecraft:stick":4,"minecraft:iron_pickaxe":1,"minecraft:dark_oak_planks":4}},"DataVersion":3465}