{"stats":{"minecraft:mined":{"iceandfire:silver_ore":6,"minecraft:dark_oak_leaves":2,"minecraft:birch_log":8,"minecraft:dark_oak_log":40,"minecraft:birch_leaves":2,"minecraft:powder_snow":1,"minecraft:crafting_table":4,"minecraft:grass":125,"minecraft:grass_block":330,"minecraft:vine":4,"minecraft:jungle_log":1,"minecraft:lantern":2,"minecraft:gravel":82,"minecraft:dirt":68,"minecraft:tall_grass":21,"minecraft:stone":152,"minecraft:oak_leaves":1},"minecraft:picked_up":{"minecraft:birch_log":8,"minecraft:stick":1,"minecraft:crafting_table":4,"minecraft:iron_chestplate":1,"minecraft:jungle_log":1,"minecraft:wooden_pickaxe":1,"minecraft:gravel":73,"doggytalents:rice_grains":15,"minecraft:flint":7,"minecraft:spruce_sapling":6,"minecraft:dark_oak_log":40,"minecraft:dirt":387,"minecraft:lantern":2,"minecraft:cooked_salmon":2,"minecraft:arrow":2,"minecraft:rotten_flesh":2,"minecraft:stone_axe":1,"minecraft:wheat_seeds":26,"rogues:warrior_armor_feet":1,"assortedtools:pokeball":4,"minecraft:iron_ingot":6,"minecraft:iron_block":3,"minecraft:bread":28,"minecraft:iron_sword":1,"minecraft:skeleton_skull":1,"iceandfire:raw_silver":6,"minecraft:cobblestone":128},"minecraft:broken":{"minecraft:iron_shovel":1,"minecraft:stone_axe":1},"minecraft:killed":{"minecraft:salmon":1},"minecraft:custom":{"minecraft:time_since_rest":10483,"minecraft:sprint_one_cm":15897,"minecraft:damage_taken":435,"minecraft:walk_one_cm":423577,"minecraft:mob_kills":2,"minecraft:damage_dealt":339,"minecraft:swim_one_cm":2530,"minecraft:interact_with_crafting_table":6,"minecraft:fly_one_cm":3216,"minecraft:open_chest":8,"minecraft:crouch_one_cm":15989,"minecraft:play_time":63837,"minecraft:sneak_time":3433,"minecraft:walk_under_water_one_cm":16344,"minecraft:jump":563,"minecraft:walk_on_water_one_cm":26366,"minecraft:time_since_death":63837,"minecraft:sleep_in_bed":3,"minecraft:total_world_time":63837,"minecraft:climb_one_cm":1320,"minecraft:hex":0,"minecraft:fall_one_cm":7431},"minecraft:used":{"minecraft:iron_shovel":485,"minecraft:bread":4,"minecraft:iron_axe":27,"minecraft:iron_pickaxe":161,"minecraft:wooden_pickaxe":7,"minecraft:iron_sword":6,"minecraft:cooked_salmon":2,"minecraft:stone_axe":43,"minecraft:dirt":3,"minecraft:crafting_table":4},"minecraft:crafted":{"minecraft:iron_axe":1,"minecraft:stick":8,"minecraft:iron_ingot":5,"minecraft:iron_pickaxe":1,"minecraft:iron_shovel":2,"minecraft:dark_oak_planks":14}},"DataVersion":3465}