{"stats":{"minecraft:mined":{"iceandfire:silver_ore":6,"minecraft:dark_oak_leaves":2,"minecraft:dark_oak_log":40,"minecraft:powder_snow":1,"minecraft:torch":1,"minecraft:crafting_table":4,"minecraft:grass_block":608,"minecraft:jungle_log":1,"minecraft:tall_grass":21,"minecraft:copper_ore":3,"minecraft:cobblestone":4,"minecraft:birch_log":8,"minecraft:iron_ore":3,"minecraft:birch_leaves":2,"minecraft:grass":129,"minecraft:coal_ore":12,"minecraft:vine":4,"minecraft:lantern":2,"minecraft:gravel":84,"minecraft:dirt":80,"minecraft:stone":355,"minecraft:oak_leaves":1},"minecraft:picked_up":{"minecraft:birch_log":8,"minecraft:iron_chestplate":1,"minecraft:crafting_table":4,"minecraft:jungle_log":2,"minecraft:wooden_pickaxe":1,"doggytalents:rice_grains":18,"minecraft:flint":7,"minecraft:lantern":2,"minecraft:dirt":743,"minecraft:raw_copper":13,"minecraft:cooked_salmon":2,"minecraft:iron_shovel":1,"minecraft:wheat_seeds":28,"assortedtools:pokeball":4,"minecraft:iron_ingot":6,"minecraft:iron_sword":1,"minecraft:stick":1,"minecraft:raw_iron":3,"minecraft:torch":5,"minecraft:gravel":83,"minecraft:spruce_sapling":6,"minecraft:dark_oak_log":40,"minecraft:arrow":2,"minecraft:rotten_flesh":4,"minecraft:slime_ball":2,"minecraft:stone_axe":1,"rogues:warrior_armor_feet":1,"minecraft:iron_block":3,"minecraft:bread":28,"minecraft:coal":12,"minecraft:skeleton_skull":1,"iceandfire:raw_silver":6,"minecraft:cobblestone":341},"minecraft:dropped":{"minecraft:dirt":64,"minecraft:jungle_log":1,"minecraft:iron_shovel":1},"minecraft:broken":{"minecraft:iron_shovel":3,"minecraft:stone_axe":1,"minecraft:iron_pickaxe":1},"minecraft:killed_by":{"minecraft:creeper":1,"graveyard:skeleton_creeper":1},"minecraft:killed":{"minecraft:salmon":1,"minecraft:spider":1,"whisperwoods:zotzpyre":1,"minecraft:zombie":2},"minecraft:custom":{"minecraft:mob_kills":6,"minecraft:interact_with_crafting_table":7,"minecraft:leave_game":1,"minecraft:time_since_death":27812,"minecraft:sleep_in_bed":3,"minecraft:climb_one_cm":1320,"minecraft:hex":0,"minecraft:time_since_rest":27919,"minecraft:sprint_one_cm":19888,"minecraft:damage_taken":1370,"minecraft:walk_one_cm":612195,"minecraft:drop":3,"minecraft:damage_dealt":1076,"minecraft:swim_one_cm":2530,"minecraft:fly_one_cm":4437,"minecraft:open_chest":11,"minecraft:crouch_one_cm":16170,"minecraft:play_time":104449,"minecraft:deaths":2,"minecraft:sneak_time":3590,"minecraft:walk_under_water_one_cm":28337,"minecraft:jump":763,"minecraft:walk_on_water_one_cm":34269,"minecraft:total_world_time":104449,"minecraft:fall_one_cm":10298},"minecraft:used":{"minecraft:iron_shovel":774,"minecraft:wooden_pickaxe":7,"minecraft:chest":2,"minecraft:iron_sword":16,"minecraft:cooked_salmon":2,"minecraft:dirt":106,"minecraft:crafting_table":4,"minecraft:iron_axe":30,"minecraft:bread":9,"minecraft:iron_pickaxe":395,"minecraft:gravel":1,"minecraft:stone_axe":43,"minecraft:cobblestone":27},"minecraft:crafted":{"minecraft:dark_oak_button":2,"minecraft:iron_axe":1,"minecraft:stick":34,"minecraft:iron_ingot":5,"minecraft:iron_pickaxe":2,"minecraft:chest":2,"minecraft:iron_shovel":3,"minecraft:dark_oak_planks":34}},"DataVersion":3465}