{"stats":{"minecraft:mined":{"minecraft:dark_oak_planks":10,"dungeonnowloading:spikes":44,"minecraft:spruce_planks":5,"minecraft:sculk_vein":7,"minecraft:brewing_stand":1,"minecraft:grass_block":4,"minecraft:stone_brick_wall":1,"minecraft:spawner":1,"minecraft:smooth_stone":9,"minecraft:sculk_catalyst":5,"minecraft:cobbled_deepslate":1,"minecraft:iron_ore":159,"minecraft:fire":33,"dungeonnowloading:wooden_wall_rack":1,"minecraft:iron_bars":2,"minecraft:oak_stairs":1,"minecraft:deepslate_redstone_ore":3,"minecraft:red_bed":4,"dungeonnowloading:cobblestone_pebbles":2,"minecraft:smoker":1,"minecraft:deepslate_tile_slab":2,"minecraft:powder_snow":5,"minecraft:torch":2,"minecraft:blast_furnace":4,"minecraft:melon":2,"minecraft:chest":2,"minecraft:cobblestone":15,"minecraft:damaged_anvil":1,"minecraft:bricks":2,"minecraft:wall_torch":1,"dungeonnowloading:gold_ingot_pile":3,"minecraft:dark_oak_slab":1,"minecraft:birch_log":144,"farmersdelight:cutting_board":2,"minecraft:jukebox":1,"minecraft:birch_door":2,"minecraft:stone_brick_stairs":1,"minecraft:smooth_stone_slab":2,"minecraft:grass":2,"minecraft:sand":67,"minecraft:dirt":8,"minecraft:oak_leaves":2,"minecraft:deepslate":2,"minecraft:diamond_ore":1,"iceandfire:silver_ore":13,"travelersbackpack:lapis":1,"minecraft:mossy_cobblestone":2,"farmersdelight:wild_carrots":18,"minecraft:stripped_birch_log":1,"minecraft:dark_oak_fence":1,"minecraft:spruce_fence":4,"minecraft:spruce_leaves":11,"minecraft:moss_block":1,"minecraft:hay_block":8,"minecraft:redstone_ore":2,"minecraft:furnace":2,"minecraft:snow":11,"minecraft:andesite":1,"minecraft:bookshelf":20,"minecraft:vine":3,"minecraft:stripped_oak_log":1,"minecraft:stone":341,"minecraft:snow_block":20,"minecraft:crafting_table":10,"minecraft:emerald_ore":3,"minecraft:sculk_sensor":1,"minecraft:copper_ore":10,"minecraft:sculk":4,"minecraft:cracked_deepslate_bricks":2,"minecraft:diorite":2,"minecraft:birch_planks":17,"minecraft:birch_leaves":12,"minecraft:coal_ore":156,"minecraft:gravel":19,"minecraft:terracotta":8,"minecraft:acacia_planks":1,"minecraft:spruce_fence_gate":1,"minecraft:stone_bricks":6,"minecraft:mossy_stone_bricks":7,"minecraft:gold_ore":7},"minecraft:picked_up":{"minecraft:birch_door":12,"minecraft:lead":2,"minecraft:oak_stairs":1,"minecraft:stone_brick_stairs":1,"minecraft:brewing_stand":1,"farmersdelight:cutting_board":4,"minecraft:string":6,"minecraft:raw_copper":31,"minecraft:cooked_salmon":1,"minecraft:smooth_stone_slab":4,"universal_graves:grave_compass":7,"minecraft:smooth_stone":21,"minecraft:cobbled_deepslate":35,"minecraft:spruce_planks":5,"minecraft:iron_pickaxe":3,"minecraft:wooden_shovel":1,"dungeonnowloading:mossy_cobblestone_pebble":37,"minecraft:melon_slice":11,"minecraft:iron_boots":3,"minecraft:furnace":3,"minecraft:stick":16,"minecraft:jukebox":1,"minecraft:torch":119,"minecraft:diorite":1,"minecraft:stone_sword":1,"minecraft:rotten_flesh":55,"farmersdelight:tree_bark":12,"minecraft:music_disc_ward":1,"minecraft:iron_bars":2,"minecraft:cobblestone":347,"minecraft:birch_log":144,"minecraft:pink_petals":4,"minecraft:water_bucket":1,"rogues:rogue_armor_head":1,"minecraft:smoker":1,"minecraft:flint":10,"minecraft:tuff":10,"minecraft:lapis_lazuli":15,"minecraft:stripped_birch_log":15,"minecraft:dirt":34,"minecraft:leather_boots":3,"minecraft:bone":78,"minecraft:acacia_planks":1,"minecraft:bow":2,"minecraft:wheat_seeds":3,"minecraft:raw_gold":5,"dungeonnowloading:dungeon_wall_torch":6,"minecraft:mossy_stone_bricks":19,"minecraft:moss_block":7,"minecraft:sand":64,"minecraft:ink_sac":9,"minecraft:grass_block":1,"dungeonnowloading:wooden_wall_rack":1,"minecraft:mossy_cobblestone":3,"minecraft:diamond":1,"minecraft:bone_meal":2,"minecraft:emerald":3,"minecraft:chainmail_helmet":2,"minecraft:bread":26,"rogues:iron_dagger":1,"iceandfire:raw_silver":13,"minecraft:crafting_table":12,"minecraft:azure_bluet":1,"minecraft:splash_potion":2,"minecraft:wooden_pickaxe":1,"dungeonnowloading:cobblestone_pebble":10,"minecraft:gold_block":1,"travelersbackpack:sandstone":1,"minecraft:shield":1,"minecraft:red_bed":4,"minecraft:iron_axe":4,"travelersbackpack:lapis":2,"minecraft:iron_nugget":10,"minecraft:chest":2,"minecraft:birch_sapling":25,"minecraft:raw_iron":159,"minecraft:copper_ingot":1,"minecraft:spruce_fence":2,"minecraft:carrot":20,"minecraft:redstone":20,"minecraft:dark_oak_planks":10,"runes:healing_stone":9,"minecraft:arrow":83,"minecraft:cooked_cod":39,"archers:golden_spear":2,"minecraft:hay_block":4,"minecraft:gold_ingot":20,"paladins:golden_mace":1,"minecraft:mutton":2,"minecraft:white_wool":3,"rogues:stone_double_axe":1,"minecraft:stripped_oak_log":1,"minecraft:salmon":16,"minecraft:leather":8,"majruszsdifficulty:tattered_helmet":1,"doggytalents:rice_grains":1,"minecraft:birch_planks":19,"minecraft:gunpowder":36,"minecraft:deepslate_tile_slab":2,"naturalist:bass":37,"assortedtools:copper_leggings":1,"minecraft:stone_bricks":9,"majruszsdifficulty:tattered_leggings":1,"minecraft:iron_ingot":80,"minecraft:stone_pickaxe":2,"minecraft:iron_sword":3,"travelersbackpack:blank_upgrade":1,"minecraft:book":60,"spellbladenext:arcane_claymore":1,"minecraft:scaffolding":6,"minecraft:dandelion":5,"minecraft:gravel":14,"minecraft:blast_furnace":4,"naturalist:cooked_bass":2,"minecraft:spider_eye":5,"paladins:paladin_armor_feet":1,"minecraft:slime_ball":1,"minecraft:diamond_axe":4,"minecraft:gray_wool":8,"minecraft:terracotta":6,"minecraft:damaged_anvil":1,"minecraft:black_wool":1,"minecraft:coal":179,"dungeonnowloading:soul_cloth":1,"minecraft:ender_pearl":1},"minecraft:broken":{"majruszsdifficulty:tattered_leggings":1,"minecraft:iron_chestplate":1,"minecraft:iron_leggings":2,"minecraft:stone_pickaxe":2,"paladins:paladin_armor_feet":1,"minecraft:stone_axe":1,"minecraft:iron_pickaxe":2,"minecraft:iron_helmet":1},"minecraft:dropped":{"minecraft:iron_sword":2,"minecraft:moss_block":4,"minecraft:birch_planks":1,"minecraft:diamond_axe":1,"minecraft:ender_pearl":1,"minecraft:diamond":1,"minecraft:crafting_table":1,"dungeonnowloading:cobblestone_pebble":10,"minecraft:flint":9,"paladins:golden_mace":1,"minecraft:dirt":15,"archers:golden_spear":1,"dungeonnowloading:soul_cloth":1,"iceandfire:armor_copper_metal_boots":1,"minecraft:amethyst_shard":3,"minecraft:iron_pickaxe":2,"assortedtools:copper_leggings":1,"minecraft:white_wool":3,"dungeonnowloading:dungeon_wall_torch":6,"minecraft:gold_ingot":10,"minecraft:bone":16,"minecraft:iron_nugget":6,"minecraft:cobbled_deepslate":33,"minecraft:wheat":2,"dungeonnowloading:wooden_wall_rack":1,"minecraft:birch_sapling":12,"minecraft:rotten_flesh":25,"dungeonnowloading:mossy_cobblestone_pebble":28,"universal_graves:grave_compass":9,"minecraft:azure_bluet":1,"minecraft:carrot":1,"rogues:rogue_armor_head":1,"farmersdelight:cutting_board":3,"rogues:stone_double_axe":1,"minecraft:tipped_arrow":5,"minecraft:gunpowder":45,"minecraft:melon_seeds":3,"minecraft:leather_boots":2,"minecraft:birch_door":4,"doggytalents:rice_grains":1,"minecraft:iron_bars":2,"minecraft:arrow":74,"minecraft:scaffolding":6,"minecraft:stone_brick_stairs":1,"minecraft:water_bucket":1,"minecraft:bread":1,"minecraft:wheat_seeds":3,"minecraft:mossy_cobblestone":3,"iceandfire:armor_copper_metal_chestplate":1,"minecraft:cobblestone":22,"minecraft:lead":1,"minecraft:book":1,"minecraft:copper_ingot":8,"minecraft:chainmail_helmet":1,"minecraft:coal":1,"minecraft:stick":8,"travelersbackpack:sandstone":1,"minecraft:gray_wool":4,"minecraft:diorite":1,"minecraft:ink_sac":9,"minecraft:torch":9,"minecraft:rose_bush":2,"minecraft:cooked_salmon":2,"minecraft:stripped_birch_log":2,"minecraft:oak_stairs":1,"minecraft:smooth_stone":20,"minecraft:paper":3,"minecraft:dandelion":5,"minecraft:furnace":1,"minecraft:stone_sword":2,"minecraft:smooth_stone_slab":4,"minecraft:tuff":9,"minecraft:stone_shovel":1,"minecraft:iron_boots":3,"iceandfire:armor_copper_metal_helmet":1,"naturalist:cooked_bass":7,"runes:healing_stone":9,"minecraft:mossy_stone_bricks":9,"minecraft:wooden_shovel":1,"rogues:iron_dagger":1,"minecraft:spider_eye":4,"minecraft:slime_ball":1,"minecraft:stone_pickaxe":2,"minecraft:wooden_pickaxe":2},"minecraft:killed_by":{"minecraft:creeper":3,"graveyard:skeleton_creeper":1,"minecraft:zombie":3,"minecraft:player":1,"minecraft:stray":1,"minecraft:skeleton":13},"minecraft:killed":{"minecraft:spider":11,"minecraft:cod":34,"minecraft:skeleton":34,"minecraft:salmon":16,"majruszsdifficulty:tank":1,"minecraft:sheep":3,"minecraft:trader_llama":1,"minecraft:zombie":32,"minecraft:stray":3,"naturalist:bass":37,"minecraft:drowned":9,"minecraft:husk":2},"minecraft:custom":{"minecraft:interact_with_crafting_table":92,"minecraft:open_barrel":61,"minecraft:leave_game":6,"minecraft:time_since_death":27270,"minecraft:sprint_one_cm":585604,"minecraft:damage_blocked_by_shield":4766,"minecraft:drop":182,"minecraft:play_time":595094,"minecraft:deaths":26,"minecraft:jump":5076,"minecraft:interact_with_brewingstand":1,"minecraft:walk_on_water_one_cm":132720,"minecraft:enchant_item":1,"minecraft:interact_with_furnace":76,"minecraft:sleep_in_bed":11,"minecraft:damage_dealt":22754,"minecraft:interact_with_beacon":18,"minecraft:crouch_one_cm":35154,"minecraft:interact_with_smoker":6,"minecraft:interact_with_smithing_table":6,"minecraft:mob_kills":187,"minecraft:damage_dealt_resisted":157,"minecraft:climb_one_cm":12077,"minecraft:walk_one_cm":1814888,"minecraft:sneak_time":14529,"minecraft:walk_under_water_one_cm":257669,"minecraft:interact_with_blast_furnace":27,"minecraft:total_world_time":595094,"minecraft:hex":0,"minecraft:time_since_rest":27303,"minecraft:damage_taken":15283,"minecraft:swim_one_cm":463431,"minecraft:fly_one_cm":530484,"minecraft:open_chest":55,"minecraft:fall_one_cm":119515},"minecraft:used":{"minecraft:moss_block":1,"minecraft:iron_shovel":12,"travelersbackpack:lapis":15,"minecraft:chest":9,"minecraft:shield":42,"minecraft:stone":165,"minecraft:iron_sword":179,"minecraft:blue_stained_glass":4,"minecraft:carrot":26,"naturalist:cooked_bass":32,"minecraft:tuff":1,"minecraft:lava_bucket":2,"minecraft:quartz_slab":3,"minecraft:grass_block":106,"minecraft:birch_sapling":13,"minecraft:stone_bricks":9,"archers:golden_spear":2,"farmersdelight:cutting_board":3,"minecraft:bow":11,"minecraft:furnace":4,"minecraft:cooked_cod":3,"spellbladenext:arcane_claymore":5,"minecraft:mossy_stone_bricks":1,"minecraft:stone_pickaxe":263,"simplyswords:runic_greathammer":2,"minecraft:oak_planks":63,"minecraft:wooden_pickaxe":31,"minecraft:diamond_axe":140,"minecraft:blast_furnace":5,"minecraft:melon_slice":6,"minecraft:bread":50,"minecraft:gravel":14,"minecraft:birch_log":1,"travelersbackpack:sandstone":1,"minecraft:stone_sword":96,"minecraft:flint_and_steel":3,"minecraft:stone_shovel":108,"minecraft:spruce_planks":3,"minecraft:cooked_salmon":14,"minecraft:torch":198,"minecraft:dirt":226,"minecraft:birch_door":2,"minecraft:iron_hoe":25,"minecraft:wooden_axe":12,"minecraft:dark_oak_planks":2,"minecraft:iron_block":170,"minecraft:iron_axe":62,"minecraft:oak_stairs":66,"minecraft:cobbled_deepslate":2,"minecraft:acacia_planks":1,"minecraft:cooked_mutton":2,"minecraft:water_bucket":105,"minecraft:birch_planks":211,"minecraft:terracotta":6,"minecraft:red_bed":4,"minecraft:oak_slab":10,"minecraft:crafting_table":21,"minecraft:smoker":1,"minecraft:oak_log":13,"minecraft:iron_pickaxe":540,"minecraft:stone_axe":120,"minecraft:pink_petals":19,"minecraft:cobblestone":224,"minecraft:bucket":35,"minecraft:splash_potion":1,"minecraft:smooth_stone":1},"minecraft:crafted":{"minecraft:smooth_stone":3,"minecraft:oak_planks":4,"travelersbackpack:crafting_upgrade":1,"minecraft:chain":1,"minecraft:stone":3,"naturalist:cooked_bass":37,"minecraft:cooked_mutton":2,"iceandfire:armor_copper_metal_boots":1,"minecraft:glass":41,"minecraft:bow":2,"minecraft:iron_boots":2,"iceandfire:armor_copper_metal_chestplate":1,"minecraft:chest":8,"minecraft:birch_door":3,"minecraft:smoker":1,"travelersbackpack:iron_tier_upgrade":1,"minecraft:crafting_table":5,"travelersbackpack:lapis":2,"minecraft:wooden_pickaxe":1,"minecraft:iron_helmet":2,"minecraft:copper_ingot":31,"minecraft:birch_planks":480,"simplyskills:malevolent_manuscript":1,"farmersdelight:cutting_board":2,"minecraft:iron_chestplate":2,"minecraft:paper":4,"minecraft:shield":2,"minecraft:stick":72,"minecraft:iron_ingot":136,"minecraft:iron_pickaxe":3,"minecraft:stone_sword":1,"minecraft:gold_ingot":14,"minecraft:stone_shovel":1,"minecraft:iron_nugget":9,"minecraft:furnace":5,"assortedtools:copper_leggings":1,"minecraft:blast_furnace":1,"travelersbackpack:blank_upgrade":4,"travelersbackpack:gold_tier_upgrade":1,"iceandfire:armor_copper_metal_helmet":1,"minecraft:flint_and_steel":1,"minecraft:iron_axe":1,"minecraft:stone_pickaxe":2,"minecraft:wheat":18,"dungeonnowloading:skull_of_chaos":1,"iceandfire:silver_ingot":4,"travelersbackpack:backpack_tank":2,"minecraft:iron_sword":1,"minecraft:cooked_salmon":16,"minecraft:bucket":1,"minecraft:stone_axe":1,"minecraft:bread":12,"minecraft:air":0,"minecraft:white_wool":2,"minecraft:wooden_axe":1,"minecraft:iron_shovel":1,"minecraft:iron_leggings":2,"minecraft:torch":132}},"DataVersion":3465}