{"stats":{"minecraft:mined":{"minecraft:dark_oak_planks":10,"minecraft:spruce_planks":5,"iceandfire:silver_ore":4,"minecraft:snow_block":14,"farmersdelight:wild_carrots":18,"minecraft:stripped_birch_log":1,"minecraft:powder_snow":5,"minecraft:torch":1,"minecraft:crafting_table":5,"minecraft:emerald_ore":1,"minecraft:grass_block":3,"minecraft:copper_ore":10,"minecraft:cobblestone":3,"minecraft:spruce_leaves":3,"minecraft:bricks":1,"minecraft:fire":31,"minecraft:birch_log":114,"minecraft:iron_ore":75,"minecraft:snow":3,"minecraft:andesite":1,"minecraft:birch_leaves":12,"minecraft:birch_door":2,"minecraft:grass":1,"minecraft:coal_ore":86,"minecraft:dirt":5,"minecraft:terracotta":1,"minecraft:stone":104},"minecraft:killed_by":{"minecraft:skeleton":9,"minecraft:creeper":1,"graveyard:skeleton_creeper":1},"minecraft:picked_up":{"minecraft:birch_log":114,"minecraft:pink_petals":4,"minecraft:crafting_table":5,"minecraft:birch_door":6,"minecraft:salmon":14,"minecraft:lead":2,"minecraft:wooden_pickaxe":1,"minecraft:birch_planks":3,"minecraft:gunpowder":9,"minecraft:stripped_birch_log":3,"minecraft:dirt":20,"minecraft:string":2,"minecraft:raw_copper":31,"minecraft:cooked_salmon":1,"universal_graves:grave_compass":1,"naturalist:bass":31,"minecraft:bone":8,"majruszsdifficulty:tattered_leggings":1,"minecraft:spruce_planks":5,"minecraft:iron_nugget":3,"minecraft:birch_sapling":25,"minecraft:raw_iron":75,"minecraft:stick":14,"minecraft:copper_ingot":1,"minecraft:torch":87,"naturalist:cooked_bass":1,"minecraft:ink_sac":9,"minecraft:carrot":18,"minecraft:spider_eye":4,"minecraft:dark_oak_planks":10,"minecraft:stone_sword":1,"minecraft:arrow":6,"minecraft:rotten_flesh":7,"minecraft:emerald":1,"minecraft:coal":97,"iceandfire:raw_silver":4,"minecraft:cobblestone":106},"minecraft:crafted":{"minecraft:stone_shovel":1,"minecraft:crafting_table":3,"minecraft:iron_sword":1,"minecraft:iron_helmet":1,"minecraft:wooden_pickaxe":1,"assortedtools:copper_leggings":1,"minecraft:furnace":2,"minecraft:cooked_salmon":11,"minecraft:copper_ingot":31,"minecraft:birch_planks":356,"minecraft:stone_axe":1,"naturalist:cooked_bass":31,"iceandfire:armor_copper_metal_boots":1,"minecraft:air":0,"iceandfire:armor_copper_metal_helmet":1,"minecraft:iron_boots":1,"minecraft:iron_chestplate":1,"minecraft:iron_axe":1,"minecraft:shield":1,"minecraft:iron_pickaxe":1,"minecraft:stick":28,"minecraft:iron_ingot":35,"iceandfire:armor_copper_metal_chestplate":1,"minecraft:stone_pickaxe":2,"minecraft:wooden_axe":1,"minecraft:stone_sword":1,"minecraft:iron_leggings":1,"minecraft:birch_door":3,"minecraft:torch":8},"minecraft:custom":{"minecraft:interact_with_furnace":62,"minecraft:mob_kills":61,"minecraft:interact_with_crafting_table":30,"minecraft:open_barrel":5,"minecraft:leave_game":2,"minecraft:time_since_death":7815,"minecraft:climb_one_cm":5670,"minecraft:hex":0,"minecraft:time_since_rest":7850,"minecraft:sprint_one_cm":150195,"minecraft:damage_taken":5742,"minecraft:walk_one_cm":683640,"minecraft:damage_blocked_by_shield":45,"minecraft:drop":46,"minecraft:damage_dealt":5237,"minecraft:interact_with_beacon":18,"minecraft:fly_one_cm":255112,"minecraft:swim_one_cm":223487,"minecraft:open_chest":4,"minecraft:crouch_one_cm":9430,"minecraft:play_time":237259,"minecraft:deaths":13,"minecraft:sneak_time":4649,"minecraft:walk_under_water_one_cm":139392,"minecraft:jump":2230,"minecraft:walk_on_water_one_cm":74323,"minecraft:total_world_time":237259,"minecraft:fall_one_cm":41965},"minecraft:broken":{"minecraft:stone_pickaxe":1,"majruszsdifficulty:tattered_leggings":1},"minecraft:used":{"minecraft:water_bucket":83,"minecraft:stone_sword":96,"minecraft:birch_planks":97,"minecraft:stone_shovel":25,"simplyswords:runic_greathammer":2,"minecraft:stone_pickaxe":255,"minecraft:oak_planks":63,"minecraft:shield":1,"minecraft:spruce_planks":3,"minecraft:wooden_pickaxe":31,"minecraft:iron_sword":5,"minecraft:stone":165,"minecraft:cooked_salmon":10,"minecraft:torch":84,"minecraft:dirt":212,"minecraft:oak_slab":10,"minecraft:crafting_table":8,"minecraft:blue_stained_glass":4,"naturalist:cooked_bass":25,"minecraft:birch_door":2,"minecraft:oak_log":13,"minecraft:wooden_axe":12,"minecraft:dark_oak_planks":2,"minecraft:quartz_slab":3,"minecraft:iron_block":170,"minecraft:grass_block":106,"minecraft:oak_stairs":66,"minecraft:birch_sapling":13,"minecraft:iron_pickaxe":1,"minecraft:stone_axe":102,"minecraft:pink_petals":19,"minecraft:cobblestone":78,"minecraft:furnace":2,"minecraft:birch_log":1},"minecraft:killed":{"minecraft:salmon":14,"minecraft:spider":3,"minecraft:skeleton":2,"minecraft:trader_llama":1,"minecraft:zombie":3,"naturalist:bass":30,"minecraft:stray":1,"minecraft:drowned":7},"minecraft:dropped":{"minecraft:birch_planks":1,"minecraft:iron_nugget":3,"minecraft:stone_sword":2,"minecraft:birch_sapling":2,"iceandfire:armor_copper_metal_chestplate":1,"minecraft:rotten_flesh":7,"minecraft:lead":1,"universal_graves:grave_compass":4,"iceandfire:armor_copper_metal_helmet":1,"naturalist:cooked_bass":7,"minecraft:copper_ingot":8,"minecraft:stick":3,"minecraft:torch":1,"minecraft:ink_sac":9,"minecraft:gunpowder":18,"iceandfire:armor_copper_metal_boots":1,"minecraft:rose_bush":2,"minecraft:birch_door":1,"minecraft:cooked_salmon":2,"minecraft:stripped_birch_log":2,"minecraft:spider_eye":4,"minecraft:wooden_pickaxe":2,"assortedtools:copper_leggings":1}},"DataVersion":3465}