{"stats":{"minecraft:mined":{"minecraft:powder_snow":5,"minecraft:grass_block":2,"minecraft:cobblestone":1,"minecraft:birch_log":72,"minecraft:birch_leaves":3,"minecraft:dirt":1,"minecraft:stone":31},"minecraft:killed_by":{"minecraft:skeleton":5},"minecraft:picked_up":{"minecraft:birch_log":72,"minecraft:pink_petals":4,"minecraft:salmon":9,"minecraft:lead":2,"minecraft:dirt":3,"minecraft:string":2,"minecraft:cooked_salmon":1,"naturalist:bass":23,"minecraft:bone":3,"majruszsdifficulty:tattered_leggings":1,"minecraft:birch_sapling":19,"minecraft:stick":7,"minecraft:copper_ingot":1,"minecraft:spider_eye":1,"minecraft:arrow":2,"minecraft:rotten_flesh":5,"minecraft:cobblestone":32},"minecraft:broken":{"majruszsdifficulty:tattered_leggings":1},"minecraft:crafted":{"minecraft:crafting_table":1,"minecraft:wooden_pickaxe":1,"minecraft:furnace":1,"minecraft:cooked_salmon":9,"minecraft:birch_planks":48,"minecraft:stone_axe":1,"naturalist:cooked_bass":23,"minecraft:air":0,"minecraft:stick":8,"minecraft:stone_pickaxe":1,"minecraft:stone_sword":1},"minecraft:custom":{"minecraft:interact_with_furnace":23,"minecraft:mob_kills":42,"minecraft:interact_with_crafting_table":6,"minecraft:open_barrel":4,"minecraft:leave_game":2,"minecraft:time_since_death":1547,"minecraft:climb_one_cm":4134,"minecraft:hex":0,"minecraft:time_since_rest":1575,"minecraft:sprint_one_cm":76386,"minecraft:damage_taken":2754,"minecraft:walk_one_cm":410665,"minecraft:drop":11,"minecraft:damage_dealt":3350,"minecraft:interact_with_beacon":18,"minecraft:fly_one_cm":205962,"minecraft:swim_one_cm":107710,"minecraft:open_chest":1,"minecraft:crouch_one_cm":232,"minecraft:play_time":123259,"minecraft:deaths":7,"minecraft:sneak_time":432,"minecraft:walk_under_water_one_cm":59402,"minecraft:jump":897,"minecraft:walk_on_water_one_cm":58112,"minecraft:total_world_time":123259,"minecraft:fall_one_cm":15102},"minecraft:used":{"minecraft:water_bucket":83,"minecraft:stone_sword":63,"simplyswords:runic_greathammer":2,"minecraft:stone_pickaxe":1,"minecraft:oak_planks":63,"minecraft:wooden_pickaxe":31,"minecraft:stone":165,"minecraft:cooked_salmon":6,"minecraft:dirt":212,"minecraft:oak_slab":10,"minecraft:crafting_table":1,"minecraft:blue_stained_glass":4,"naturalist:cooked_bass":12,"minecraft:oak_log":13,"minecraft:quartz_slab":3,"minecraft:iron_block":170,"minecraft:grass_block":106,"minecraft:oak_stairs":66,"minecraft:birch_sapling":11,"minecraft:stone_axe":73,"minecraft:pink_petals":19,"minecraft:furnace":1},"minecraft:killed":{"minecraft:salmon":9,"minecraft:spider":2,"minecraft:skeleton":1,"minecraft:trader_llama":1,"naturalist:bass":22,"minecraft:stray":1,"minecraft:drowned":6},"minecraft:dropped":{"minecraft:birch_sapling":1,"minecraft:lead":1,"universal_graves:grave_compass":1,"naturalist:cooked_bass":6,"minecraft:cooked_salmon":2}},"DataVersion":3465}