{"stats":{"minecraft:mined":{"minecraft:dark_oak_planks":10,"minecraft:spruce_planks":5,"iceandfire:silver_ore":4,"farmersdelight:wild_carrots":12,"minecraft:stripped_birch_log":1,"minecraft:powder_snow":5,"minecraft:crafting_table":1,"minecraft:grass_block":2,"minecraft:copper_ore":10,"minecraft:cobblestone":1,"minecraft:birch_log":100,"minecraft:iron_ore":5,"minecraft:andesite":1,"minecraft:birch_leaves":5,"minecraft:birch_door":2,"minecraft:grass":1,"minecraft:coal_ore":84,"minecraft:dirt":1,"minecraft:stone":51},"minecraft:killed_by":{"minecraft:skeleton":8},"minecraft:picked_up":{"minecraft:birch_log":100,"minecraft:pink_petals":4,"minecraft:crafting_table":1,"minecraft:birch_door":3,"minecraft:salmon":11,"minecraft:lead":2,"minecraft:birch_planks":2,"minecraft:gunpowder":9,"minecraft:stripped_birch_log":3,"minecraft:dirt":3,"minecraft:string":2,"minecraft:raw_copper":31,"minecraft:cooked_salmon":1,"naturalist:bass":31,"minecraft:bone":3,"majruszsdifficulty:tattered_leggings":1,"minecraft:spruce_planks":5,"minecraft:iron_nugget":3,"minecraft:birch_sapling":23,"minecraft:raw_iron":5,"minecraft:stick":12,"minecraft:copper_ingot":1,"minecraft:torch":81,"minecraft:ink_sac":3,"minecraft:carrot":12,"minecraft:spider_eye":3,"minecraft:dark_oak_planks":10,"minecraft:arrow":2,"minecraft:rotten_flesh":7,"minecraft:coal":95,"iceandfire:raw_silver":4,"minecraft:cobblestone":52},"minecraft:broken":{"majruszsdifficulty:tattered_leggings":1},"minecraft:crafted":{"minecraft:crafting_table":3,"minecraft:wooden_pickaxe":1,"assortedtools:copper_leggings":1,"minecraft:furnace":1,"minecraft:cooked_salmon":11,"minecraft:copper_ingot":31,"minecraft:birch_planks":100,"minecraft:stone_axe":1,"naturalist:cooked_bass":31,"iceandfire:armor_copper_metal_boots":1,"minecraft:air":0,"iceandfire:armor_copper_metal_helmet":1,"minecraft:shield":1,"minecraft:stick":12,"minecraft:iron_ingot":1,"iceandfire:armor_copper_metal_chestplate":1,"minecraft:stone_pickaxe":1,"minecraft:wooden_axe":1,"minecraft:stone_sword":1,"minecraft:birch_door":3,"minecraft:torch":8},"minecraft:custom":{"minecraft:interact_with_furnace":41,"minecraft:mob_kills":53,"minecraft:interact_with_crafting_table":19,"minecraft:open_barrel":4,"minecraft:leave_game":2,"minecraft:time_since_death":55634,"minecraft:climb_one_cm":4864,"minecraft:hex":0,"minecraft:time_since_rest":55684,"minecraft:sprint_one_cm":116571,"minecraft:damage_taken":3499,"minecraft:walk_one_cm":520873,"minecraft:drop":21,"minecraft:damage_dealt":4083,"minecraft:interact_with_beacon":18,"minecraft:fly_one_cm":228916,"minecraft:swim_one_cm":210888,"minecraft:open_chest":4,"minecraft:crouch_one_cm":3416,"minecraft:play_time":189259,"minecraft:deaths":10,"minecraft:sneak_time":2650,"minecraft:walk_under_water_one_cm":130888,"minecraft:jump":1484,"minecraft:walk_on_water_one_cm":65222,"minecraft:total_world_time":189259,"minecraft:fall_one_cm":24769},"minecraft:used":{"minecraft:water_bucket":83,"minecraft:stone_sword":78,"minecraft:birch_planks":8,"simplyswords:runic_greathammer":2,"minecraft:stone_pickaxe":126,"minecraft:oak_planks":63,"minecraft:spruce_planks":3,"minecraft:wooden_pickaxe":31,"minecraft:stone":165,"minecraft:cooked_salmon":6,"minecraft:torch":81,"minecraft:dirt":212,"minecraft:oak_slab":10,"minecraft:crafting_table":3,"minecraft:blue_stained_glass":4,"naturalist:cooked_bass":16,"minecraft:birch_door":2,"minecraft:oak_log":13,"minecraft:wooden_axe":12,"minecraft:dark_oak_planks":2,"minecraft:quartz_slab":3,"minecraft:iron_block":170,"minecraft:grass_block":106,"minecraft:oak_stairs":66,"minecraft:birch_sapling":13,"minecraft:stone_axe":96,"minecraft:pink_petals":19,"minecraft:cobblestone":13,"minecraft:furnace":1,"minecraft:birch_log":1},"minecraft:killed":{"minecraft:salmon":11,"minecraft:spider":2,"minecraft:skeleton":1,"minecraft:trader_llama":1,"naturalist:bass":30,"minecraft:stray":1,"minecraft:drowned":7},"minecraft:dropped":{"minecraft:iron_nugget":3,"minecraft:birch_sapling":1,"minecraft:lead":1,"universal_graves:grave_compass":2,"naturalist:cooked_bass":6,"minecraft:gunpowder":18,"minecraft:rose_bush":2,"minecraft:birch_door":1,"minecraft:cooked_salmon":2,"minecraft:stripped_birch_log":2,"minecraft:spider_eye":2}},"DataVersion":3465}