{"stats":{"minecraft:broken":{"assortedtools:amethyst_helmet":2,"assortedtools:amethyst_leggings":1,"minecraft:iron_boots":5,"majruszsdifficulty:tattered_leggings":1,"minecraft:iron_chestplate":5,"minecraft:iron_leggings":6,"rogues:berserker_armor_head":1,"iceandfire:armor_green_helmet":1,"rogues:berserker_armor_legs":1,"minecraft:shield":1,"rogues:berserker_armor_feet":1,"minecraft:iron_pickaxe":6,"minecraft:iron_helmet":6,"rogues:berserker_armor_chest":1,"minecraft:iron_shovel":2,"minecraft:stone_pickaxe":2,"paladins:paladin_armor_feet":1,"minecraft:stone_axe":1,"assortedtools:amethyst_boots":2,"assortedtools:amethyst_chestplate":1},"minecraft:killed_by":{"minecraft:zombie_villager":1,"minecraft:zombie":4,"minecraft:husk":3,"minecraft:stray":1,"minecraft:zombified_piglin":2,"minecraft:creeper":3,"graveyard:skeleton_creeper":2,"minecraft:piglin":1,"iceandfire:fire_dragon":1,"minecraft:player":6,"dungeonnowloading:chaos_spawner":4,"minecraft:skeleton":18,"iceandfire:lightning_dragon":1,"creeperoverhaul:snowy_creeper":1},"minecraft:custom":{"minecraft:interact_with_crafting_table":207,"minecraft:open_barrel":70,"goblintraders:trade_with_goblin":85,"minecraft:leave_game":19,"minecraft:time_since_death":82400,"minecraft:damage_blocked_by_shield":9748,"minecraft:play_time":1637912,"minecraft:deaths":61,"minecraft:jump":12927,"minecraft:enchant_item":2,"minecraft:interact_with_furnace":82,"minecraft:traded_with_villager":11,"minecraft:interact_with_cartography_table":1,"minecraft:sleep_in_bed":24,"minecraft:damage_dealt":59741,"minecraft:interact_with_smoker":122,"minecraft:interact_with_smithing_table":6,"minecraft:interact_with_anvil":22,"minecraft:damage_dealt_absorbed":240,"minecraft:sneak_time":30428,"minecraft:interact_with_blast_furnace":55,"minecraft:total_world_time":1637912,"minecraft:tune_noteblock":42,"minecraft:time_since_rest":73715,"minecraft:swim_one_cm":694123,"minecraft:fly_one_cm":1150961,"minecraft:open_chest":505,"minecraft:fish_caught":94,"minecraft:fall_one_cm":594499,"minecraft:damage_resisted":49,"minecraft:sprint_one_cm":1548479,"minecraft:drop":329,"minecraft:talked_to_villager":10,"minecraft:interact_with_brewingstand":1,"minecraft:walk_on_water_one_cm":288427,"minecraft:interact_with_beacon":18,"minecraft:crouch_one_cm":64257,"minecraft:mob_kills":425,"minecraft:damage_dealt_resisted":730,"minecraft:climb_one_cm":18473,"minecraft:walk_one_cm":4547040,"minecraft:walk_under_water_one_cm":414471,"minecraft:boat_one_cm":21,"minecraft:hex":0,"minecraft:damage_taken":42767,"minecraft:damage_absorbed":281,"minecraft:trigger_trapped_chest":7},"minecraft:killed":{"minecraft:cod":34,"minecraft:skeleton":80,"majruszsdifficulty:creeperling":1,"minecraft:salmon":38,"majruszsdifficulty:tank":2,"minecraft:pillager":1,"minecraft:zombie":82,"minecraft:cow":2,"minecraft:evoker":1,"graveyard:nightmare":1,"majruszsdifficulty:illusioner":1,"illagerinvasion:marauder":1,"minecraft:husk":12,"graveyard:ghoul":2,"naturalist:bear":1,"whisperwoods:zotzpyre":2,"iceandfire:ice_dragon":1,"minecraft:enderman":2,"graveyard:skeleton_creeper":3,"minecraft:zombified_piglin":4,"minecraft:spider":17,"whisperwoods:wisp":1,"minecraft:piglin":4,"minecraft:zombie_villager":2,"minecraft:creeper":1,"minecraft:sheep":3,"minecraft:trader_llama":1,"minecraft:stray":4,"iceandfire:pixie":1,"dungeonnowloading:spawner_carrier":1,"iceandfire:fire_dragon":2,"naturalist:bass":81,"minecraft:drowned":18,"iceandfire:troll":1,"minecraft:wither_skeleton":2,"naturalist:sparrow":1},"minecraft:mined":{"dungeonnowloading:spikes":44,"dungeonnowloading:iron_ingot_pile":1,"minecraft:stone_brick_wall":1,"minecraft:spawner":1,"minecraft:magma_block":3,"minecraft:fire":35,"minecraft:cobbled_deepslate":1,"minecraft:deepslate_lapis_ore":7,"minecraft:enchanting_table":2,"dungeonnowloading:wooden_wall_rack":1,"iceandfire:gold_pile":233,"minecraft:dirt_path":2,"minecraft:small_amethyst_bud":1,"minecraft:oak_stairs":1,"minecraft:deepslate_brick_stairs":3,"dungeonnowloading:cobblestone_pebbles":2,"minecraft:red_bed":5,"minecraft:kelp_plant":2,"minecraft:smoker":3,"minecraft:amethyst_cluster":15,"minecraft:deepslate_tile_slab":2,"minecraft:powder_snow":98,"minecraft:torch":10,"minecraft:blast_furnace":6,"minecraft:melon":4,"minecraft:damaged_anvil":1,"minecraft:bricks":2,"minecraft:amethyst_block":20,"minecraft:wheat":44,"minecraft:jukebox":1,"minecraft:birch_door":2,"minecraft:stone_brick_stairs":1,"minecraft:grass":4,"minecraft:deepslate":227,"graveyard:torso_pile":4,"iceandfire:silver_ore":13,"minecraft:mossy_cobblestone":10,"farmersdelight:wild_carrots":18,"minecraft:stripped_birch_log":1,"minecraft:dark_oak_fence":2,"minecraft:spruce_fence":4,"minecraft:moss_block":1,"minecraft:kelp":21,"farmersdelight:wild_onions":7,"minecraft:redstone_ore":2,"minecraft:snow":22,"minecraft:andesite":13,"minecraft:potatoes":260,"travelersbackpack:yellow_sleeping_bag":1,"minecraft:vine":11,"dungeonnowloading:mossy_cobblestone_pebbles":1,"graveyard:laterally_lying_skeleton":3,"minecraft:spruce_button":1,"minecraft:emerald_ore":14,"clutter:basalt_sulphur_ore":2,"minecraft:copper_ore":10,"minecraft:tall_grass":1,"minecraft:deepslate_gold_ore":13,"minecraft:cracked_deepslate_bricks":2,"minecraft:diorite":2,"minecraft:dark_oak_wall_sign":1,"minecraft:birch_leaves":12,"iceandfire:silver_pile":1,"minecraft:gravel":98,"minecraft:acacia_planks":1,"minecraft:spruce_fence_gate":1,"minecraft:stone_bricks":6,"minecraft:gold_ore":7,"graveyard:bone_remains":1,"minecraft:large_amethyst_bud":10,"minecraft:spruce_planks":5,"minecraft:farmland":1,"minecraft:cobbled_deepslate_stairs":1,"minecraft:sculk_vein":28,"minecraft:brewing_stand":1,"minecraft:budding_amethyst":2,"minecraft:grass_block":34,"graveyard:skull_on_pike":4,"minecraft:smooth_stone":9,"minecraft:sculk_catalyst":5,"minecraft:iron_ore":271,"minecraft:iron_bars":2,"minecraft:deepslate_redstone_ore":19,"minecraft:blackstone":7,"graveyard:middle_bone_staff":5,"minecraft:medium_amethyst_bud":5,"dungeonnowloading:dungeon_wall_torch":1,"minecraft:calcite":1,"minecraft:chest":5,"minecraft:nether_quartz_ore":130,"minecraft:cobblestone":92,"graveyard:lying_skeleton":2,"minecraft:wall_torch":12,"minecraft:seagrass":1,"dungeonnowloading:gold_ingot_pile":3,"minecraft:dark_oak_slab":1,"minecraft:birch_log":217,"farmersdelight:cutting_board":2,"minecraft:smooth_stone_slab":3,"graveyard:skull_pile":1,"minecraft:sand":67,"minecraft:dirt":198,"minecraft:tripwire_hook":2,"minecraft:ancient_debris":7,"minecraft:netherrack":377,"minecraft:oak_leaves":5,"minecraft:nether_gold_ore":29,"minecraft:diamond_ore":1,"minecraft:tuff":17,"travelersbackpack:lapis":1,"minecraft:deepslate_diamond_ore":37,"minecraft:mangrove_trapdoor":1,"minecraft:spruce_leaves":17,"iceandfire:chared_grass":2,"minecraft:hay_block":18,"minecraft:furnace":3,"minecraft:carrots":31,"minecraft:gold_block":1,"minecraft:bookshelf":20,"minecraft:deepslate_iron_ore":11,"minecraft:stripped_oak_log":1,"minecraft:stone":1066,"minecraft:podzol":1,"minecraft:snow_block":95,"minecraft:basalt":1,"minecraft:crafting_table":17,"minecraft:sculk_sensor":1,"minecraft:sculk":4,"minecraft:birch_planks":17,"graveyard:skull_with_rib_cage":3,"spell_engine:spell_binding":1,"minecraft:sweet_berry_bush":1,"minecraft:coal_ore":300,"graveyard:leaning_skeleton":2,"minecraft:terracotta":8,"minecraft:mossy_stone_bricks":7,"minecraft:dark_oak_planks":10},"minecraft:picked_up":{"minecraft:birch_door":12,"minecraft:chainmail_boots":1,"artifacts:bunny_hoppers":1,"minecraft:lead":2,"minecraft:oak_stairs":1,"minecraft:enchanted_book":3,"minecraft:brewing_stand":1,"minecraft:amethyst_block":20,"farmersdelight:cutting_board":4,"minecraft:string":19,"minecraft:cooked_salmon":21,"minecraft:pufferfish":6,"minecraft:cobbled_deepslate":260,"minecraft:gold_nugget":2503,"assortedtools:pokeball":1,"minecraft:spruce_planks":5,"minecraft:melon_slice":22,"minecraft:golden_helmet":1,"minecraft:jukebox":1,"minecraft:stone_sword":1,"minecraft:tropical_fish":3,"farmersdelight:onion":7,"iceandfire:fire_dragon_heart":1,"minecraft:iron_bars":2,"minecraft:snowball":275,"minecraft:birch_log":216,"minecraft:magma_block":3,"minecraft:cooked_beef":3,"minecraft:water_bucket":1,"rogues:rogue_armor_head":1,"minecraft:smoker":3,"minecraft:flint":21,"dungeonnowloading:dungeon_wall_torch":7,"minecraft:dark_oak_sign":1,"minecraft:moss_block":8,"clutter:sulphur":12,"iceandfire:dragon_skull_fire":3,"minecraft:ink_sac":9,"minecraft:spruce_button":1,"minecraft:bread":26,"minecraft:chainmail_helmet":2,"iceandfire:troll_leather_forest":2,"rogues:iron_dagger":1,"minecraft:dark_oak_fence":1,"iceandfire:raw_silver":13,"minecraft:diamond_pickaxe":1,"minecraft:crafting_table":20,"iceandfire:witherbone":1,"travelersbackpack:sandstone":1,"clutter:panda_plushie":1,"minecraft:red_bed":5,"minecraft:iron_shovel":2,"dungeonnowloading:spawner_fragment":14,"minecraft:cracked_stone_bricks":4,"travelersbackpack:lapis":2,"minecraft:iron_nugget":10,"minecraft:chest":5,"minecraft:birch_sapling":26,"minecraft:egg":1,"minecraft:stone":18,"minecraft:spruce_fence":2,"minecraft:carrot":54,"minecraft:redstone":108,"iceandfire:dragon_skull_ice":2,"runes:healing_stone":9,"minecraft:cooked_cod":39,"minecraft:decorated_pot":1,"minecraft:hay_block":13,"majruszsdifficulty:soul_jar":1,"spell_engine:spell_binding":1,"dungeonnowloading:skull_of_chaos":1,"paladins:golden_mace":1,"minecraft:gold_ingot":27,"minecraft:totem_of_undying":1,"minecraft:mutton":4,"minecraft:glow_berries":2,"minecraft:white_wool":4,"minecraft:stripped_oak_log":1,"minecraft:tripwire_hook":4,"majruszsdifficulty:tattered_helmet":1,"doggytalents:rice_grains":1,"minecraft:ancient_debris":7,"minecraft:sculk_vein":5,"minecraft:stone_bricks":9,"minecraft:kelp":39,"majruszsdifficulty:tattered_leggings":5,"minecraft:stone_pickaxe":2,"minecraft:iron_sword":4,"travelersbackpack:blank_upgrade":1,"spellbladenext:arcane_claymore":3,"minecraft:sweet_berries":5,"minecraft:gravel":82,"minecraft:spruce_sapling":1,"graveyard:middle_bone_staff":5,"naturalist:cooked_bass":47,"minecraft:leather_helmet":1,"minecraft:diamond_shovel":1,"minecraft:slime_ball":1,"minecraft:diamond_axe":6,"minecraft:gray_wool":8,"iceandfire:ice_dragon_flesh":1,"minecraft:baked_potato":10,"minecraft:ender_pearl":2,"minecraft:wheat":40,"minecraft:stone_brick_stairs":1,"minecraft:raw_copper":31,"minecraft:smooth_stone_slab":6,"universal_graves:grave_compass":10,"minecraft:smooth_stone":21,"minecraft:calcite":3,"minecraft:wooden_shovel":1,"dungeonnowloading:mossy_cobblestone_pebble":40,"minecraft:iron_pickaxe":7,"minecraft:iron_boots":3,"minecraft:furnace":4,"iceandfire:pixie_dust":2,"minecraft:stick":16,"minecraft:oak_fence":1,"minecraft:torch":151,"iceandfire:dragonscales_white":17,"minecraft:diorite":2,"minecraft:goat_horn":3,"minecraft:rotten_flesh":135,"farmersdelight:tree_bark":12,"minecraft:music_disc_ward":1,"minecraft:deepslate_brick_stairs":2,"minecraft:cod":55,"minecraft:cobblestone":1287,"minecraft:nautilus_shell":3,"minecraft:enchanting_table":2,"minecraft:pink_petals":4,"archers:royal_longbow":1,"minecraft:andesite":12,"minecraft:potato":1385,"minecraft:tuff":26,"minecraft:dirt":304,"minecraft:lapis_lazuli":93,"minecraft:stripped_birch_log":15,"minecraft:leather_boots":3,"minecraft:bone":247,"minecraft:acacia_planks":1,"minecraft:bow":4,"minecraft:wheat_seeds":122,"minecraft:raw_gold":34,"minecraft:mossy_stone_bricks":19,"minecraft:poisonous_potato":6,"minecraft:sand":65,"minecraft:grass_block":2,"dungeonnowloading:wooden_wall_rack":1,"minecraft:mossy_cobblestone":13,"minecraft:diamond":107,"minecraft:bone_meal":4,"minecraft:emerald":34,"minecraft:oak_sapling":1,"minecraft:netherrack":400,"iceandfire:silver_nugget":6,"minecraft:fishing_rod":9,"majruszsdifficulty:tattered_boots":1,"minecraft:allium":14,"minecraft:azure_bluet":1,"minecraft:splash_potion":4,"minecraft:wooden_pickaxe":1,"dungeonnowloading:cobblestone_pebble":13,"minecraft:gold_block":3,"minecraft:shield":2,"minecraft:iron_axe":4,"minecraft:blackstone":7,"graveyard:corruption":6,"minecraft:oak_boat":1,"minecraft:player_head":2,"iceandfire:ice_dragon_heart":1,"minecraft:raw_iron":426,"iceandfire:dragonbone":51,"iceandfire:dragonscales_green":12,"iceandfire:dragonscales_gray":25,"iceandfire:troll_tusk":2,"minecraft:copper_ingot":1,"iceandfire:chared_grass":2,"minecraft:bowl":1,"minecraft:dark_oak_planks":10,"minecraft:arrow":130,"archers:golden_spear":2,"minecraft:saddle":2,"rogues:stone_double_axe":1,"minecraft:basalt":1,"dungeonnowloading:chaotic_hexahedron":1,"minecraft:salmon":43,"minecraft:leather":51,"minecraft:birch_planks":20,"minecraft:cobbled_deepslate_stairs":1,"minecraft:gunpowder":36,"minecraft:deepslate_tile_slab":2,"naturalist:bass":37,"assortedtools:copper_leggings":1,"minecraft:iron_ingot":82,"iceandfire:fire_dragon_flesh":3,"minecraft:book":60,"minecraft:scaffolding":6,"minecraft:quartz":300,"minecraft:dandelion":5,"minecraft:amethyst_shard":112,"minecraft:blast_furnace":6,"dungeonnowloading:great_experience_bottle":5,"minecraft:spider_eye":8,"simplyswords:diamond_greathammer":1,"paladins:paladin_armor_feet":1,"simplyskills:malevolent_manuscript":1,"minecraft:terracotta":6,"dungeonnowloading:soul_cloth":1,"minecraft:damaged_anvil":1,"minecraft:black_wool":1,"minecraft:coal":501},"minecraft:crafted":{"minecraft:smooth_stone":3,"travelersbackpack:crafting_upgrade":1,"minecraft:chain":13,"naturalist:cooked_bass":37,"minecraft:cooked_mutton":2,"minecraft:glass":41,"iceandfire:armor_copper_metal_chestplate":1,"rogues:berserker_armor_head":1,"minecraft:birch_door":3,"assortedtools:amethyst_boots":2,"rogues:berserker_armor_legs":1,"dungeonnowloading:scepter_of_sealed_chaos":1,"minecraft:emerald":44,"travelersbackpack:lapis":2,"rogues:stone_double_axe":1,"minecraft:copper_ingot":35,"rogues:berserker_armor_chest":1,"minecraft:stone_slab":6,"minecraft:iron_pickaxe":9,"iceandfire:armor_white_chestplate":1,"minecraft:gold_ingot":289,"minecraft:stone_shovel":1,"minecraft:iron_nugget":36,"minecraft:bone_meal":257,"travelersbackpack:blank_upgrade":4,"travelersbackpack:gold_tier_upgrade":1,"iceandfire:armor_copper_metal_helmet":1,"paladins:diamond_kite_shield":1,"minecraft:stone_pickaxe":2,"minecraft:wheat":99,"archers:royal_longbow":1,"dungeonnowloading:skull_of_chaos":1,"iceandfire:armor_white_leggings":1,"minecraft:flint":64,"minecraft:gunpowder":40,"minecraft:wooden_axe":1,"dungeonnowloading:spawner_blade":2,"minecraft:iron_shovel":3,"minecraft:iron_leggings":6,"rogues:berserker_armor_feet":1,"minecraft:oak_planks":4,"rogues:rogue_armor_head":3,"assortedtools:amethyst_chestplate":2,"minecraft:stone":49,"runes:arcane_stone":4,"iceandfire:armor_copper_metal_boots":1,"minecraft:bow":2,"minecraft:iron_boots":8,"iceandfire:armor_green_helmet":1,"minecraft:chest":14,"minecraft:smoker":4,"travelersbackpack:iron_tier_upgrade":1,"assortedtools:amethyst_helmet":3,"dungeonnowloading:spawner_frame":3,"minecraft:crafting_table":5,"minecraft:wooden_pickaxe":1,"minecraft:baked_potato":730,"minecraft:iron_helmet":8,"minecraft:gold_block":28,"minecraft:birch_planks":560,"simplyskills:malevolent_manuscript":1,"farmersdelight:cutting_board":2,"minecraft:iron_chestplate":3,"minecraft:paper":4,"minecraft:diamond_pickaxe":1,"minecraft:shield":4,"minecraft:stick":120,"minecraft:iron_ingot":259,"minecraft:stone_sword":1,"assortedtools:amethyst_leggings":2,"minecraft:coal":22,"simplyswords:diamond_greathammer":1,"minecraft:furnace":6,"assortedtools:copper_leggings":1,"minecraft:blast_furnace":1,"minecraft:flint_and_steel":2,"minecraft:iron_axe":1,"minecraft:iron_hoe":1,"minecraft:netherite_scrap":7,"iceandfire:silver_ingot":4,"travelersbackpack:backpack_tank":2,"minecraft:iron_sword":1,"minecraft:cooked_salmon":16,"minecraft:bucket":1,"minecraft:stone_axe":1,"minecraft:bread":51,"minecraft:air":0,"iceandfire:bestiary":1,"minecraft:white_wool":2,"minecraft:torch":196,"iceandfire:armor_green_boots":1},"minecraft:dropped":{"minecraft:iron_sword":3,"minecraft:lapis_lazuli":12,"minecraft:cooked_beef":1,"minecraft:diamond":1,"minecraft:crafting_table":2,"spellbladenext:arcane_claymore":2,"minecraft:cracked_stone_bricks":2,"graveyard:corruption":4,"minecraft:emerald":2,"minecraft:gold_block":1,"paladins:golden_mace":1,"minecraft:dirt":25,"archers:golden_spear":1,"iceandfire:armor_copper_metal_boots":1,"minecraft:iron_pickaxe":6,"majruszsdifficulty:tattered_leggings":1,"minecraft:fishing_rod":2,"minecraft:white_wool":3,"dungeonnowloading:dungeon_wall_torch":6,"minecraft:bone":18,"minecraft:goat_horn":1,"minecraft:iron_nugget":6,"minecraft:cobbled_deepslate":33,"dungeonnowloading:wooden_wall_rack":1,"minecraft:birch_sapling":12,"minecraft:wheat":2,"minecraft:rotten_flesh":36,"dungeonnowloading:mossy_cobblestone_pebble":31,"universal_graves:grave_compass":22,"minecraft:azure_bluet":1,"rogues:rogue_armor_head":1,"minecraft:tipped_arrow":5,"minecraft:leather_boots":2,"minecraft:stone_brick_stairs":1,"minecraft:iron_ingot":1,"minecraft:wheat_seeds":3,"minecraft:cobbled_deepslate_stairs":1,"minecraft:oak_fence":1,"minecraft:cobblestone":104,"minecraft:book":2,"majruszsdifficulty:soul_jar":1,"minecraft:chainmail_helmet":1,"minecraft:coal":1,"travelersbackpack:sandstone":1,"minecraft:gray_wool":4,"minecraft:ink_sac":9,"minecraft:rose_bush":2,"minecraft:cooked_salmon":2,"minecraft:stripped_birch_log":2,"minecraft:oak_stairs":1,"minecraft:smooth_stone":20,"minecraft:iron_shovel":2,"minecraft:paper":3,"minecraft:string":4,"iceandfire:dragon_skull_fire":2,"minecraft:spruce_sapling":1,"minecraft:furnace":1,"minecraft:player_head":1,"minecraft:stone_sword":2,"minecraft:dark_oak_sign":1,"minecraft:smooth_stone_slab":4,"minecraft:stone_shovel":1,"minecraft:iron_boots":3,"iceandfire:dragon_skull_ice":1,"iceandfire:armor_copper_metal_helmet":1,"naturalist:cooked_bass":8,"runes:healing_stone":9,"minecraft:wooden_shovel":1,"rogues:iron_dagger":1,"minecraft:spider_eye":5,"minecraft:magma_block":3,"minecraft:moss_block":5,"minecraft:birch_planks":2,"minecraft:diamond_axe":1,"minecraft:baked_potato":107,"minecraft:ender_pearl":1,"dungeonnowloading:cobblestone_pebble":13,"minecraft:flint":11,"minecraft:mutton":2,"minecraft:cooked_cod":1,"dungeonnowloading:soul_cloth":1,"minecraft:snowball":273,"minecraft:amethyst_shard":3,"minecraft:birch_log":5,"assortedtools:copper_leggings":1,"minecraft:gold_ingot":10,"minecraft:gravel":1,"simplyskills:malevolent_manuscript":1,"minecraft:carrot":1,"farmersdelight:cutting_board":3,"rogues:stone_double_axe":1,"minecraft:gunpowder":45,"assortedtools:amethyst_helmet":1,"minecraft:melon_seeds":3,"minecraft:birch_door":4,"minecraft:chainmail_boots":1,"doggytalents:rice_grains":1,"simplyswords:diamond_greathammer":1,"minecraft:iron_bars":2,"minecraft:arrow":75,"minecraft:scaffolding":6,"minecraft:splash_potion":2,"minecraft:netherrack":7,"minecraft:water_bucket":1,"minecraft:bread":14,"assortedtools:amethyst_chestplate":1,"assortedtools:amethyst_leggings":1,"minecraft:mossy_cobblestone":4,"minecraft:poisonous_potato":1,"iceandfire:armor_copper_metal_chestplate":1,"minecraft:lead":1,"minecraft:copper_ingot":8,"minecraft:stick":8,"minecraft:diorite":1,"minecraft:torch":10,"minecraft:dandelion":5,"minecraft:tuff":9,"assortedtools:pokeball":1,"minecraft:totem_of_undying":1,"minecraft:shield":1,"minecraft:mossy_stone_bricks":9,"minecraft:oak_boat":1,"minecraft:slime_ball":1,"minecraft:stone_pickaxe":2,"minecraft:wooden_pickaxe":2,"minecraft:calcite":3},"minecraft:used":{"minecraft:moss_block":1,"iceandfire:dragon_skull_ice":1,"minecraft:chest":18,"minecraft:stone":240,"minecraft:blue_stained_glass":4,"naturalist:cooked_bass":74,"majruszsdifficulty:golden_bandage":1,"minecraft:lava_bucket":2,"minecraft:grass_block":106,"minecraft:birch_sapling":13,"minecraft:bow":109,"minecraft:sweet_berries":5,"minecraft:furnace":4,"minecraft:cooked_cod":38,"minecraft:potato":349,"spellbladenext:arcane_claymore":178,"minecraft:mossy_stone_bricks":1,"minecraft:damaged_anvil":1,"simplyswords:runic_greathammer":2,"minecraft:wooden_pickaxe":31,"minecraft:blast_furnace":7,"dungeonnowloading:scepter_of_sealed_chaos":10,"minecraft:dark_oak_fence":1,"minecraft:birch_log":1,"travelersbackpack:sandstone":1,"minecraft:enchanting_table":1,"minecraft:stone_sword":96,"minecraft:cooked_salmon":31,"minecraft:torch":323,"majruszsdifficulty:angler_treasure_bag":4,"minecraft:iron_block":170,"minecraft:iron_axe":62,"minecraft:spruce_button":1,"minecraft:cobbled_deepslate":49,"minecraft:acacia_planks":1,"minecraft:wheat_seeds":70,"minecraft:water_bucket":145,"minecraft:birch_planks":211,"dungeonnowloading:dungeon_wall_torch":1,"minecraft:cracked_stone_bricks":2,"minecraft:mossy_cobblestone":1,"minecraft:red_bed":5,"minecraft:oak_slab":10,"minecraft:crafting_table":34,"dungeonnowloading:skull_of_chaos":4,"minecraft:oak_log":13,"minecraft:diamond_pickaxe":1133,"majruszsdifficulty:undead_army_treasure_bag":1,"minecraft:iron_pickaxe":2027,"rogues:rogue_armor_head":1,"minecraft:cobblestone":642,"archers:royal_longbow":23,"minecraft:iron_shovel":461,"travelersbackpack:lapis":24,"minecraft:shield":105,"minecraft:iron_sword":179,"rogues:stone_double_axe":3,"minecraft:carrot":26,"minecraft:tuff":12,"minecraft:quartz_slab":3,"minecraft:stone_bricks":9,"archers:golden_spear":2,"farmersdelight:cutting_board":3,"minecraft:gold_block":1,"minecraft:stone_pickaxe":263,"minecraft:oak_planks":63,"spell_engine:spell_binding":2,"minecraft:diamond_axe":467,"minecraft:melon_slice":6,"minecraft:bread":76,"minecraft:gravel":14,"graveyard:middle_bone_staff":4,"paladins:diamond_kite_shield":4,"minecraft:bone_meal":264,"minecraft:experience_bottle":1,"minecraft:flint_and_steel":6,"minecraft:stone_shovel":108,"minecraft:spruce_planks":3,"minecraft:dirt":451,"minecraft:birch_door":2,"minecraft:dark_oak_planks":2,"minecraft:iron_hoe":149,"minecraft:wooden_axe":12,"minecraft:oak_stairs":66,"simplyswords:diamond_greathammer":51,"minecraft:cooked_beef":2,"minecraft:cooked_mutton":2,"minecraft:amethyst_block":20,"minecraft:baked_potato":191,"minecraft:terracotta":6,"minecraft:smoker":5,"minecraft:stone_slab":6,"dungeonnowloading:great_experience_bottle":5,"minecraft:stone_axe":120,"minecraft:pink_petals":19,"minecraft:fishing_rod":312,"minecraft:bucket":77,"minecraft:smooth_stone":1,"minecraft:splash_potion":3}},"DataVersion":3465}