{"stats":{"minecraft:used":{"minecraft:moss_block":1,"iceandfire:dragon_skull_ice":3,"minecraft:chest":20,"minecraft:stone":250,"travelersbackpack:diamond":5,"minecraft:blue_stained_glass":4,"naturalist:cooked_bass":74,"majruszsdifficulty:golden_bandage":1,"minecraft:lava_bucket":2,"minecraft:grass_block":106,"minecraft:birch_sapling":13,"minecraft:bow":128,"iceandfire:chared_stone":1,"minecraft:sweet_berries":5,"minecraft:furnace":4,"minecraft:cooked_cod":38,"minecraft:potato":436,"spellbladenext:arcane_claymore":178,"minecraft:mossy_stone_bricks":1,"minecraft:damaged_anvil":1,"simplyswords:runic_greathammer":2,"minecraft:wooden_pickaxe":31,"minecraft:blast_furnace":7,"dungeonnowloading:scepter_of_sealed_chaos":10,"minecraft:smithing_table":1,"minecraft:dark_oak_fence":1,"minecraft:birch_log":1,"travelersbackpack:sandstone":1,"minecraft:enchanting_table":1,"minecraft:stone_sword":96,"minecraft:cooked_salmon":42,"minecraft:torch":345,"minecraft:anvil":1,"majruszsdifficulty:angler_treasure_bag":4,"minecraft:iron_axe":62,"minecraft:iron_block":170,"minecraft:spruce_button":1,"minecraft:cobbled_deepslate":49,"minecraft:acacia_planks":1,"minecraft:wheat_seeds":70,"minecraft:water_bucket":156,"minecraft:birch_planks":211,"iceandfire:dragon_skull_lightning":2,"dungeonnowloading:dungeon_wall_torch":1,"minecraft:cracked_stone_bricks":2,"minecraft:mossy_cobblestone":1,"minecraft:oak_slab":10,"minecraft:crafting_table":35,"minecraft:red_bed":5,"dungeonnowloading:skull_of_chaos":4,"minecraft:oak_log":13,"minecraft:diamond_pickaxe":1577,"majruszsdifficulty:undead_army_treasure_bag":2,"minecraft:diamond_shovel":101,"minecraft:iron_pickaxe":2048,"rogues:rogue_armor_head":1,"minecraft:cobblestone":797,"archers:royal_longbow":23,"minecraft:iron_shovel":461,"travelersbackpack:lapis":36,"minecraft:shield":105,"minecraft:iron_sword":179,"doggytalents:rice_grains":1,"rogues:stone_double_axe":3,"minecraft:carrot":188,"minecraft:tuff":12,"minecraft:quartz_slab":3,"minecraft:stone_bricks":9,"archers:golden_spear":2,"farmersdelight:cutting_board":3,"minecraft:gold_block":1,"minecraft:stone_pickaxe":263,"minecraft:oak_planks":63,"spell_engine:spell_binding":3,"minecraft:diamond_axe":471,"minecraft:melon_slice":6,"minecraft:bread":79,"minecraft:gravel":14,"graveyard:middle_bone_staff":4,"paladins:diamond_kite_shield":7,"iceandfire:dragon_skull_fire":4,"minecraft:bone_meal":456,"minecraft:experience_bottle":1,"minecraft:flint_and_steel":6,"minecraft:stone_shovel":108,"minecraft:spruce_planks":3,"minecraft:dirt":512,"minecraft:birch_door":2,"minecraft:iron_hoe":150,"minecraft:dark_oak_planks":2,"minecraft:wooden_axe":12,"minecraft:bookshelf":15,"minecraft:oak_stairs":66,"simplyswords:diamond_greathammer":225,"minecraft:golden_carrot":19,"minecraft:cooked_beef":2,"minecraft:cooked_mutton":2,"minecraft:amethyst_block":20,"minecraft:baked_potato":249,"minecraft:birch_boat":1,"minecraft:terracotta":6,"travelersbackpack:wolf":1,"minecraft:smoker":5,"minecraft:stone_slab":6,"dungeonnowloading:great_experience_bottle":5,"minecraft:stone_axe":120,"minecraft:pink_petals":19,"minecraft:fishing_rod":312,"minecraft:bucket":90,"minecraft:pumpkin_pie":1,"minecraft:smooth_stone":1,"minecraft:splash_potion":3},"minecraft:killed":{"minecraft:cod":34,"minecraft:skeleton":94,"minecraft:chicken":1,"majruszsdifficulty:creeperling":1,"creeperoverhaul:cave_creeper":1,"naturalist:snake":1,"minecraft:salmon":38,"majruszsdifficulty:tank":5,"minecraft:pillager":1,"minecraft:zombie":98,"minecraft:cow":2,"minecraft:evoker":1,"graveyard:nightmare":1,"majruszsdifficulty:illusioner":2,"illagerinvasion:marauder":1,"minecraft:husk":20,"graveyard:ghoul":2,"naturalist:bear":1,"whisperwoods:zotzpyre":5,"iceandfire:ghost":3,"iceandfire:ice_dragon":1,"minecraft:enderman":3,"minecraft:witch":1,"minecraft:zombified_piglin":51,"graveyard:skeleton_creeper":4,"minecraft:spider":21,"whisperwoods:wisp":3,"minecraft:piglin":9,"minecraft:zombie_villager":4,"minecraft:creeper":1,"minecraft:sheep":7,"minecraft:trader_llama":1,"minecraft:ghast":1,"minecraft:stray":10,"iceandfire:pixie":1,"dungeonnowloading:spawner_carrier":1,"minecraft:phantom":12,"iceandfire:fire_dragon":2,"naturalist:bass":81,"minecraft:drowned":21,"whisperwoods:hidebehind":1,"iceandfire:troll":1,"minecraft:squid":1,"minecraft:wither_skeleton":4,"naturalist:sparrow":1},"minecraft:killed_by":{"minecraft:zombie_villager":1,"minecraft:zombie":4,"minecraft:husk":4,"minecraft:stray":1,"minecraft:zombified_piglin":4,"iceandfire:cyclops":1,"minecraft:creeper":3,"graveyard:skeleton_creeper":2,"minecraft:piglin":1,"majruszsdifficulty:cerberus":1,"iceandfire:fire_dragon":4,"minecraft:player":6,"dungeonnowloading:chaos_spawner":4,"minecraft:skeleton":19,"iceandfire:lightning_dragon":1,"creeperoverhaul:snowy_creeper":1},"minecraft:custom":{"minecraft:interact_with_crafting_table":273,"minecraft:open_barrel":70,"goblintraders:trade_with_goblin":85,"minecraft:leave_game":26,"minecraft:time_since_death":44161,"minecraft:damage_blocked_by_shield":10062,"minecraft:play_time":2091106,"minecraft:deaths":71,"minecraft:jump":15750,"minecraft:enchant_item":4,"minecraft:interact_with_furnace":101,"minecraft:traded_with_villager":11,"minecraft:interact_with_cartography_table":1,"minecraft:sleep_in_bed":24,"minecraft:damage_dealt":80473,"minecraft:interact_with_smoker":170,"minecraft:interact_with_smithing_table":13,"minecraft:interact_with_anvil":31,"minecraft:damage_dealt_absorbed":240,"minecraft:sneak_time":32435,"minecraft:interact_with_blast_furnace":72,"minecraft:total_world_time":2091106,"minecraft:tune_noteblock":42,"minecraft:time_since_rest":44187,"minecraft:swim_one_cm":747098,"minecraft:fly_one_cm":1466547,"minecraft:open_chest":749,"minecraft:fish_caught":94,"minecraft:fall_one_cm":757714,"minecraft:damage_resisted":308,"minecraft:sprint_one_cm":2019190,"minecraft:drop":372,"minecraft:talked_to_villager":10,"minecraft:interact_with_brewingstand":1,"minecraft:walk_on_water_one_cm":341890,"minecraft:interact_with_beacon":18,"minecraft:crouch_one_cm":68067,"minecraft:mob_kills":570,"minecraft:damage_dealt_resisted":1037,"minecraft:climb_one_cm":21015,"minecraft:walk_one_cm":5493578,"minecraft:walk_under_water_one_cm":457812,"minecraft:boat_one_cm":110226,"minecraft:interact_with_grindstone":4,"minecraft:hex":0,"minecraft:damage_taken":53447,"minecraft:damage_absorbed":623,"minecraft:trigger_trapped_chest":7},"minecraft:dropped":{"minecraft:iron_sword":3,"minecraft:lapis_lazuli":12,"minecraft:cooked_beef":1,"minecraft:diamond":1,"minecraft:crafting_table":2,"spellbladenext:arcane_claymore":2,"minecraft:crossbow":1,"minecraft:cracked_stone_bricks":2,"graveyard:corruption":4,"minecraft:leather_helmet":1,"minecraft:emerald":2,"minecraft:gold_block":1,"paladins:golden_mace":1,"minecraft:dirt":32,"archers:golden_spear":1,"iceandfire:armor_copper_metal_boots":1,"minecraft:gold_nugget":16,"minecraft:phantom_membrane":4,"minecraft:iron_pickaxe":6,"majruszsdifficulty:tattered_leggings":2,"minecraft:fishing_rod":2,"minecraft:white_wool":3,"dungeonnowloading:dungeon_wall_torch":6,"minecraft:bone":181,"minecraft:goat_horn":1,"minecraft:iron_nugget":6,"minecraft:cobbled_deepslate":33,"minecraft:wheat":2,"dungeonnowloading:wooden_wall_rack":1,"minecraft:birch_sapling":12,"minecraft:rotten_flesh":64,"dungeonnowloading:mossy_cobblestone_pebble":31,"universal_graves:grave_compass":25,"minecraft:azure_bluet":1,"rogues:rogue_armor_head":1,"minecraft:tipped_arrow":6,"minecraft:leather_boots":2,"iceandfire:bestiary":1,"minecraft:stone_brick_stairs":1,"minecraft:egg":1,"minecraft:iron_ingot":1,"minecraft:wheat_seeds":3,"minecraft:cobbled_deepslate_stairs":1,"minecraft:oak_fence":1,"minecraft:cobblestone":104,"minecraft:book":2,"majruszsdifficulty:soul_jar":1,"minecraft:chainmail_helmet":1,"minecraft:coal":5,"travelersbackpack:sandstone":1,"minecraft:gray_wool":4,"minecraft:golden_carrot":1,"minecraft:ink_sac":9,"minecraft:rose_bush":2,"minecraft:cooked_salmon":2,"minecraft:stripped_birch_log":2,"minecraft:oak_stairs":1,"minecraft:smooth_stone":20,"minecraft:iron_shovel":2,"minecraft:paper":3,"minecraft:string":4,"minecraft:spruce_sapling":1,"iceandfire:dragon_skull_fire":3,"iceandfire:silver_nugget":6,"minecraft:furnace":1,"minecraft:player_head":1,"minecraft:stone_sword":2,"minecraft:dark_oak_sign":1,"minecraft:smooth_stone_slab":4,"minecraft:stone_shovel":1,"minecraft:iron_boots":3,"iceandfire:dragon_skull_ice":1,"naturalist:cooked_bass":8,"iceandfire:armor_copper_metal_helmet":1,"runes:healing_stone":9,"minecraft:wooden_shovel":1,"rogues:iron_dagger":1,"minecraft:spider_eye":6,"minecraft:magma_block":3,"minecraft:moss_block":5,"minecraft:birch_planks":8,"minecraft:diamond_axe":1,"minecraft:baked_potato":107,"minecraft:ender_pearl":1,"dungeonnowloading:cobblestone_pebble":13,"minecraft:flint":11,"minecraft:mutton":2,"dungeonnowloading:soul_cloth":1,"minecraft:cooked_cod":1,"minecraft:snowball":273,"minecraft:amethyst_shard":178,"iceandfire:ash":1,"minecraft:birch_log":5,"assortedtools:copper_leggings":1,"minecraft:gold_ingot":10,"minecraft:gravel":1,"simplyskills:malevolent_manuscript":1,"doggytalents:rice_wheat":15,"minecraft:carrot":1,"farmersdelight:cutting_board":3,"supplementaries:ash":2,"rogues:stone_double_axe":1,"minecraft:gunpowder":45,"assortedtools:amethyst_helmet":1,"minecraft:melon_seeds":3,"minecraft:birch_door":4,"minecraft:chainmail_boots":1,"simplyswords:diamond_greathammer":1,"doggytalents:rice_grains":1,"minecraft:iron_bars":2,"minecraft:arrow":75,"minecraft:scaffolding":6,"minecraft:splash_potion":2,"minecraft:netherrack":7,"minecraft:water_bucket":1,"minecraft:bread":14,"assortedtools:amethyst_chestplate":1,"assortedtools:amethyst_leggings":1,"minecraft:mossy_cobblestone":4,"minecraft:poisonous_potato":1,"iceandfire:armor_copper_metal_chestplate":1,"minecraft:lead":1,"minecraft:copper_ingot":8,"minecraft:stick":8,"minecraft:diorite":1,"minecraft:torch":10,"minecraft:dandelion":5,"minecraft:tuff":9,"assortedtools:pokeball":1,"minecraft:totem_of_undying":1,"minecraft:shield":1,"minecraft:mossy_stone_bricks":9,"minecraft:oak_boat":1,"minecraft:slime_ball":1,"minecraft:stone_pickaxe":2,"minecraft:wooden_pickaxe":2,"minecraft:calcite":3},"minecraft:broken":{"assortedtools:amethyst_helmet":4,"assortedtools:amethyst_leggings":2,"minecraft:iron_boots":5,"majruszsdifficulty:tattered_leggings":1,"minecraft:iron_chestplate":5,"minecraft:iron_leggings":6,"iceandfire:armor_white_leggings":1,"rogues:berserker_armor_head":1,"iceandfire:armor_green_helmet":1,"rogues:berserker_armor_legs":1,"minecraft:shield":1,"rogues:berserker_armor_feet":1,"minecraft:iron_pickaxe":6,"minecraft:iron_helmet":6,"rogues:berserker_armor_chest":1,"minecraft:iron_shovel":2,"minecraft:stone_pickaxe":2,"paladins:paladin_armor_feet":1,"minecraft:stone_axe":1,"assortedtools:amethyst_boots":4,"assortedtools:amethyst_chestplate":1,"iceandfire:armor_green_boots":1,"iceandfire:armor_gray_helmet":1},"minecraft:crafted":{"minecraft:smooth_stone":3,"travelersbackpack:crafting_upgrade":1,"minecraft:chain":13,"travelersbackpack:diamond":1,"minecraft:bookshelf":15,"naturalist:cooked_bass":37,"minecraft:cooked_mutton":2,"minecraft:glass":105,"minecraft:quartz_block":75,"iceandfire:armor_copper_metal_chestplate":1,"rogues:berserker_armor_head":1,"assortedtools:amethyst_boots":5,"minecraft:birch_door":3,"rogues:berserker_armor_legs":1,"dungeonnowloading:scepter_of_sealed_chaos":1,"minecraft:emerald":44,"travelersbackpack:lapis":3,"rogues:stone_double_axe":1,"travelersbackpack:standard":1,"minecraft:smithing_table":1,"minecraft:copper_ingot":35,"rogues:berserker_armor_chest":1,"iceandfire:armor_gray_chestplate":1,"minecraft:stone_slab":6,"minecraft:iron_pickaxe":9,"iceandfire:armor_white_chestplate":1,"minecraft:iron_block":3,"minecraft:gold_ingot":752,"minecraft:golden_carrot":474,"minecraft:stone_shovel":1,"minecraft:iron_nugget":36,"minecraft:bone_meal":449,"travelersbackpack:blank_upgrade":8,"travelersbackpack:gold_tier_upgrade":2,"iceandfire:armor_copper_metal_helmet":1,"minecraft:polished_diorite":8,"paladins:diamond_kite_shield":1,"minecraft:stone_pickaxe":2,"minecraft:wheat":126,"archers:royal_longbow":1,"dungeonnowloading:skull_of_chaos":1,"iceandfire:armor_white_leggings":1,"minecraft:flint":64,"minecraft:gunpowder":40,"minecraft:wooden_axe":1,"dungeonnowloading:spawner_blade":2,"minecraft:iron_shovel":3,"minecraft:iron_leggings":6,"spell_engine:spell_binding":1,"rogues:berserker_armor_feet":1,"minecraft:oak_planks":8,"assortedtools:pokeball":2,"rogues:rogue_armor_head":3,"assortedtools:amethyst_chestplate":3,"minecraft:stone":61,"runes:arcane_stone":4,"iceandfire:armor_copper_metal_boots":1,"minecraft:bow":3,"minecraft:iron_boots":8,"iceandfire:armor_gray_helmet":1,"iceandfire:armor_green_helmet":1,"minecraft:chest":16,"minecraft:smoker":4,"travelersbackpack:iron_tier_upgrade":2,"assortedtools:amethyst_helmet":6,"dungeonnowloading:spawner_frame":3,"minecraft:crafting_table":6,"minecraft:baked_potato":1417,"minecraft:wooden_pickaxe":1,"minecraft:iron_helmet":8,"minecraft:gold_block":32,"minecraft:birch_planks":674,"simplyskills:malevolent_manuscript":1,"minecraft:diorite":8,"farmersdelight:cutting_board":2,"travelersbackpack:wolf":3,"minecraft:iron_chestplate":3,"minecraft:paper":4,"minecraft:diamond_pickaxe":1,"minecraft:shield":4,"minecraft:stick":128,"minecraft:iron_ingot":327,"minecraft:stone_sword":1,"assortedtools:amethyst_leggings":4,"minecraft:shears":1,"minecraft:coal":22,"iceandfire:armor_gray_leggings":1,"simplyswords:diamond_greathammer":1,"minecraft:stone_button":2,"minecraft:furnace":6,"assortedtools:copper_leggings":1,"minecraft:blast_furnace":1,"minecraft:flint_and_steel":2,"minecraft:iron_axe":1,"minecraft:iron_hoe":1,"minecraft:netherite_scrap":7,"travelersbackpack:diamond_tier_upgrade":2,"minecraft:cooked_cod":51,"iceandfire:silver_ingot":4,"travelersbackpack:backpack_tank":4,"minecraft:iron_sword":1,"minecraft:cooked_salmon":43,"minecraft:bucket":1,"minecraft:stone_axe":1,"minecraft:bread":60,"minecraft:air":0,"iceandfire:bestiary":1,"minecraft:white_wool":2,"minecraft:gold_nugget":3808,"minecraft:anvil":1,"minecraft:torch":236,"iceandfire:armor_green_boots":1},"minecraft:picked_up":{"minecraft:birch_door":12,"minecraft:chainmail_boots":1,"artifacts:bunny_hoppers":2,"minecraft:lead":2,"minecraft:diamond_sword":1,"minecraft:oak_stairs":1,"minecraft:enchanted_book":4,"minecraft:brewing_stand":1,"minecraft:amethyst_block":20,"farmersdelight:cutting_board":4,"minecraft:string":29,"minecraft:cooked_salmon":21,"minecraft:pufferfish":6,"minecraft:gold_nugget":4041,"minecraft:cobbled_deepslate":281,"assortedtools:pokeball":1,"minecraft:spruce_planks":5,"minecraft:melon_slice":22,"minecraft:golden_helmet":1,"minecraft:jukebox":1,"minecraft:stone_sword":1,"minecraft:tropical_fish":3,"farmersdelight:onion":7,"iceandfire:fire_dragon_heart":1,"supplementaries:ash":7,"minecraft:iron_bars":2,"minecraft:snowball":305,"minecraft:birch_log":270,"minecraft:magma_block":3,"minecraft:feather":4,"minecraft:cooked_beef":3,"minecraft:water_bucket":2,"rogues:rogue_armor_head":1,"minecraft:smoker":3,"minecraft:flint":21,"paladins:diamond_kite_shield":1,"dungeonnowloading:dungeon_wall_torch":7,"minecraft:dark_oak_sign":1,"minecraft:moss_block":8,"clutter:sulphur":12,"iceandfire:dragon_skull_fire":7,"dungeonnowloading:scepter_of_sealed_chaos":1,"minecraft:ink_sac":10,"iceandfire:chared_cobblestone":3,"minecraft:spruce_button":1,"minecraft:chainmail_helmet":2,"minecraft:bread":26,"iceandfire:troll_leather_forest":2,"rogues:iron_dagger":1,"minecraft:dark_oak_fence":1,"iceandfire:raw_silver":13,"minecraft:diamond_pickaxe":2,"iceandfire:dragon_skull_lightning":2,"minecraft:crafting_table":21,"iceandfire:witherbone":2,"travelersbackpack:sandstone":1,"iceandfire:armor_gray_helmet":1,"clutter:panda_plushie":2,"minecraft:red_bed":5,"minecraft:iron_shovel":3,"dungeonnowloading:spawner_fragment":14,"iceandfire:bestiary":2,"minecraft:cracked_stone_bricks":4,"travelersbackpack:lapis":3,"minecraft:iron_nugget":10,"minecraft:chest":6,"minecraft:birch_sapling":26,"minecraft:egg":1,"minecraft:stone":19,"minecraft:spruce_fence":2,"minecraft:carrot":684,"minecraft:redstone":108,"iceandfire:dragon_skull_ice":5,"runes:healing_stone":9,"minecraft:diamond_chestplate":1,"minecraft:cooked_cod":39,"minecraft:decorated_pot":1,"minecraft:hay_block":16,"majruszsdifficulty:soul_jar":2,"spell_engine:spell_binding":1,"dungeonnowloading:skull_of_chaos":1,"paladins:golden_mace":1,"minecraft:gold_ingot":82,"minecraft:totem_of_undying":1,"minecraft:glow_berries":2,"minecraft:mutton":4,"minecraft:white_wool":8,"minecraft:stripped_oak_log":1,"minecraft:tripwire_hook":4,"majruszsdifficulty:tattered_helmet":1,"majruszsdifficulty:cloth":18,"doggytalents:rice_grains":3,"minecraft:oak_log":1,"minecraft:ancient_debris":7,"minecraft:sculk_vein":5,"minecraft:stone_bricks":9,"minecraft:kelp":39,"majruszsdifficulty:tattered_leggings":5,"minecraft:stone_pickaxe":2,"minecraft:glass_bottle":1,"minecraft:iron_sword":4,"travelersbackpack:blank_upgrade":1,"spellbladenext:arcane_claymore":4,"iceandfire:chared_stone":2,"minecraft:sweet_berries":5,"minecraft:gravel":82,"minecraft:spruce_sapling":1,"graveyard:middle_bone_staff":5,"naturalist:cooked_bass":47,"minecraft:leather_helmet":1,"travelersbackpack:wolf":1,"minecraft:diamond_shovel":2,"minecraft:slime_ball":1,"minecraft:diamond_axe":8,"minecraft:gray_wool":8,"iceandfire:ice_dragon_flesh":1,"minecraft:baked_potato":28,"minecraft:ender_pearl":3,"minecraft:wheat":40,"minecraft:stone_brick_stairs":1,"minecraft:raw_copper":31,"minecraft:smooth_stone_slab":6,"universal_graves:grave_compass":12,"minecraft:smooth_stone":21,"minecraft:calcite":3,"minecraft:wooden_shovel":1,"dungeonnowloading:mossy_cobblestone_pebble":40,"minecraft:iron_pickaxe":9,"minecraft:iron_boots":3,"minecraft:furnace":4,"minecraft:tipped_arrow":5,"iceandfire:pixie_dust":2,"minecraft:stick":16,"minecraft:oak_fence":1,"iceandfire:dragonscales_white":17,"minecraft:torch":172,"minecraft:diorite":2,"minecraft:goat_horn":3,"minecraft:rotten_flesh":213,"farmersdelight:tree_bark":12,"minecraft:music_disc_ward":1,"minecraft:deepslate_brick_stairs":2,"minecraft:cod":55,"minecraft:cobblestone":1380,"minecraft:nautilus_shell":3,"minecraft:enchanting_table":2,"minecraft:pink_petals":4,"archers:royal_longbow":2,"minecraft:andesite":14,"iceandfire:armor_green_boots":1,"minecraft:potato":1846,"minecraft:tuff":26,"minecraft:lapis_lazuli":93,"minecraft:dirt":339,"minecraft:stripped_birch_log":15,"minecraft:leather_boots":3,"minecraft:bone":333,"minecraft:acacia_planks":1,"minecraft:bow":6,"minecraft:wheat_seeds":127,"minecraft:raw_gold":43,"iceandfire:armor_white_leggings":1,"minecraft:mossy_stone_bricks":19,"minecraft:ghast_tear":1,"minecraft:poisonous_potato":6,"minecraft:sand":134,"minecraft:grass_block":3,"dungeonnowloading:wooden_wall_rack":1,"minecraft:mossy_cobblestone":13,"minecraft:diamond":113,"minecraft:crossbow":3,"minecraft:bone_meal":4,"minecraft:emerald":107,"minecraft:oak_sapling":1,"minecraft:netherrack":401,"iceandfire:silver_nugget":6,"minecraft:fishing_rod":9,"majruszsdifficulty:tattered_boots":2,"minecraft:allium":14,"minecraft:azure_bluet":1,"minecraft:splash_potion":4,"minecraft:chicken":1,"minecraft:wooden_pickaxe":1,"dungeonnowloading:cobblestone_pebble":13,"minecraft:gold_block":3,"doggytalents:rice_wheat":15,"extraspellattributes:goldquartzamulet":1,"minecraft:shield":3,"minecraft:iron_axe":4,"minecraft:blackstone":7,"graveyard:corruption":6,"minecraft:oak_boat":1,"minecraft:player_head":2,"minecraft:phantom_membrane":12,"iceandfire:ice_dragon_heart":1,"iceandfire:dragonscales_gray":25,"iceandfire:dragonbone":65,"minecraft:raw_iron":430,"iceandfire:dragonscales_green":12,"iceandfire:troll_tusk":2,"minecraft:copper_ingot":1,"iceandfire:chared_grass":2,"minecraft:bowl":1,"minecraft:dark_oak_planks":10,"minecraft:arrow":158,"archers:golden_spear":2,"minecraft:saddle":2,"rogues:stone_double_axe":1,"minecraft:basalt":1,"dungeonnowloading:chaotic_hexahedron":1,"minecraft:salmon":44,"minecraft:leather":51,"minecraft:birch_planks":26,"iceandfire:ectoplasm":1,"minecraft:cobbled_deepslate_stairs":1,"minecraft:gunpowder":39,"minecraft:deepslate_tile_slab":2,"naturalist:bass":37,"assortedtools:copper_leggings":1,"minecraft:iron_ingot":83,"iceandfire:fire_dragon_flesh":3,"minecraft:book":74,"minecraft:scaffolding":6,"minecraft:birch_boat":1,"iceandfire:ash":1,"minecraft:quartz":352,"minecraft:dandelion":5,"minecraft:amethyst_shard":287,"minecraft:blast_furnace":6,"majruszsdifficulty:bandage":7,"dungeonnowloading:great_experience_bottle":5,"minecraft:spider_eye":11,"simplyswords:diamond_greathammer":2,"paladins:paladin_armor_feet":1,"simplyskills:malevolent_manuscript":1,"minecraft:terracotta":6,"minecraft:damaged_anvil":1,"minecraft:black_wool":1,"dungeonnowloading:soul_cloth":1,"minecraft:coal":503},"minecraft:mined":{"dungeonnowloading:iron_ingot_pile":1,"dungeonnowloading:spikes":44,"minecraft:stone_brick_wall":1,"minecraft:spawner":1,"minecraft:magma_block":3,"minecraft:fire":44,"minecraft:cobbled_deepslate":3,"minecraft:deepslate_lapis_ore":7,"minecraft:enchanting_table":2,"dungeonnowloading:wooden_wall_rack":1,"iceandfire:gold_pile":396,"minecraft:dirt_path":3,"minecraft:oak_stairs":1,"minecraft:small_amethyst_bud":1,"minecraft:deepslate_brick_stairs":3,"dungeonnowloading:cobblestone_pebbles":2,"minecraft:red_bed":5,"minecraft:kelp_plant":2,"minecraft:smoker":3,"minecraft:amethyst_cluster":15,"minecraft:deepslate_tile_slab":2,"minecraft:powder_snow":99,"minecraft:torch":10,"minecraft:blast_furnace":6,"minecraft:melon":4,"minecraft:damaged_anvil":1,"minecraft:bricks":2,"minecraft:amethyst_block":20,"minecraft:wheat":44,"minecraft:jukebox":1,"minecraft:birch_door":2,"minecraft:stone_brick_stairs":1,"minecraft:grass":5,"minecraft:deepslate":227,"graveyard:torso_pile":4,"iceandfire:silver_ore":13,"minecraft:mossy_cobblestone":10,"farmersdelight:wild_carrots":18,"minecraft:stripped_birch_log":1,"minecraft:dark_oak_fence":2,"minecraft:spruce_fence":4,"minecraft:moss_block":1,"minecraft:kelp":21,"farmersdelight:wild_onions":7,"minecraft:redstone_ore":2,"minecraft:snow":22,"minecraft:andesite":13,"minecraft:potatoes":384,"minecraft:vine":11,"travelersbackpack:yellow_sleeping_bag":1,"dungeonnowloading:mossy_cobblestone_pebbles":1,"graveyard:laterally_lying_skeleton":3,"minecraft:spruce_button":1,"minecraft:emerald_ore":45,"clutter:basalt_sulphur_ore":2,"minecraft:tall_grass":2,"minecraft:copper_ore":10,"minecraft:deepslate_gold_ore":13,"minecraft:cracked_deepslate_bricks":2,"minecraft:diorite":2,"minecraft:dark_oak_wall_sign":1,"minecraft:birch_leaves":12,"iceandfire:silver_pile":1,"minecraft:gravel":98,"minecraft:acacia_planks":1,"minecraft:spruce_fence_gate":1,"minecraft:stone_bricks":6,"minecraft:gold_ore":10,"graveyard:bone_remains":1,"minecraft:large_amethyst_bud":10,"minecraft:spruce_planks":5,"minecraft:farmland":1,"minecraft:cobbled_deepslate_stairs":1,"minecraft:sculk_vein":28,"minecraft:brewing_stand":1,"minecraft:budding_amethyst":2,"minecraft:grass_block":46,"graveyard:skull_on_pike":4,"minecraft:smooth_stone":9,"minecraft:sculk_catalyst":5,"supplementaries:ash":3,"minecraft:iron_ore":272,"minecraft:iron_bars":2,"iceandfire:chared_cobblestone":3,"minecraft:deepslate_redstone_ore":19,"minecraft:blackstone":7,"graveyard:middle_bone_staff":5,"minecraft:medium_amethyst_bud":5,"iceandfire:dragon_ice_spikes":4,"dungeonnowloading:dungeon_wall_torch":1,"minecraft:calcite":1,"minecraft:chest":6,"minecraft:nether_quartz_ore":155,"minecraft:cobblestone":100,"graveyard:lying_skeleton":2,"minecraft:wall_torch":14,"minecraft:seagrass":1,"dungeonnowloading:gold_ingot_pile":3,"minecraft:dark_oak_slab":1,"minecraft:birch_log":217,"farmersdelight:cutting_board":2,"graveyard:skull_pile":1,"minecraft:smooth_stone_slab":3,"minecraft:sand":136,"minecraft:dirt":221,"minecraft:tripwire_hook":2,"minecraft:ancient_debris":7,"minecraft:netherrack":378,"minecraft:oak_leaves":5,"iceandfire:chared_stone":2,"minecraft:nether_gold_ore":29,"minecraft:diamond_ore":3,"minecraft:tuff":17,"travelersbackpack:lapis":1,"minecraft:deepslate_diamond_ore":37,"minecraft:mangrove_trapdoor":1,"minecraft:spruce_leaves":17,"iceandfire:chared_grass":2,"minecraft:hay_block":21,"minecraft:furnace":3,"minecraft:carrots":143,"minecraft:gold_block":1,"minecraft:bookshelf":21,"minecraft:deepslate_iron_ore":11,"minecraft:stripped_oak_log":1,"minecraft:stone":1083,"doggytalents:rice_crop":10,"minecraft:podzol":1,"minecraft:snow_block":99,"minecraft:basalt":1,"minecraft:oak_fence":1,"minecraft:crafting_table":18,"minecraft:sculk_sensor":1,"minecraft:sculk":4,"minecraft:birch_planks":17,"graveyard:skull_with_rib_cage":3,"spell_engine:spell_binding":1,"minecraft:sweet_berry_bush":1,"minecraft:coal_ore":300,"graveyard:leaning_skeleton":2,"minecraft:terracotta":8,"minecraft:mossy_stone_bricks":7,"minecraft:dark_oak_planks":10}},"DataVersion":3465}