{"stats":{"minecraft:custom":{"minecraft:interact_with_crafting_table":152,"minecraft:open_barrel":61,"minecraft:leave_game":11,"minecraft:time_since_death":11912,"minecraft:sprint_one_cm":821333,"minecraft:damage_blocked_by_shield":7254,"minecraft:drop":230,"minecraft:play_time":967656,"minecraft:deaths":39,"minecraft:jump":7775,"minecraft:interact_with_brewingstand":1,"minecraft:walk_on_water_one_cm":181044,"minecraft:enchant_item":2,"minecraft:interact_with_furnace":82,"minecraft:sleep_in_bed":17,"minecraft:damage_dealt":34380,"minecraft:interact_with_beacon":18,"minecraft:crouch_one_cm":42716,"minecraft:interact_with_smoker":120,"minecraft:interact_with_smithing_table":6,"minecraft:interact_with_anvil":5,"minecraft:mob_kills":291,"minecraft:damage_dealt_resisted":506,"minecraft:climb_one_cm":15893,"minecraft:walk_one_cm":2987079,"minecraft:sneak_time":17746,"minecraft:walk_under_water_one_cm":319748,"minecraft:interact_with_blast_furnace":46,"minecraft:total_world_time":967656,"minecraft:hex":0,"minecraft:time_since_rest":11947,"minecraft:damage_taken":24975,"minecraft:swim_one_cm":587944,"minecraft:fly_one_cm":636289,"minecraft:open_chest":255,"minecraft:fish_caught":31,"minecraft:fall_one_cm":274546},"minecraft:broken":{"minecraft:iron_shovel":1,"minecraft:iron_boots":3,"majruszsdifficulty:tattered_leggings":1,"minecraft:iron_chestplate":4,"minecraft:iron_leggings":5,"minecraft:stone_pickaxe":2,"paladins:paladin_armor_feet":1,"minecraft:stone_axe":1,"minecraft:iron_pickaxe":4,"minecraft:iron_helmet":5},"minecraft:mined":{"minecraft:dark_oak_planks":10,"dungeonnowloading:spikes":44,"minecraft:spruce_planks":5,"minecraft:farmland":1,"minecraft:cobbled_deepslate_stairs":1,"minecraft:sculk_vein":7,"minecraft:brewing_stand":1,"minecraft:grass_block":27,"minecraft:stone_brick_wall":1,"minecraft:spawner":1,"minecraft:smooth_stone":9,"minecraft:sculk_catalyst":5,"minecraft:fire":33,"minecraft:iron_ore":263,"minecraft:cobbled_deepslate":1,"dungeonnowloading:wooden_wall_rack":1,"iceandfire:gold_pile":19,"minecraft:oak_stairs":1,"minecraft:iron_bars":2,"minecraft:deepslate_brick_stairs":3,"minecraft:deepslate_redstone_ore":3,"dungeonnowloading:cobblestone_pebbles":2,"minecraft:red_bed":5,"minecraft:smoker":3,"minecraft:deepslate_tile_slab":2,"minecraft:powder_snow":40,"minecraft:torch":2,"minecraft:blast_furnace":6,"minecraft:calcite":1,"minecraft:melon":4,"minecraft:chest":5,"minecraft:nether_quartz_ore":122,"minecraft:cobblestone":28,"minecraft:damaged_anvil":1,"minecraft:bricks":2,"minecraft:wall_torch":10,"dungeonnowloading:gold_ingot_pile":3,"minecraft:dark_oak_slab":1,"minecraft:birch_log":217,"farmersdelight:cutting_board":2,"minecraft:wheat":43,"minecraft:jukebox":1,"minecraft:birch_door":2,"minecraft:smooth_stone_slab":2,"minecraft:stone_brick_stairs":1,"minecraft:grass":4,"minecraft:sand":67,"minecraft:dirt":110,"minecraft:netherrack":16,"minecraft:oak_leaves":5,"minecraft:deepslate":2,"minecraft:nether_gold_ore":26,"minecraft:diamond_ore":1,"iceandfire:silver_ore":13,"travelersbackpack:lapis":1,"minecraft:mossy_cobblestone":2,"farmersdelight:wild_carrots":18,"minecraft:stripped_birch_log":1,"minecraft:dark_oak_fence":1,"minecraft:spruce_fence":4,"minecraft:spruce_leaves":15,"minecraft:moss_block":1,"iceandfire:chared_grass":2,"minecraft:hay_block":18,"farmersdelight:wild_onions":7,"minecraft:redstone_ore":2,"minecraft:furnace":3,"minecraft:carrots":31,"minecraft:snow":13,"minecraft:andesite":1,"minecraft:bookshelf":20,"minecraft:potatoes":185,"minecraft:vine":4,"minecraft:stripped_oak_log":1,"minecraft:stone":1023,"minecraft:snow_block":40,"minecraft:crafting_table":12,"minecraft:emerald_ore":11,"minecraft:sculk_sensor":1,"clutter:basalt_sulphur_ore":2,"minecraft:copper_ore":10,"minecraft:tall_grass":1,"minecraft:sculk":4,"minecraft:cracked_deepslate_bricks":2,"minecraft:diorite":2,"minecraft:birch_planks":17,"minecraft:birch_leaves":12,"minecraft:coal_ore":297,"minecraft:gravel":65,"minecraft:terracotta":8,"minecraft:acacia_planks":1,"minecraft:spruce_fence_gate":1,"minecraft:stone_bricks":6,"minecraft:mossy_stone_bricks":7,"minecraft:gold_ore":7},"minecraft:killed":{"minecraft:zombified_piglin":4,"minecraft:spider":11,"minecraft:cod":34,"minecraft:skeleton":42,"whisperwoods:wisp":1,"minecraft:piglin":4,"minecraft:salmon":36,"majruszsdifficulty:tank":1,"minecraft:creeper":1,"minecraft:sheep":3,"minecraft:trader_llama":1,"minecraft:pillager":1,"minecraft:zombie":45,"minecraft:stray":3,"minecraft:cow":2,"minecraft:evoker":1,"illagerinvasion:marauder":1,"naturalist:bass":73,"minecraft:drowned":15,"minecraft:husk":2,"naturalist:bear":1,"whisperwoods:zotzpyre":2,"minecraft:enderman":1},"minecraft:picked_up":{"minecraft:birch_door":12,"minecraft:wheat":39,"artifacts:bunny_hoppers":1,"minecraft:lead":2,"minecraft:oak_stairs":1,"minecraft:enchanted_book":2,"minecraft:stone_brick_stairs":1,"minecraft:brewing_stand":1,"farmersdelight:cutting_board":4,"minecraft:string":8,"minecraft:raw_copper":31,"minecraft:cooked_salmon":19,"minecraft:smooth_stone_slab":4,"universal_graves:grave_compass":8,"minecraft:pufferfish":5,"minecraft:smooth_stone":21,"minecraft:gold_nugget":327,"minecraft:cobbled_deepslate":35,"minecraft:spruce_planks":5,"minecraft:calcite":1,"minecraft:wooden_shovel":1,"dungeonnowloading:mossy_cobblestone_pebble":37,"minecraft:iron_pickaxe":5,"minecraft:melon_slice":22,"minecraft:iron_boots":3,"minecraft:furnace":4,"minecraft:golden_helmet":1,"minecraft:stick":16,"minecraft:jukebox":1,"minecraft:torch":135,"minecraft:diorite":2,"minecraft:stone_sword":1,"minecraft:rotten_flesh":76,"farmersdelight:tree_bark":12,"minecraft:music_disc_ward":1,"farmersdelight:onion":7,"minecraft:deepslate_brick_stairs":2,"minecraft:iron_bars":2,"minecraft:cod":18,"minecraft:snowball":82,"minecraft:cobblestone":1102,"minecraft:nautilus_shell":2,"minecraft:birch_log":216,"minecraft:pink_petals":4,"minecraft:cooked_beef":3,"minecraft:water_bucket":1,"rogues:rogue_armor_head":1,"minecraft:smoker":3,"minecraft:potato":1002,"minecraft:flint":17,"minecraft:tuff":10,"minecraft:lapis_lazuli":15,"minecraft:dirt":169,"minecraft:stripped_birch_log":15,"minecraft:leather_boots":3,"minecraft:bone":107,"minecraft:acacia_planks":1,"minecraft:bow":2,"minecraft:wheat_seeds":117,"minecraft:raw_gold":10,"dungeonnowloading:dungeon_wall_torch":6,"minecraft:mossy_stone_bricks":19,"minecraft:moss_block":7,"clutter:sulphur":12,"minecraft:poisonous_potato":6,"minecraft:sand":65,"minecraft:ink_sac":9,"minecraft:grass_block":1,"dungeonnowloading:wooden_wall_rack":1,"minecraft:mossy_cobblestone":3,"minecraft:diamond":4,"minecraft:bone_meal":4,"minecraft:chainmail_helmet":2,"minecraft:bread":26,"minecraft:emerald":28,"rogues:iron_dagger":1,"minecraft:oak_sapling":1,"minecraft:netherrack":49,"iceandfire:raw_silver":13,"minecraft:fishing_rod":6,"minecraft:crafting_table":15,"minecraft:allium":14,"minecraft:azure_bluet":1,"minecraft:splash_potion":4,"minecraft:wooden_pickaxe":1,"dungeonnowloading:cobblestone_pebble":10,"minecraft:gold_block":1,"travelersbackpack:sandstone":1,"minecraft:shield":1,"clutter:panda_plushie":1,"minecraft:red_bed":5,"minecraft:iron_axe":4,"travelersbackpack:lapis":2,"minecraft:player_head":2,"minecraft:iron_nugget":10,"minecraft:chest":5,"minecraft:birch_sapling":26,"minecraft:raw_iron":369,"minecraft:stone":18,"minecraft:copper_ingot":1,"iceandfire:chared_grass":2,"minecraft:spruce_fence":2,"minecraft:carrot":52,"minecraft:redstone":20,"minecraft:dark_oak_planks":10,"runes:healing_stone":9,"minecraft:arrow":95,"minecraft:cooked_cod":39,"archers:golden_spear":2,"minecraft:hay_block":13,"paladins:golden_mace":1,"minecraft:saddle":1,"minecraft:gold_ingot":27,"minecraft:totem_of_undying":1,"minecraft:glow_berries":2,"minecraft:mutton":2,"minecraft:white_wool":3,"rogues:stone_double_axe":1,"minecraft:stripped_oak_log":1,"minecraft:tripwire_hook":1,"minecraft:salmon":24,"minecraft:leather":10,"majruszsdifficulty:tattered_helmet":1,"doggytalents:rice_grains":1,"minecraft:birch_planks":19,"minecraft:cobbled_deepslate_stairs":1,"minecraft:gunpowder":36,"minecraft:deepslate_tile_slab":2,"naturalist:bass":37,"assortedtools:copper_leggings":1,"minecraft:stone_bricks":9,"majruszsdifficulty:tattered_leggings":1,"minecraft:iron_ingot":81,"minecraft:stone_pickaxe":2,"minecraft:iron_sword":3,"travelersbackpack:blank_upgrade":1,"minecraft:book":60,"minecraft:scaffolding":6,"spellbladenext:arcane_claymore":2,"minecraft:quartz":283,"minecraft:dandelion":5,"minecraft:gravel":55,"minecraft:spruce_sapling":1,"minecraft:blast_furnace":6,"naturalist:cooked_bass":41,"minecraft:spider_eye":6,"paladins:paladin_armor_feet":1,"minecraft:slime_ball":1,"minecraft:diamond_axe":4,"minecraft:gray_wool":8,"minecraft:terracotta":6,"minecraft:baked_potato":2,"minecraft:damaged_anvil":1,"minecraft:black_wool":1,"dungeonnowloading:soul_cloth":1,"minecraft:coal":500,"minecraft:ender_pearl":2},"minecraft:killed_by":{"minecraft:zombie_villager":1,"minecraft:zombified_piglin":2,"minecraft:creeper":3,"graveyard:skeleton_creeper":1,"minecraft:piglin":1,"minecraft:zombie":3,"iceandfire:fire_dragon":1,"minecraft:husk":1,"minecraft:player":1,"minecraft:stray":1,"minecraft:skeleton":15,"iceandfire:lightning_dragon":1,"creeperoverhaul:snowy_creeper":1},"minecraft:used":{"minecraft:moss_block":1,"minecraft:iron_shovel":225,"travelersbackpack:lapis":17,"minecraft:chest":18,"minecraft:shield":85,"minecraft:stone":240,"minecraft:iron_sword":179,"minecraft:blue_stained_glass":4,"minecraft:carrot":26,"naturalist:cooked_bass":68,"minecraft:tuff":1,"minecraft:lava_bucket":2,"minecraft:quartz_slab":3,"minecraft:grass_block":106,"minecraft:birch_sapling":13,"minecraft:stone_bricks":9,"archers:golden_spear":2,"minecraft:bow":36,"farmersdelight:cutting_board":3,"minecraft:furnace":4,"minecraft:cooked_cod":38,"minecraft:potato":273,"spellbladenext:arcane_claymore":45,"minecraft:mossy_stone_bricks":1,"minecraft:damaged_anvil":1,"simplyswords:runic_greathammer":2,"minecraft:stone_pickaxe":263,"minecraft:oak_planks":63,"minecraft:wooden_pickaxe":31,"minecraft:diamond_axe":358,"minecraft:blast_furnace":7,"minecraft:bread":76,"minecraft:melon_slice":6,"minecraft:gravel":14,"minecraft:birch_log":1,"travelersbackpack:sandstone":1,"minecraft:bone_meal":264,"minecraft:stone_sword":96,"minecraft:flint_and_steel":5,"minecraft:stone_shovel":108,"minecraft:spruce_planks":3,"minecraft:cooked_salmon":22,"minecraft:torch":264,"minecraft:dirt":309,"minecraft:birch_door":2,"minecraft:iron_hoe":149,"minecraft:wooden_axe":12,"minecraft:dark_oak_planks":2,"majruszsdifficulty:angler_treasure_bag":2,"minecraft:iron_axe":62,"minecraft:iron_block":170,"minecraft:oak_stairs":66,"minecraft:cooked_beef":1,"minecraft:acacia_planks":1,"minecraft:cobbled_deepslate":2,"minecraft:wheat_seeds":70,"minecraft:cooked_mutton":2,"minecraft:water_bucket":127,"minecraft:birch_planks":211,"minecraft:terracotta":6,"minecraft:oak_slab":10,"minecraft:crafting_table":23,"minecraft:red_bed":5,"minecraft:smoker":5,"minecraft:oak_log":13,"minecraft:diamond_pickaxe":653,"minecraft:iron_pickaxe":1225,"minecraft:stone_slab":4,"minecraft:stone_axe":120,"minecraft:pink_petals":19,"rogues:rogue_armor_head":1,"minecraft:fishing_rod":41,"minecraft:cobblestone":423,"archers:royal_longbow":11,"minecraft:bucket":57,"minecraft:splash_potion":3,"minecraft:smooth_stone":1},"minecraft:dropped":{"minecraft:iron_sword":2,"minecraft:moss_block":4,"minecraft:birch_planks":1,"minecraft:diamond_axe":1,"minecraft:lapis_lazuli":12,"minecraft:cooked_beef":1,"minecraft:baked_potato":66,"minecraft:diamond":1,"minecraft:ender_pearl":1,"minecraft:crafting_table":2,"spellbladenext:arcane_claymore":1,"dungeonnowloading:cobblestone_pebble":10,"minecraft:flint":11,"paladins:golden_mace":1,"minecraft:dirt":21,"archers:golden_spear":1,"dungeonnowloading:soul_cloth":1,"minecraft:cooked_cod":1,"iceandfire:armor_copper_metal_boots":1,"minecraft:snowball":78,"minecraft:amethyst_shard":3,"minecraft:iron_pickaxe":4,"minecraft:birch_log":5,"minecraft:fishing_rod":2,"assortedtools:copper_leggings":1,"minecraft:white_wool":3,"dungeonnowloading:dungeon_wall_torch":6,"minecraft:gold_ingot":10,"minecraft:bone":17,"minecraft:gravel":1,"minecraft:iron_nugget":6,"minecraft:cobbled_deepslate":33,"minecraft:wheat":2,"dungeonnowloading:wooden_wall_rack":1,"minecraft:birch_sapling":12,"minecraft:rotten_flesh":32,"dungeonnowloading:mossy_cobblestone_pebble":28,"universal_graves:grave_compass":13,"minecraft:azure_bluet":1,"minecraft:carrot":1,"rogues:rogue_armor_head":1,"farmersdelight:cutting_board":3,"rogues:stone_double_axe":1,"minecraft:tipped_arrow":5,"minecraft:gunpowder":45,"minecraft:melon_seeds":3,"minecraft:birch_door":4,"minecraft:leather_boots":2,"doggytalents:rice_grains":1,"minecraft:iron_bars":2,"minecraft:arrow":74,"minecraft:scaffolding":6,"minecraft:stone_brick_stairs":1,"minecraft:splash_potion":2,"minecraft:water_bucket":1,"minecraft:iron_ingot":1,"minecraft:bread":14,"minecraft:wheat_seeds":3,"minecraft:cobbled_deepslate_stairs":1,"minecraft:mossy_cobblestone":3,"minecraft:poisonous_potato":1,"iceandfire:armor_copper_metal_chestplate":1,"minecraft:cobblestone":23,"minecraft:lead":1,"minecraft:book":2,"minecraft:copper_ingot":8,"minecraft:chainmail_helmet":1,"minecraft:coal":1,"minecraft:stick":8,"travelersbackpack:sandstone":1,"minecraft:gray_wool":4,"minecraft:diorite":1,"minecraft:ink_sac":9,"minecraft:torch":10,"minecraft:rose_bush":2,"minecraft:cooked_salmon":2,"minecraft:stripped_birch_log":2,"minecraft:oak_stairs":1,"minecraft:smooth_stone":20,"minecraft:paper":3,"minecraft:spruce_sapling":1,"minecraft:dandelion":5,"minecraft:furnace":1,"minecraft:player_head":1,"minecraft:stone_sword":2,"minecraft:smooth_stone_slab":4,"minecraft:tuff":9,"minecraft:stone_shovel":1,"minecraft:iron_boots":3,"naturalist:cooked_bass":8,"iceandfire:armor_copper_metal_helmet":1,"minecraft:totem_of_undying":1,"runes:healing_stone":9,"minecraft:mossy_stone_bricks":9,"minecraft:wooden_shovel":1,"rogues:iron_dagger":1,"minecraft:spider_eye":4,"minecraft:slime_ball":1,"minecraft:stone_pickaxe":2,"minecraft:wooden_pickaxe":2,"minecraft:calcite":1},"minecraft:crafted":{"minecraft:smooth_stone":3,"minecraft:oak_planks":4,"travelersbackpack:crafting_upgrade":1,"minecraft:chain":1,"minecraft:stone":49,"naturalist:cooked_bass":37,"minecraft:cooked_mutton":2,"iceandfire:armor_copper_metal_boots":1,"minecraft:glass":41,"minecraft:bow":2,"minecraft:iron_boots":6,"iceandfire:armor_copper_metal_chestplate":1,"minecraft:chest":14,"minecraft:birch_door":3,"minecraft:smoker":4,"travelersbackpack:iron_tier_upgrade":1,"minecraft:crafting_table":5,"travelersbackpack:lapis":2,"minecraft:iron_helmet":5,"minecraft:baked_potato":730,"minecraft:wooden_pickaxe":1,"minecraft:copper_ingot":31,"minecraft:birch_planks":548,"simplyskills:malevolent_manuscript":1,"farmersdelight:cutting_board":2,"minecraft:diamond_pickaxe":1,"minecraft:iron_chestplate":2,"minecraft:paper":4,"minecraft:shield":3,"minecraft:stick":108,"minecraft:stone_slab":6,"minecraft:iron_ingot":223,"minecraft:iron_pickaxe":5,"minecraft:stone_sword":1,"minecraft:gold_ingot":50,"minecraft:stone_shovel":1,"minecraft:iron_nugget":9,"minecraft:furnace":6,"assortedtools:copper_leggings":1,"minecraft:blast_furnace":1,"minecraft:bone_meal":257,"travelersbackpack:blank_upgrade":4,"travelersbackpack:gold_tier_upgrade":1,"iceandfire:armor_copper_metal_helmet":1,"minecraft:flint_and_steel":2,"minecraft:iron_axe":1,"minecraft:iron_hoe":1,"minecraft:stone_pickaxe":2,"minecraft:wheat":99,"archers:royal_longbow":1,"dungeonnowloading:skull_of_chaos":1,"iceandfire:silver_ingot":4,"travelersbackpack:backpack_tank":2,"minecraft:iron_sword":1,"minecraft:cooked_salmon":16,"minecraft:bucket":1,"minecraft:stone_axe":1,"minecraft:air":0,"minecraft:bread":51,"minecraft:white_wool":2,"minecraft:wooden_axe":1,"minecraft:iron_shovel":2,"minecraft:iron_leggings":5,"minecraft:torch":196}},"DataVersion":3465}