{"stats":{"minecraft:mined":{"minecraft:birch_log":59,"minecraft:birch_leaves":3,"minecraft:powder_snow":5,"minecraft:grass_block":2,"minecraft:dirt":1,"minecraft:stone":31},"minecraft:picked_up":{"minecraft:birch_log":59,"minecraft:pink_petals":4,"minecraft:stick":7,"minecraft:salmon":9,"minecraft:copper_ingot":1,"minecraft:lead":2,"minecraft:string":1,"minecraft:dirt":3,"minecraft:cooked_salmon":1,"naturalist:bass":23,"minecraft:arrow":1,"minecraft:bone":2,"minecraft:rotten_flesh":4,"minecraft:birch_sapling":19,"minecraft:cobblestone":31},"minecraft:crafted":{"minecraft:crafting_table":1,"minecraft:stick":8,"minecraft:wooden_pickaxe":1,"minecraft:stone_pickaxe":1,"minecraft:stone_sword":1,"minecraft:furnace":1,"minecraft:cooked_salmon":9,"minecraft:birch_planks":48,"minecraft:stone_axe":1,"naturalist:cooked_bass":23,"minecraft:air":0},"minecraft:custom":{"minecraft:time_since_rest":43953,"minecraft:interact_with_furnace":23,"minecraft:sprint_one_cm":42519,"minecraft:damage_taken":615,"minecraft:walk_one_cm":297505,"minecraft:mob_kills":38,"minecraft:drop":11,"minecraft:damage_dealt":2472,"minecraft:interact_with_beacon":18,"minecraft:crouch_one_cm":103,"minecraft:interact_with_crafting_table":6,"minecraft:swim_one_cm":73639,"minecraft:fly_one_cm":182484,"minecraft:play_time":99259,"minecraft:deaths":2,"minecraft:sneak_time":177,"minecraft:walk_under_water_one_cm":47215,"minecraft:jump":512,"minecraft:leave_game":2,"minecraft:time_since_death":43920,"minecraft:walk_on_water_one_cm":49977,"minecraft:total_world_time":99259,"minecraft:hex":0,"minecraft:fall_one_cm":8018},"minecraft:used":{"minecraft:oak_log":13,"minecraft:water_bucket":83,"minecraft:stone_sword":59,"minecraft:quartz_slab":3,"minecraft:iron_block":170,"minecraft:grass_block":106,"minecraft:oak_stairs":66,"simplyswords:runic_greathammer":2,"minecraft:birch_sapling":9,"minecraft:oak_planks":63,"minecraft:wooden_pickaxe":31,"minecraft:stone":165,"minecraft:cooked_salmon":5,"minecraft:stone_axe":50,"minecraft:dirt":212,"minecraft:pink_petals":19,"minecraft:crafting_table":1,"minecraft:oak_slab":10,"minecraft:blue_stained_glass":4,"minecraft:furnace":1,"naturalist:cooked_bass":4},"minecraft:killed":{"minecraft:skeleton":1,"minecraft:trader_llama":1,"naturalist:bass":22,"minecraft:salmon":9,"minecraft:spider":1,"minecraft:drowned":4},"minecraft:dropped":{"minecraft:birch_sapling":1,"minecraft:cooked_salmon":2,"minecraft:lead":1,"universal_graves:grave_compass":1,"naturalist:cooked_bass":6}},"DataVersion":3465}