{"stats":{"minecraft:mined":{"minecraft:dark_oak_planks":10,"minecraft:spruce_planks":5,"iceandfire:silver_ore":13,"travelersbackpack:lapis":1,"farmersdelight:wild_carrots":18,"minecraft:stripped_birch_log":1,"minecraft:dark_oak_fence":1,"minecraft:grass_block":4,"minecraft:spruce_leaves":3,"minecraft:furnace":1,"minecraft:iron_ore":133,"minecraft:fire":31,"minecraft:snow":11,"minecraft:andesite":1,"minecraft:bookshelf":20,"minecraft:oak_stairs":1,"minecraft:stripped_oak_log":1,"minecraft:stone":221,"minecraft:red_bed":4,"minecraft:snow_block":20,"minecraft:smoker":1,"minecraft:powder_snow":5,"minecraft:crafting_table":9,"minecraft:torch":1,"minecraft:blast_furnace":2,"minecraft:emerald_ore":3,"minecraft:melon":2,"minecraft:cobblestone":8,"minecraft:copper_ore":10,"minecraft:bricks":2,"minecraft:birch_planks":3,"minecraft:dark_oak_slab":1,"minecraft:birch_log":114,"farmersdelight:cutting_board":2,"minecraft:birch_leaves":12,"minecraft:birch_door":2,"minecraft:grass":1,"minecraft:coal_ore":156,"minecraft:gravel":1,"minecraft:sand":67,"minecraft:dirt":5,"minecraft:terracotta":8,"minecraft:acacia_planks":1,"minecraft:oak_leaves":2},"minecraft:picked_up":{"minecraft:crafting_table":8,"minecraft:birch_door":6,"minecraft:azure_bluet":1,"minecraft:lead":2,"minecraft:wooden_pickaxe":1,"minecraft:oak_stairs":1,"minecraft:gold_block":1,"minecraft:shield":1,"farmersdelight:cutting_board":4,"minecraft:string":2,"minecraft:red_bed":4,"minecraft:iron_axe":2,"minecraft:raw_copper":31,"minecraft:cooked_salmon":1,"universal_graves:grave_compass":2,"minecraft:spruce_planks":5,"travelersbackpack:lapis":2,"minecraft:iron_nugget":3,"minecraft:melon_slice":11,"minecraft:birch_sapling":25,"minecraft:furnace":1,"minecraft:stick":14,"minecraft:raw_iron":133,"minecraft:copper_ingot":1,"minecraft:torch":91,"minecraft:carrot":20,"minecraft:dark_oak_planks":10,"runes:healing_stone":9,"minecraft:stone_sword":1,"minecraft:arrow":7,"minecraft:rotten_flesh":10,"archers:golden_spear":2,"farmersdelight:tree_bark":3,"paladins:golden_mace":1,"minecraft:mutton":2,"minecraft:white_wool":3,"minecraft:cobblestone":207,"rogues:stone_double_axe":1,"minecraft:stripped_oak_log":1,"minecraft:birch_log":114,"minecraft:pink_petals":4,"minecraft:salmon":16,"minecraft:leather":8,"rogues:rogue_armor_head":1,"minecraft:smoker":1,"minecraft:birch_planks":5,"doggytalents:rice_grains":1,"minecraft:flint":9,"minecraft:gunpowder":9,"minecraft:dirt":25,"minecraft:stripped_birch_log":6,"naturalist:bass":37,"assortedtools:copper_leggings":1,"minecraft:bone":24,"minecraft:acacia_planks":1,"minecraft:wheat_seeds":1,"majruszsdifficulty:tattered_leggings":1,"minecraft:iron_ingot":7,"minecraft:stone_pickaxe":2,"minecraft:iron_sword":3,"travelersbackpack:blank_upgrade":1,"minecraft:book":60,"minecraft:scaffolding":6,"minecraft:dandelion":5,"minecraft:sand":64,"minecraft:blast_furnace":2,"minecraft:ink_sac":9,"naturalist:cooked_bass":1,"minecraft:spider_eye":4,"paladins:paladin_armor_feet":1,"minecraft:slime_ball":1,"minecraft:chainmail_helmet":1,"minecraft:emerald":3,"minecraft:terracotta":6,"rogues:iron_dagger":1,"minecraft:black_wool":1,"minecraft:coal":168,"iceandfire:raw_silver":13,"minecraft:ender_pearl":1},"minecraft:broken":{"majruszsdifficulty:tattered_leggings":1,"minecraft:stone_pickaxe":2,"minecraft:stone_axe":1,"minecraft:iron_pickaxe":1},"minecraft:dropped":{"minecraft:iron_sword":2,"minecraft:birch_planks":1,"minecraft:wheat_seeds":1,"minecraft:ender_pearl":1,"iceandfire:armor_copper_metal_chestplate":1,"minecraft:cobblestone":8,"minecraft:lead":1,"minecraft:copper_ingot":8,"minecraft:coal":1,"minecraft:stick":8,"minecraft:flint":9,"paladins:golden_mace":1,"minecraft:dirt":9,"minecraft:ink_sac":9,"minecraft:torch":9,"archers:golden_spear":1,"minecraft:rose_bush":2,"minecraft:cooked_salmon":2,"iceandfire:armor_copper_metal_boots":1,"minecraft:stripped_birch_log":2,"minecraft:oak_stairs":1,"assortedtools:copper_leggings":1,"minecraft:white_wool":3,"minecraft:gold_ingot":1,"minecraft:dandelion":5,"minecraft:bone":16,"minecraft:iron_nugget":6,"minecraft:stone_sword":2,"minecraft:birch_sapling":12,"minecraft:rotten_flesh":7,"universal_graves:grave_compass":6,"naturalist:cooked_bass":7,"iceandfire:armor_copper_metal_helmet":1,"minecraft:azure_bluet":1,"minecraft:carrot":1,"rogues:rogue_armor_head":1,"farmersdelight:cutting_board":3,"rogues:stone_double_axe":1,"minecraft:gunpowder":18,"runes:healing_stone":9,"minecraft:melon_seeds":3,"minecraft:birch_door":1,"rogues:iron_dagger":1,"minecraft:spider_eye":4,"doggytalents:rice_grains":1,"minecraft:slime_ball":1,"minecraft:stone_pickaxe":2,"minecraft:wooden_pickaxe":2,"minecraft:scaffolding":6},"minecraft:killed_by":{"minecraft:creeper":2,"graveyard:skeleton_creeper":1,"minecraft:skeleton":10,"minecraft:zombie":3},"minecraft:killed":{"minecraft:spider":3,"minecraft:skeleton":2,"naturalist:bass":37,"minecraft:drowned":8,"minecraft:salmon":16,"minecraft:sheep":3,"minecraft:trader_llama":1,"minecraft:zombie":8,"minecraft:stray":1},"minecraft:custom":{"minecraft:interact_with_smithing_table":6,"minecraft:mob_kills":79,"minecraft:interact_with_crafting_table":55,"minecraft:open_barrel":15,"minecraft:leave_game":6,"minecraft:time_since_death":107,"minecraft:climb_one_cm":8615,"minecraft:sprint_one_cm":366431,"minecraft:walk_one_cm":1076777,"minecraft:damage_blocked_by_shield":2976,"minecraft:drop":93,"minecraft:play_time":421094,"minecraft:deaths":18,"minecraft:sneak_time":8689,"minecraft:walk_under_water_one_cm":212247,"minecraft:jump":4031,"minecraft:interact_with_blast_furnace":22,"minecraft:walk_on_water_one_cm":112483,"minecraft:total_world_time":421094,"minecraft:interact_with_furnace":67,"minecraft:sleep_in_bed":10,"minecraft:hex":0,"minecraft:time_since_rest":135,"minecraft:damage_taken":9322,"minecraft:damage_dealt":7341,"minecraft:interact_with_beacon":18,"minecraft:fly_one_cm":446049,"minecraft:swim_one_cm":382876,"minecraft:open_chest":20,"minecraft:crouch_one_cm":19924,"minecraft:interact_with_smoker":6,"minecraft:fall_one_cm":101018},"minecraft:used":{"minecraft:stone_sword":96,"minecraft:stone_shovel":108,"travelersbackpack:lapis":12,"minecraft:spruce_planks":3,"minecraft:shield":25,"minecraft:stone":165,"minecraft:iron_sword":30,"minecraft:cooked_salmon":14,"minecraft:torch":84,"minecraft:dirt":225,"minecraft:blue_stained_glass":4,"minecraft:carrot":2,"naturalist:cooked_bass":31,"minecraft:birch_door":2,"minecraft:dark_oak_planks":2,"minecraft:wooden_axe":12,"minecraft:grass_block":106,"minecraft:quartz_slab":3,"minecraft:iron_block":170,"minecraft:iron_axe":35,"minecraft:oak_stairs":66,"minecraft:birch_sapling":13,"archers:golden_spear":2,"farmersdelight:cutting_board":2,"minecraft:furnace":3,"minecraft:acacia_planks":1,"minecraft:cooked_mutton":2,"minecraft:water_bucket":83,"minecraft:birch_planks":169,"minecraft:oak_planks":63,"simplyswords:runic_greathammer":2,"minecraft:stone_pickaxe":263,"minecraft:wooden_pickaxe":31,"minecraft:terracotta":6,"minecraft:crafting_table":11,"minecraft:oak_slab":10,"minecraft:red_bed":4,"minecraft:blast_furnace":2,"minecraft:smoker":1,"minecraft:oak_log":13,"minecraft:bread":12,"minecraft:iron_pickaxe":270,"minecraft:stone_axe":120,"minecraft:pink_petals":19,"minecraft:cobblestone":145,"minecraft:bucket":11,"minecraft:birch_log":1},"minecraft:crafted":{"minecraft:smooth_stone":3,"minecraft:oak_planks":4,"minecraft:stone_shovel":1,"travelersbackpack:crafting_upgrade":1,"minecraft:furnace":4,"assortedtools:copper_leggings":1,"minecraft:blast_furnace":1,"minecraft:stone":3,"naturalist:cooked_bass":37,"travelersbackpack:blank_upgrade":4,"travelersbackpack:gold_tier_upgrade":1,"minecraft:cooked_mutton":2,"iceandfire:armor_copper_metal_boots":1,"iceandfire:armor_copper_metal_helmet":1,"minecraft:glass":41,"minecraft:iron_boots":1,"minecraft:iron_axe":1,"minecraft:stone_pickaxe":2,"iceandfire:armor_copper_metal_chestplate":1,"minecraft:chest":1,"minecraft:birch_door":3,"minecraft:smoker":1,"travelersbackpack:iron_tier_upgrade":1,"iceandfire:silver_ingot":4,"minecraft:crafting_table":5,"travelersbackpack:lapis":2,"travelersbackpack:backpack_tank":2,"minecraft:iron_helmet":1,"minecraft:wooden_pickaxe":1,"minecraft:iron_sword":1,"minecraft:cooked_salmon":16,"minecraft:copper_ingot":31,"minecraft:bucket":1,"minecraft:birch_planks":368,"minecraft:stone_axe":1,"simplyskills:malevolent_manuscript":1,"minecraft:air":0,"farmersdelight:cutting_board":1,"minecraft:white_wool":2,"minecraft:iron_chestplate":1,"minecraft:paper":1,"minecraft:shield":2,"minecraft:stick":32,"minecraft:iron_ingot":131,"minecraft:iron_pickaxe":2,"minecraft:wooden_axe":1,"minecraft:stone_sword":1,"minecraft:iron_leggings":1,"minecraft:gold_ingot":9,"minecraft:torch":12}},"DataVersion":3465}