{"stats":{"minecraft:mined":{"minecraft:dark_oak_planks":10,"minecraft:spruce_planks":5,"iceandfire:silver_ore":4,"farmersdelight:wild_carrots":18,"minecraft:stripped_birch_log":1,"minecraft:dark_oak_fence":1,"minecraft:grass_block":4,"minecraft:spruce_leaves":3,"minecraft:furnace":1,"minecraft:iron_ore":131,"minecraft:fire":31,"minecraft:snow":11,"minecraft:andesite":1,"minecraft:bookshelf":20,"minecraft:oak_stairs":1,"minecraft:stripped_oak_log":1,"minecraft:stone":204,"minecraft:red_bed":2,"minecraft:smoker":1,"minecraft:snow_block":20,"minecraft:powder_snow":5,"minecraft:crafting_table":7,"minecraft:torch":1,"minecraft:emerald_ore":3,"minecraft:melon":2,"minecraft:cobblestone":8,"minecraft:copper_ore":10,"minecraft:bricks":2,"minecraft:birch_planks":3,"minecraft:dark_oak_slab":1,"minecraft:birch_log":114,"farmersdelight:cutting_board":2,"minecraft:birch_leaves":12,"minecraft:birch_door":2,"minecraft:grass":1,"minecraft:coal_ore":125,"minecraft:dirt":5,"minecraft:terracotta":8,"minecraft:acacia_planks":1,"minecraft:oak_leaves":2},"minecraft:killed_by":{"minecraft:creeper":2,"graveyard:skeleton_creeper":1,"minecraft:skeleton":10},"minecraft:picked_up":{"minecraft:birch_door":6,"minecraft:crafting_table":6,"minecraft:lead":2,"minecraft:wooden_pickaxe":1,"minecraft:oak_stairs":1,"farmersdelight:cutting_board":4,"minecraft:red_bed":2,"minecraft:iron_axe":2,"minecraft:string":2,"minecraft:raw_copper":31,"minecraft:cooked_salmon":1,"universal_graves:grave_compass":2,"minecraft:spruce_planks":5,"minecraft:iron_nugget":3,"minecraft:melon_slice":11,"minecraft:birch_sapling":25,"minecraft:furnace":1,"minecraft:stick":14,"minecraft:raw_iron":131,"minecraft:copper_ingot":1,"minecraft:torch":87,"minecraft:carrot":20,"minecraft:dark_oak_planks":10,"minecraft:stone_sword":1,"minecraft:arrow":6,"minecraft:rotten_flesh":7,"farmersdelight:tree_bark":3,"minecraft:mutton":2,"minecraft:white_wool":2,"minecraft:cobblestone":190,"minecraft:stripped_oak_log":1,"minecraft:birch_log":114,"minecraft:pink_petals":4,"minecraft:salmon":16,"minecraft:smoker":1,"minecraft:birch_planks":5,"minecraft:gunpowder":9,"minecraft:dirt":25,"minecraft:stripped_birch_log":6,"naturalist:bass":37,"minecraft:bone":8,"minecraft:acacia_planks":1,"majruszsdifficulty:tattered_leggings":1,"minecraft:iron_ingot":6,"minecraft:stone_pickaxe":2,"minecraft:book":60,"minecraft:ink_sac":9,"naturalist:cooked_bass":1,"minecraft:spider_eye":4,"minecraft:emerald":3,"minecraft:terracotta":6,"minecraft:black_wool":1,"minecraft:coal":136,"iceandfire:raw_silver":4},"minecraft:broken":{"majruszsdifficulty:tattered_leggings":1,"minecraft:stone_pickaxe":2,"minecraft:stone_axe":1},"minecraft:custom":{"minecraft:mob_kills":76,"minecraft:interact_with_crafting_table":38,"minecraft:open_barrel":15,"minecraft:leave_game":2,"minecraft:time_since_death":42170,"minecraft:climb_one_cm":8615,"minecraft:sprint_one_cm":210248,"minecraft:walk_one_cm":854689,"minecraft:damage_blocked_by_shield":45,"minecraft:drop":65,"minecraft:play_time":297259,"minecraft:deaths":15,"minecraft:sneak_time":8165,"minecraft:walk_under_water_one_cm":161535,"minecraft:jump":2966,"minecraft:interact_with_blast_furnace":17,"minecraft:walk_on_water_one_cm":82447,"minecraft:total_world_time":297259,"minecraft:interact_with_furnace":64,"minecraft:sleep_in_bed":2,"minecraft:hex":0,"minecraft:time_since_rest":14440,"minecraft:damage_taken":7608,"minecraft:damage_dealt":6719,"minecraft:interact_with_beacon":18,"minecraft:swim_one_cm":247865,"minecraft:fly_one_cm":299074,"minecraft:open_chest":12,"minecraft:crouch_one_cm":19631,"minecraft:interact_with_smoker":6,"minecraft:fall_one_cm":62571},"minecraft:crafted":{"minecraft:smooth_stone":3,"minecraft:oak_planks":4,"minecraft:stone_shovel":1,"minecraft:furnace":3,"assortedtools:copper_leggings":1,"minecraft:blast_furnace":1,"minecraft:stone":3,"naturalist:cooked_bass":37,"minecraft:cooked_mutton":2,"iceandfire:armor_copper_metal_helmet":1,"iceandfire:armor_copper_metal_boots":1,"minecraft:iron_boots":1,"minecraft:iron_axe":1,"minecraft:stone_pickaxe":2,"iceandfire:armor_copper_metal_chestplate":1,"minecraft:birch_door":3,"minecraft:smoker":1,"minecraft:crafting_table":4,"minecraft:wooden_pickaxe":1,"minecraft:iron_helmet":1,"minecraft:iron_sword":1,"minecraft:cooked_salmon":16,"minecraft:copper_ingot":31,"minecraft:birch_planks":368,"minecraft:stone_axe":1,"simplyskills:malevolent_manuscript":1,"minecraft:air":0,"farmersdelight:cutting_board":1,"minecraft:iron_chestplate":1,"minecraft:paper":1,"minecraft:shield":1,"minecraft:stick":28,"minecraft:iron_ingot":130,"minecraft:iron_pickaxe":1,"minecraft:wooden_axe":1,"minecraft:stone_sword":1,"minecraft:iron_leggings":1,"minecraft:torch":8},"minecraft:used":{"minecraft:stone_sword":96,"minecraft:stone_shovel":40,"minecraft:spruce_planks":3,"minecraft:shield":1,"minecraft:stone":165,"minecraft:iron_sword":15,"minecraft:cooked_salmon":10,"minecraft:torch":84,"minecraft:dirt":225,"minecraft:blue_stained_glass":4,"minecraft:carrot":2,"naturalist:cooked_bass":25,"minecraft:birch_door":2,"minecraft:dark_oak_planks":2,"minecraft:wooden_axe":12,"minecraft:iron_axe":30,"minecraft:birch_sapling":13,"minecraft:quartz_slab":3,"minecraft:grass_block":106,"minecraft:iron_block":170,"minecraft:oak_stairs":66,"farmersdelight:cutting_board":2,"minecraft:furnace":2,"minecraft:acacia_planks":1,"minecraft:water_bucket":83,"minecraft:birch_planks":164,"minecraft:stone_pickaxe":263,"simplyswords:runic_greathammer":2,"minecraft:oak_planks":63,"minecraft:wooden_pickaxe":31,"minecraft:terracotta":6,"minecraft:red_bed":2,"minecraft:oak_slab":10,"minecraft:crafting_table":9,"minecraft:blast_furnace":1,"minecraft:smoker":1,"minecraft:oak_log":13,"minecraft:bread":8,"minecraft:iron_pickaxe":209,"minecraft:pink_petals":19,"minecraft:stone_axe":120,"minecraft:cobblestone":143,"minecraft:birch_log":1},"minecraft:killed":{"minecraft:spider":3,"minecraft:skeleton":2,"naturalist:bass":37,"minecraft:drowned":7,"minecraft:salmon":16,"minecraft:sheep":3,"minecraft:trader_llama":1,"minecraft:zombie":6,"minecraft:stray":1},"minecraft:dropped":{"minecraft:birch_planks":1,"minecraft:cobblestone":4,"iceandfire:armor_copper_metal_chestplate":1,"minecraft:lead":1,"minecraft:copper_ingot":8,"minecraft:stick":7,"minecraft:dirt":9,"minecraft:ink_sac":9,"minecraft:torch":1,"minecraft:rose_bush":2,"minecraft:cooked_salmon":2,"iceandfire:armor_copper_metal_boots":1,"minecraft:stripped_birch_log":2,"minecraft:oak_stairs":1,"assortedtools:copper_leggings":1,"minecraft:iron_nugget":3,"minecraft:stone_sword":2,"minecraft:birch_sapling":12,"minecraft:rotten_flesh":7,"universal_graves:grave_compass":6,"iceandfire:armor_copper_metal_helmet":1,"naturalist:cooked_bass":7,"minecraft:carrot":1,"farmersdelight:cutting_board":3,"minecraft:gunpowder":18,"minecraft:birch_door":1,"minecraft:spider_eye":4,"minecraft:stone_pickaxe":2,"minecraft:wooden_pickaxe":2}},"DataVersion":3465}