{"stats":{"minecraft:mined":{"minecraft:birch_log":72,"minecraft:birch_leaves":3,"minecraft:powder_snow":5,"minecraft:grass_block":2,"minecraft:dirt":1,"minecraft:stone":31},"minecraft:killed_by":{"minecraft:skeleton":2},"minecraft:picked_up":{"minecraft:birch_log":72,"minecraft:pink_petals":4,"minecraft:stick":7,"minecraft:salmon":9,"minecraft:copper_ingot":1,"minecraft:lead":2,"minecraft:spider_eye":1,"minecraft:string":2,"minecraft:dirt":3,"minecraft:cooked_salmon":1,"naturalist:bass":23,"minecraft:arrow":2,"minecraft:bone":3,"minecraft:rotten_flesh":5,"majruszsdifficulty:tattered_leggings":1,"minecraft:birch_sapling":19,"minecraft:cobblestone":31},"minecraft:crafted":{"minecraft:crafting_table":1,"minecraft:stick":8,"minecraft:wooden_pickaxe":1,"minecraft:stone_pickaxe":1,"minecraft:stone_sword":1,"minecraft:furnace":1,"minecraft:cooked_salmon":9,"minecraft:birch_planks":48,"minecraft:stone_axe":1,"naturalist:cooked_bass":23,"minecraft:air":0},"minecraft:broken":{"majruszsdifficulty:tattered_leggings":1},"minecraft:custom":{"minecraft:time_since_rest":2617,"minecraft:interact_with_furnace":23,"minecraft:sprint_one_cm":57128,"minecraft:damage_taken":1585,"minecraft:walk_one_cm":347364,"minecraft:mob_kills":42,"minecraft:drop":11,"minecraft:damage_dealt":3350,"minecraft:interact_with_beacon":18,"minecraft:crouch_one_cm":159,"minecraft:interact_with_crafting_table":6,"minecraft:swim_one_cm":97582,"minecraft:fly_one_cm":192258,"minecraft:play_time":111259,"minecraft:deaths":4,"minecraft:sneak_time":375,"minecraft:walk_under_water_one_cm":57526,"minecraft:jump":615,"minecraft:leave_game":2,"minecraft:time_since_death":2587,"minecraft:walk_on_water_one_cm":56522,"minecraft:total_world_time":111259,"minecraft:hex":0,"minecraft:fall_one_cm":9727},"minecraft:used":{"minecraft:oak_log":13,"minecraft:water_bucket":83,"minecraft:stone_sword":63,"minecraft:quartz_slab":3,"minecraft:iron_block":170,"minecraft:grass_block":106,"minecraft:oak_stairs":66,"simplyswords:runic_greathammer":2,"minecraft:birch_sapling":11,"minecraft:oak_planks":63,"minecraft:wooden_pickaxe":31,"minecraft:stone":165,"minecraft:cooked_salmon":6,"minecraft:stone_axe":73,"minecraft:dirt":212,"minecraft:pink_petals":19,"minecraft:crafting_table":1,"minecraft:oak_slab":10,"minecraft:blue_stained_glass":4,"minecraft:furnace":1,"naturalist:cooked_bass":9},"minecraft:killed":{"minecraft:skeleton":1,"minecraft:trader_llama":1,"minecraft:stray":1,"naturalist:bass":22,"minecraft:salmon":9,"minecraft:spider":2,"minecraft:drowned":6},"minecraft:dropped":{"minecraft:birch_sapling":1,"minecraft:cooked_salmon":2,"minecraft:lead":1,"universal_graves:grave_compass":1,"naturalist:cooked_bass":6}},"DataVersion":3465}