{"stats":{"minecraft:mined":{"minecraft:dark_oak_planks":10,"minecraft:spruce_planks":5,"minecraft:powder_snow":5,"minecraft:grass_block":2,"minecraft:copper_ore":10,"minecraft:cobblestone":1,"minecraft:birch_log":84,"minecraft:iron_ore":1,"minecraft:birch_leaves":3,"minecraft:coal_ore":82,"minecraft:dirt":1,"minecraft:stone":51},"minecraft:killed_by":{"minecraft:skeleton":8},"minecraft:picked_up":{"minecraft:birch_log":84,"minecraft:pink_petals":4,"minecraft:salmon":9,"minecraft:lead":2,"minecraft:dirt":3,"minecraft:string":2,"minecraft:raw_copper":31,"minecraft:cooked_salmon":1,"naturalist:bass":26,"minecraft:bone":3,"majruszsdifficulty:tattered_leggings":1,"minecraft:spruce_planks":5,"minecraft:birch_sapling":19,"minecraft:raw_iron":1,"minecraft:stick":7,"minecraft:copper_ingot":1,"minecraft:ink_sac":3,"minecraft:spider_eye":1,"minecraft:dark_oak_planks":10,"minecraft:arrow":2,"minecraft:rotten_flesh":7,"minecraft:coal":82,"minecraft:cobblestone":52},"minecraft:broken":{"majruszsdifficulty:tattered_leggings":1},"minecraft:crafted":{"minecraft:crafting_table":2,"minecraft:wooden_pickaxe":1,"assortedtools:copper_leggings":1,"minecraft:furnace":1,"minecraft:cooked_salmon":9,"minecraft:copper_ingot":23,"minecraft:birch_planks":96,"minecraft:stone_axe":1,"naturalist:cooked_bass":23,"iceandfire:armor_copper_metal_boots":1,"minecraft:air":0,"iceandfire:armor_copper_metal_helmet":1,"minecraft:stick":12,"iceandfire:armor_copper_metal_chestplate":1,"minecraft:stone_pickaxe":1,"minecraft:wooden_axe":1,"minecraft:stone_sword":1,"minecraft:torch":4},"minecraft:custom":{"minecraft:interact_with_furnace":36,"minecraft:mob_kills":46,"minecraft:interact_with_crafting_table":14,"minecraft:open_barrel":4,"minecraft:leave_game":2,"minecraft:time_since_death":19634,"minecraft:climb_one_cm":4864,"minecraft:hex":0,"minecraft:time_since_rest":19684,"minecraft:sprint_one_cm":99640,"minecraft:damage_taken":3479,"minecraft:walk_one_cm":487011,"minecraft:drop":11,"minecraft:damage_dealt":3873,"minecraft:interact_with_beacon":18,"minecraft:fly_one_cm":223123,"minecraft:swim_one_cm":125512,"minecraft:open_chest":1,"minecraft:crouch_one_cm":3400,"minecraft:play_time":153259,"minecraft:deaths":10,"minecraft:sneak_time":2319,"minecraft:walk_under_water_one_cm":70597,"minecraft:jump":1364,"minecraft:walk_on_water_one_cm":61578,"minecraft:total_world_time":153259,"minecraft:fall_one_cm":23865},"minecraft:used":{"minecraft:water_bucket":83,"minecraft:stone_sword":71,"minecraft:birch_planks":8,"simplyswords:runic_greathammer":2,"minecraft:stone_pickaxe":114,"minecraft:oak_planks":63,"minecraft:spruce_planks":3,"minecraft:wooden_pickaxe":31,"minecraft:stone":165,"minecraft:cooked_salmon":6,"minecraft:dirt":212,"minecraft:oak_slab":10,"minecraft:crafting_table":2,"minecraft:blue_stained_glass":4,"naturalist:cooked_bass":13,"minecraft:oak_log":13,"minecraft:wooden_axe":12,"minecraft:dark_oak_planks":2,"minecraft:quartz_slab":3,"minecraft:iron_block":170,"minecraft:grass_block":106,"minecraft:oak_stairs":66,"minecraft:birch_sapling":11,"minecraft:stone_axe":73,"minecraft:pink_petals":19,"minecraft:cobblestone":10,"minecraft:furnace":1},"minecraft:killed":{"minecraft:salmon":9,"minecraft:spider":2,"minecraft:skeleton":1,"minecraft:trader_llama":1,"naturalist:bass":25,"minecraft:stray":1,"minecraft:drowned":7},"minecraft:dropped":{"minecraft:birch_sapling":1,"minecraft:lead":1,"universal_graves:grave_compass":1,"naturalist:cooked_bass":6,"minecraft:cooked_salmon":2}},"DataVersion":3465}