{"stats":{"minecraft:mined":{"minecraft:dark_oak_planks":1,"dungeonnowloading:spikes":8,"minecraft:large_amethyst_bud":3,"minecraft:spruce_planks":9,"minecraft:sculk_vein":5,"minecraft:obsidian":19,"minecraft:spruce_trapdoor":3,"minecraft:granite":4,"minecraft:budding_amethyst":3,"minecraft:stone_brick_wall":3,"minecraft:grass_block":22,"clutter:deepslate_silver_ore":7,"minecraft:deepslate_bricks":1,"minecraft:chiseled_stone_bricks":1,"minecraft:spawner":11,"minecraft:smooth_stone":7,"minecraft:tall_seagrass":3,"minecraft:sculk_catalyst":2,"minecraft:glowstone":1,"minecraft:iron_ore":81,"minecraft:cobbled_deepslate":1,"minecraft:fire":10,"minecraft:deepslate_lapis_ore":5,"minecraft:fletching_table":1,"dungeonnowloading:wooden_wall_rack":1,"minecraft:spruce_pressure_plate":2,"minecraft:deepslate_redstone_ore":3,"minecraft:kelp_plant":5,"minecraft:medium_amethyst_bud":3,"minecraft:amethyst_cluster":9,"minecraft:powder_snow":8,"minecraft:torch":8,"dungeonnowloading:dungeon_wall_torch":1,"minecraft:calcite":1,"minecraft:chest":2,"minecraft:nether_quartz_ore":34,"minecraft:cobblestone":32,"minecraft:bricks":3,"minecraft:damaged_anvil":1,"minecraft:wall_torch":4,"minecraft:amethyst_block":14,"minecraft:skeleton_skull":1,"dungeonnowloading:gold_ingot_pile":3,"minecraft:birch_log":35,"minecraft:wheat":55,"minecraft:jukebox":1,"minecraft:smooth_stone_slab":2,"minecraft:stone_brick_stairs":1,"minecraft:grass":6,"dungeonnowloading:explosive_barrel":33,"dungeonnowloading:wooden_wall_platform":2,"minecraft:dirt":51,"minecraft:netherrack":31,"minecraft:oak_leaves":2,"minecraft:deepslate":87,"minecraft:diamond_ore":9,"minecraft:tuff":17,"iceandfire:silver_ore":5,"minecraft:mossy_cobblestone":7,"minecraft:deepslate_diamond_ore":2,"minecraft:glow_lichen":1,"minecraft:spruce_fence":1,"minecraft:decorated_pot":7,"minecraft:brick_stairs":2,"dungeonnowloading:book_pile":1,"minecraft:spruce_leaves":4,"minecraft:moss_block":1,"minecraft:kelp":8,"minecraft:hay_block":19,"minecraft:redstone_ore":5,"minecraft:carrots":15,"minecraft:acacia_wood":69,"minecraft:andesite":1,"minecraft:peony":1,"minecraft:bookshelf":18,"minecraft:deepslate_iron_ore":24,"minecraft:vine":1,"minecraft:stone":272,"dungeonnowloading:mossy_cobblestone_pebbles":2,"minecraft:snow_block":6,"minecraft:brick_wall":1,"minecraft:stone_brick_slab":2,"minecraft:oak_fence":1,"minecraft:crafting_table":4,"minecraft:emerald_ore":2,"minecraft:sculk_sensor":9,"minecraft:tall_grass":1,"minecraft:copper_ore":16,"minecraft:deepslate_gold_ore":1,"minecraft:cracked_deepslate_bricks":2,"minecraft:sculk":4,"minecraft:diorite":22,"minecraft:spruce_stairs":3,"supplementaries:urn":5,"minecraft:birch_planks":5,"minecraft:red_terracotta":11,"spell_engine:spell_binding":1,"minecraft:birch_leaves":16,"minecraft:coal_ore":91,"minecraft:gravel":65,"minecraft:terracotta":15,"minecraft:acacia_planks":3,"minecraft:spruce_fence_gate":1,"minecraft:stone_bricks":22,"minecraft:mossy_stone_bricks":31,"minecraft:gold_ore":24,"dungeonnowloading:iron_ingot_pile":4},"minecraft:picked_up":{"minecraft:birch_door":3,"minecraft:wheat":57,"minecraft:lead":1,"minecraft:diamond_sword":2,"minecraft:oak_stairs":2,"minecraft:enchanted_book":10,"travelersbackpack:spider":1,"minecraft:amethyst_block":13,"minecraft:string":48,"minecraft:raw_copper":66,"minecraft:cooked_salmon":13,"minecraft:smooth_stone_slab":6,"universal_graves:grave_compass":3,"minecraft:pufferfish":40,"minecraft:smooth_stone":3,"minecraft:cobbled_deepslate":57,"minecraft:spruce_planks":9,"minecraft:rose_bush":1,"minecraft:calcite":1,"minecraft:wooden_shovel":2,"dungeonnowloading:mossy_cobblestone_pebble":15,"minecraft:iron_pickaxe":1,"supplementaries:pancake":16,"minecraft:diamond_ore":1,"minecraft:tipped_arrow":8,"minecraft:spruce_pressure_plate":2,"minecraft:stick":18,"minecraft:jukebox":1,"minecraft:torch":31,"minecraft:brick_wall":1,"minecraft:spruce_stairs":3,"minecraft:porkchop":5,"minecraft:netherite_shovel":1,"minecraft:diorite":22,"minecraft:music_disc_pigstep":3,"minecraft:golden_chestplate":2,"minecraft:rabbit_foot":1,"minecraft:blue_stained_glass":1,"minecraft:stone_sword":1,"minecraft:rotten_flesh":103,"minecraft:tropical_fish":5,"minecraft:iron_block":1,"minecraft:red_tulip":1,"supplementaries:quiver":1,"supplementaries:ash":16,"minecraft:obsidian":18,"minecraft:cod":189,"minecraft:snowball":55,"minecraft:cobblestone":379,"minecraft:nautilus_shell":3,"minecraft:birch_log":41,"minecraft:pink_petals":32,"minecraft:feather":15,"minecraft:lilac":3,"minecraft:cherry_leaves":1,"minecraft:water_bucket":1,"minecraft:andesite":1,"rogues:rogue_armor_head":1,"minecraft:flint":7,"minecraft:tuff":7,"supplementaries:flute":1,"minecraft:lapis_lazuli":48,"farmersdelight:tomato":13,"minecraft:dirt":91,"dungeonnowloading:spawner_helmet":1,"minecraft:name_tag":3,"minecraft:leather_boots":2,"minecraft:bone":72,"minecraft:acacia_planks":45,"minecraft:bow":6,"minecraft:wheat_seeds":440,"minecraft:raw_gold":27,"minecraft:mossy_stone_bricks":18,"minecraft:fletching_table":1,"minecraft:glowstone_dust":3,"minecraft:oak_planks":2,"dungeonnowloading:spawner_boots":1,"minecraft:music_disc_13":1,"iceandfire:dragon_skull_fire":2,"minecraft:ink_sac":20,"minecraft:grass_block":6,"dungeonnowloading:wooden_wall_rack":1,"minecraft:red_terracotta":9,"minecraft:mossy_cobblestone":5,"minecraft:bundle":1,"minecraft:spruce_fence_gate":2,"minecraft:diamond":15,"minecraft:deepslate":1,"minecraft:granite":4,"minecraft:bone_meal":2,"minecraft:emerald":1,"minecraft:chainmail_helmet":1,"minecraft:bread":14,"minecraft:netherrack":13,"minecraft:bricks":3,"minecraft:oak_leaves":1,"iceandfire:raw_silver":5,"minecraft:diamond_pickaxe":1,"minecraft:fishing_rod":5,"minecraft:crafting_table":4,"dungeonnowloading:spawner_leggings":1,"minecraft:chicken":2,"dungeonnowloading:cobblestone_pebble":24,"minecraft:stone_brick_wall":3,"travelersbackpack:sandstone":1,"dungeonnowloading:spawner_fragment":44,"clutter:raw_silver":21,"minecraft:candle":3,"minecraft:player_head":1,"vc_gliders:paraglider_iron":1,"minecraft:chest":2,"minecraft:birch_sapling":11,"minecraft:spruce_trapdoor":3,"minecraft:egg":1,"minecraft:raw_iron":121,"iceandfire:dragonbone":1,"minecraft:stone":1,"minecraft:bowl":3,"minecraft:flowering_azalea_leaves":1,"minecraft:spruce_fence":2,"minecraft:stone_button":2,"minecraft:carrot":55,"minecraft:redstone":36,"minecraft:dark_oak_planks":1,"minecraft:arrow":116,"dungeonnowloading:spawner_chestplate":1,"minecraft:cooked_cod":8,"minecraft:decorated_pot":5,"minecraft:peony":3,"minecraft:hay_block":25,"spell_engine:spell_binding":1,"minecraft:cracked_deepslate_bricks":1,"minecraft:gold_ingot":28,"minecraft:saddle":4,"minecraft:totem_of_undying":1,"majruszsdifficulty:cerberus_fang":2,"minecraft:brick_stairs":2,"minecraft:skeleton_skull":1,"minecraft:emerald_ore":2,"clutter:giant_lily_pad":3,"minecraft:tripwire_hook":7,"minecraft:salmon":103,"minecraft:leather":46,"minecraft:acacia_wood":69,"doggytalents:rice_grains":3,"minecraft:birch_planks":31,"minecraft:oak_log":1,"minecraft:lily_pad":1,"minecraft:gunpowder":36,"minecraft:deepslate_tile_slab":1,"minecraft:paper":3,"naturalist:bass":20,"minecraft:stone_bricks":14,"minecraft:kelp":30,"majruszsdifficulty:tattered_leggings":1,"minecraft:iron_ingot":16,"minecraft:music_disc_far":1,"minecraft:cobweb":10,"minecraft:cooked_chicken":2,"minecraft:iron_ore":14,"majruszsdifficulty:angler_treasure_bag":1,"minecraft:iron_sword":1,"minecraft:music_disc_chirp":1,"minecraft:book":58,"minecraft:sculk_catalyst":1,"spellbladenext:arcane_claymore":2,"minecraft:oak_slab":1,"minecraft:sculk":1,"minecraft:chiseled_stone_bricks":1,"minecraft:stone_brick_slab":1,"minecraft:quartz":64,"minecraft:gravel":54,"minecraft:amethyst_shard":41,"clutter:small_lily_pads":1,"minecraft:gold_ore":7,"naturalist:cooked_bass":44,"minecraft:spider_eye":4,"minecraft:sculk_sensor":2,"minecraft:chainmail_leggings":1,"minecraft:scute":1,"minecraft:diamond_axe":4,"minecraft:baked_potato":64,"minecraft:terracotta":15,"minecraft:damaged_anvil":1,"majruszsdifficulty:tattered_chestplate":2,"dungeonnowloading:soul_cloth":2,"minecraft:coal":107},"minecraft:broken":{"minecraft:wooden_shovel":1,"assortedtools:amethyst_leggings":1,"minecraft:iron_boots":1,"minecraft:chainmail_boots":1,"minecraft:stone_pickaxe":1,"minecraft:chainmail_chestplate":1,"assortedtools:amethyst_chestplate":1,"minecraft:chainmail_leggings":1,"minecraft:chainmail_helmet":1,"minecraft:shield":2,"minecraft:leather_boots":1,"minecraft:iron_helmet":1,"iceandfire:armor_copper_metal_boots":1},"minecraft:dropped":{"minecraft:iron_sword":3,"minecraft:candle":1,"minecraft:birch_planks":26,"minecraft:diamond_axe":4,"minecraft:lapis_lazuli":21,"minecraft:diamond":6,"minecraft:crafting_table":3,"spellbladenext:arcane_claymore":3,"minecraft:decorated_pot":2,"dungeonnowloading:cobblestone_pebble":24,"minecraft:cod":37,"minecraft:flint":1,"minecraft:dirt":57,"majruszsdifficulty:cerberus_fang":2,"minecraft:stone_button":2,"dungeonnowloading:soul_cloth":1,"minecraft:snowball":59,"minecraft:amethyst_shard":3,"minecraft:iron_pickaxe":1,"minecraft:dark_oak_planks":1,"minecraft:fishing_rod":5,"assortedtools:copper_leggings":1,"minecraft:gold_ingot":10,"minecraft:bone":7,"minecraft:gravel":17,"majruszsdifficulty:tattered_chestplate":1,"minecraft:stone_axe":1,"minecraft:golden_chestplate":2,"minecraft:cobbled_deepslate":7,"dungeonnowloading:wooden_wall_rack":1,"minecraft:birch_sapling":2,"minecraft:rotten_flesh":95,"dungeonnowloading:mossy_cobblestone_pebble":13,"universal_graves:grave_compass":11,"minecraft:salmon":23,"minecraft:carrot":4,"minecraft:rabbit_foot":67,"minecraft:chiseled_stone_bricks":1,"rogues:rogue_armor_head":1,"supplementaries:ash":10,"minecraft:skeleton_skull":1,"vc_gliders:paraglider_iron":1,"minecraft:charcoal":1,"minecraft:stone_brick_wall":3,"minecraft:birch_door":6,"minecraft:spruce_pressure_plate":2,"doggytalents:rice_grains":2,"minecraft:arrow":1,"minecraft:oak_leaves":1,"minecraft:enchanted_book":3,"minecraft:bread":27,"minecraft:wheat_seeds":66,"minecraft:lilac":1,"minecraft:mossy_cobblestone":3,"minecraft:cobblestone":108,"minecraft:book":1,"minecraft:copper_ingot":1,"minecraft:deepslate_tile_slab":1,"minecraft:grass_block":3,"minecraft:chainmail_helmet":1,"minecraft:coal":3,"minecraft:golden_apple":1,"minecraft:pufferfish":11,"minecraft:stick":7,"minecraft:spruce_fence_gate":2,"minecraft:cobweb":10,"supplementaries:pancake":48,"minecraft:diorite":3,"minecraft:sculk":1,"minecraft:torch":2,"minecraft:cooked_salmon":4,"travelersbackpack:spider":1,"minecraft:iron_axe":1,"minecraft:smooth_stone":3,"minecraft:chainmail_leggings":1,"minecraft:string":11,"minecraft:tripwire_hook":6,"minecraft:acacia_planks":42,"iceandfire:dragon_skull_fire":1,"minecraft:stone_brick_slab":1,"minecraft:brick_wall":1,"minecraft:player_head":1,"minecraft:raw_copper":2,"minecraft:smooth_stone_slab":2,"minecraft:bowl":2,"minecraft:tuff":3,"minecraft:raw_iron":13,"minecraft:sculk_sensor":1,"minecraft:name_tag":2,"naturalist:cooked_bass":4,"minecraft:spruce_fence":1,"minecraft:diamond_sword":1,"minecraft:hay_block":3,"minecraft:peony":3,"minecraft:spruce_trapdoor":3,"minecraft:spruce_planks":2,"minecraft:mossy_stone_bricks":4,"minecraft:wooden_shovel":2,"minecraft:stone_bricks":1,"minecraft:spider_eye":2,"minecraft:bow":3,"minecraft:stone_pickaxe":1,"minecraft:wooden_pickaxe":2,"minecraft:raw_gold":6,"minecraft:calcite":1},"minecraft:killed_by":{"minecraft:zombified_piglin":1,"minecraft:creeper":4,"minecraft:drowned":1,"minecraft:zombie":6,"iceandfire:fire_dragon":2,"majruszsdifficulty:tank":1,"minecraft:vex":2,"minecraft:stray":2,"minecraft:skeleton":5,"iceandfire:lightning_dragon":1,"illagerinvasion:marauder":1,"iceandfire:myrmex_sentinel":1},"minecraft:custom":{"minecraft:animals_bred":1,"minecraft:interact_with_crafting_table":78,"minecraft:open_barrel":125,"minecraft:eat_cake_slice":1,"minecraft:leave_game":5,"minecraft:time_since_death":38122,"minecraft:sprint_one_cm":1216214,"minecraft:damage_blocked_by_shield":6075,"minecraft:drop":304,"minecraft:talked_to_villager":5,"minecraft:play_time":846715,"minecraft:deaths":32,"minecraft:jump":9892,"minecraft:interact_with_brewingstand":1,"minecraft:walk_on_water_one_cm":237956,"minecraft:enchant_item":6,"minecraft:interact_with_furnace":112,"minecraft:play_record":6,"minecraft:sleep_in_bed":2,"minecraft:damage_dealt":33049,"minecraft:player_kills":1,"minecraft:crouch_one_cm":415338,"minecraft:interact_with_smoker":1,"minecraft:interact_with_anvil":12,"minecraft:mob_kills":301,"minecraft:damage_dealt_resisted":369,"minecraft:climb_one_cm":8337,"minecraft:walk_one_cm":2318224,"minecraft:damage_dealt_absorbed":36,"minecraft:sneak_time":129210,"minecraft:walk_under_water_one_cm":222322,"minecraft:boat_one_cm":58897,"minecraft:interact_with_blast_furnace":2,"minecraft:total_world_time":846715,"minecraft:hex":0,"minecraft:time_since_rest":38150,"minecraft:damage_taken":22603,"minecraft:damage_absorbed":120,"minecraft:swim_one_cm":410842,"minecraft:fly_one_cm":1821470,"minecraft:open_chest":268,"minecraft:fish_caught":310,"minecraft:fall_one_cm":184897},"minecraft:killed":{"minecraft:cave_spider":5,"iceandfire:hippogryph":2,"minecraft:zombified_piglin":1,"graveyard:skeleton_creeper":1,"minecraft:spider":8,"minecraft:cod":19,"naturalist:boar":1,"minecraft:skeleton":55,"minecraft:bee":3,"minecraft:chicken":4,"majruszsdifficulty:creeperling":2,"minecraft:magma_cube":1,"minecraft:zombie_villager":3,"naturalist:firefly":1,"minecraft:salmon":25,"majruszsdifficulty:tank":1,"minecraft:creeper":1,"minecraft:pillager":1,"minecraft:zombie":68,"minecraft:stray":5,"minecraft:vex":4,"illagerinvasion:marauder":1,"iceandfire:fire_dragon":1,"naturalist:bass":61,"minecraft:drowned":6,"minecraft:husk":5,"whisperwoods:zotzpyre":1,"minecraft:wither_skeleton":2,"minecraft:player":1},"minecraft:used":{"minecraft:music_disc_far":1,"iceandfire:spawn_egg_ice_dragon":3,"minecraft:chest":6,"minecraft:decorated_pot":2,"minecraft:shield":69,"minecraft:stone":1,"minecraft:iron_sword":107,"minecraft:blue_stained_glass":1,"naturalist:cooked_bass":60,"minecraft:carrot":71,"iceandfire:spawn_egg_fire_dragon":1,"minecraft:tuff":4,"minecraft:music_disc_13":1,"minecraft:snowball":23,"minecraft:obsidian":14,"minecraft:music_disc_pigstep":3,"minecraft:quartz_slab":11,"minecraft:lantern":107,"minecraft:grass_block":163,"minecraft:quartz_block":136,"minecraft:music_disc_chirp":1,"minecraft:cherry_leaves":311,"minecraft:stone_bricks":9,"minecraft:bow":132,"minecraft:furnace":6,"minecraft:cooked_cod":16,"minecraft:egg":1,"simplyswords:ribboncleaver":18,"clutter:giant_lily_pad":1,"spellbladenext:arcane_claymore":182,"minecraft:emerald_ore":2,"minecraft:mossy_stone_bricks":12,"minecraft:damaged_anvil":1,"minecraft:stone_pickaxe":442,"minecraft:oak_planks":289,"minecraft:wooden_pickaxe":18,"minecraft:chainmail_helmet":1,"spell_engine:spell_binding":1,"minecraft:oak_leaves":7,"minecraft:golden_apple":5,"minecraft:crossbow":22,"minecraft:lingering_potion":1,"minecraft:bread":81,"minecraft:diamond_ore":1,"minecraft:deepslate":1,"minecraft:gravel":4,"minecraft:diamond_sword":211,"iceandfire:spawn_egg_hippogryph":2,"minecraft:andesite":1,"minecraft:bone_meal":40,"minecraft:oak_fence":62,"spellbladenext:voidforge":9,"minecraft:enchanting_table":1,"minecraft:stone_sword":112,"minecraft:cracked_deepslate_bricks":1,"minecraft:dried_kelp":55,"minecraft:wooden_shovel":101,"minecraft:cooked_salmon":22,"minecraft:cooked_chicken":2,"minecraft:netherrack":6,"minecraft:torch":125,"minecraft:dirt":74,"minecraft:chainmail_chestplate":1,"minecraft:birch_door":1,"majruszsdifficulty:angler_treasure_bag":20,"minecraft:bookshelf":18,"minecraft:iron_axe":6,"minecraft:oak_stairs":180,"assortedtools:amethyst_chestplate":1,"minecraft:golden_carrot":9,"minecraft:acacia_planks":71,"minecraft:cobbled_deepslate":50,"minecraft:wheat_seeds":60,"minecraft:acacia_boat":1,"minecraft:water_bucket":162,"minecraft:iron_ore":14,"minecraft:birch_planks":29,"minecraft:baked_potato":9,"minecraft:birch_boat":1,"minecraft:fletching_table":1,"minecraft:mossy_cobblestone":2,"minecraft:terracotta":15,"minecraft:oak_slab":84,"minecraft:crafting_table":9,"minecraft:cod":21,"minecraft:oak_log":43,"archers:rapid_crossbow":32,"minecraft:diamond_pickaxe":55,"minecraft:apple":19,"minecraft:iron_pickaxe":490,"minecraft:map":1,"spellbladenext:starforge":1,"minecraft:stone_axe":88,"minecraft:fishing_rod":408,"minecraft:cobblestone":123,"archers:royal_longbow":3,"minecraft:bucket":3,"minecraft:jukebox":4,"minecraft:chainmail_leggings":1},"minecraft:crafted":{"assortedtools:amethyst_chestplate":1,"minecraft:birch_boat":1,"spellbladenext:arcane_blade":2,"naturalist:cooked_bass":20,"minecraft:bookshelf":18,"iceandfire:armor_copper_metal_boots":1,"minecraft:iron_boots":1,"iceandfire:armor_copper_metal_chestplate":1,"minecraft:chest":4,"minecraft:birch_door":3,"minecraft:golden_sword":2,"minecraft:wooden_shovel":1,"dungeonnowloading:spawner_frame":6,"minecraft:crafting_table":8,"minecraft:iron_helmet":2,"minecraft:wooden_pickaxe":1,"minecraft:copper_ingot":20,"minecraft:gold_block":2,"minecraft:birch_planks":156,"spellbladenext:arcane_claymore":2,"minecraft:iron_chestplate":1,"minecraft:charcoal":1,"archers:rapid_crossbow":1,"minecraft:shield":2,"minecraft:stick":64,"minecraft:iron_pickaxe":1,"minecraft:iron_ingot":145,"minecraft:stone_sword":1,"minecraft:gold_ingot":34,"extraspellattributes:nonbelieversamulet":1,"assortedtools:amethyst_leggings":1,"vc_gliders:reinforced_paper_iron":3,"minecraft:fishing_rod":4,"minecraft:tripwire_hook":2,"assortedtools:copper_leggings":1,"minecraft:furnace":6,"minecraft:bone_meal":39,"vc_gliders:paraglider_iron":1,"minecraft:polished_diorite":4,"minecraft:stone_pickaxe":5,"minecraft:wheat":198,"archers:royal_longbow":1,"minecraft:cooked_cod":83,"vc_gliders:reinforced_paper":3,"minecraft:enchanting_table":1,"minecraft:dried_kelp":24,"minecraft:iron_sword":2,"minecraft:cooked_salmon":31,"minecraft:bucket":1,"minecraft:stone_axe":1,"minecraft:acacia_boat":1,"minecraft:bread":81,"minecraft:air":0,"minecraft:gold_nugget":9,"minecraft:iron_shovel":1,"minecraft:iron_leggings":1,"spell_engine:spell_binding":1,"minecraft:acacia_planks":276,"minecraft:torch":64}},"DataVersion":3465}