{"stats":{"minecraft:mined":{"dungeonnowloading:spikes":8,"minecraft:dark_oak_planks":1,"minecraft:large_amethyst_bud":3,"minecraft:spruce_planks":9,"minecraft:sculk_vein":5,"minecraft:spruce_trapdoor":3,"minecraft:granite":4,"minecraft:budding_amethyst":3,"minecraft:stone_brick_wall":3,"minecraft:grass_block":15,"clutter:deepslate_silver_ore":7,"minecraft:deepslate_bricks":1,"minecraft:spawner":11,"minecraft:chiseled_stone_bricks":1,"minecraft:smooth_stone":7,"minecraft:tall_seagrass":3,"minecraft:glowstone":1,"minecraft:sculk_catalyst":1,"minecraft:iron_ore":30,"minecraft:fire":7,"minecraft:fletching_table":1,"minecraft:deepslate_lapis_ore":5,"dungeonnowloading:wooden_wall_rack":1,"minecraft:spruce_pressure_plate":2,"minecraft:deepslate_redstone_ore":3,"minecraft:kelp_plant":5,"minecraft:medium_amethyst_bud":3,"minecraft:amethyst_cluster":9,"minecraft:powder_snow":7,"dungeonnowloading:dungeon_wall_torch":1,"minecraft:torch":7,"minecraft:calcite":1,"minecraft:chest":2,"minecraft:cobblestone":20,"minecraft:damaged_anvil":1,"minecraft:bricks":3,"minecraft:wall_torch":4,"minecraft:amethyst_block":14,"minecraft:skeleton_skull":1,"dungeonnowloading:gold_ingot_pile":3,"minecraft:birch_log":35,"minecraft:wheat":2,"minecraft:jukebox":1,"minecraft:stone_brick_stairs":1,"minecraft:smooth_stone_slab":2,"minecraft:grass":5,"dungeonnowloading:explosive_barrel":30,"dungeonnowloading:wooden_wall_platform":2,"minecraft:dirt":45,"minecraft:deepslate":82,"minecraft:diamond_ore":7,"minecraft:tuff":17,"iceandfire:silver_ore":5,"minecraft:mossy_cobblestone":7,"minecraft:deepslate_diamond_ore":2,"minecraft:glow_lichen":1,"minecraft:spruce_fence":1,"minecraft:decorated_pot":7,"minecraft:brick_stairs":2,"dungeonnowloading:book_pile":1,"minecraft:spruce_leaves":4,"minecraft:moss_block":1,"minecraft:kelp":8,"minecraft:hay_block":19,"minecraft:redstone_ore":5,"minecraft:acacia_wood":69,"minecraft:andesite":1,"minecraft:peony":1,"minecraft:bookshelf":18,"minecraft:deepslate_iron_ore":24,"minecraft:vine":1,"minecraft:stone":148,"dungeonnowloading:mossy_cobblestone_pebbles":2,"minecraft:snow_block":6,"minecraft:brick_wall":1,"minecraft:stone_brick_slab":2,"minecraft:oak_fence":1,"minecraft:crafting_table":4,"minecraft:sculk_sensor":4,"minecraft:copper_ore":15,"minecraft:sculk":2,"minecraft:cracked_deepslate_bricks":2,"minecraft:diorite":22,"supplementaries:urn":5,"minecraft:spruce_stairs":3,"minecraft:birch_planks":5,"minecraft:red_terracotta":11,"minecraft:birch_leaves":15,"minecraft:coal_ore":78,"minecraft:gravel":65,"minecraft:terracotta":15,"minecraft:acacia_planks":2,"minecraft:spruce_fence_gate":1,"minecraft:stone_bricks":22,"minecraft:mossy_stone_bricks":31,"minecraft:gold_ore":6,"dungeonnowloading:iron_ingot_pile":4},"minecraft:picked_up":{"minecraft:birch_door":3,"minecraft:wheat":3,"minecraft:diamond_sword":2,"minecraft:lead":1,"minecraft:oak_stairs":2,"minecraft:amethyst_block":13,"minecraft:string":12,"minecraft:raw_copper":60,"minecraft:smooth_stone_slab":6,"universal_graves:grave_compass":3,"minecraft:cobbled_deepslate":54,"minecraft:smooth_stone":3,"minecraft:spruce_planks":9,"minecraft:rose_bush":1,"dungeonnowloading:mossy_cobblestone_pebble":13,"minecraft:calcite":1,"minecraft:wooden_shovel":2,"supplementaries:pancake":16,"minecraft:tipped_arrow":5,"minecraft:spruce_pressure_plate":2,"minecraft:stick":16,"minecraft:jukebox":1,"minecraft:torch":26,"minecraft:brick_wall":1,"minecraft:spruce_stairs":3,"minecraft:porkchop":5,"minecraft:netherite_shovel":1,"minecraft:music_disc_pigstep":3,"minecraft:diorite":22,"minecraft:rabbit_foot":1,"minecraft:blue_stained_glass":1,"minecraft:rotten_flesh":81,"minecraft:red_tulip":1,"minecraft:iron_block":1,"supplementaries:ash":4,"minecraft:cod":8,"minecraft:snowball":55,"minecraft:cobblestone":214,"minecraft:birch_log":36,"minecraft:pink_petals":32,"minecraft:feather":10,"minecraft:lilac":2,"minecraft:cherry_leaves":1,"minecraft:water_bucket":1,"minecraft:andesite":1,"rogues:rogue_armor_head":1,"minecraft:flint":6,"minecraft:tuff":7,"dungeonnowloading:spawner_helmet":1,"minecraft:dirt":73,"minecraft:lapis_lazuli":30,"minecraft:bone":46,"minecraft:acacia_planks":44,"minecraft:bow":4,"minecraft:wheat_seeds":337,"minecraft:raw_gold":8,"minecraft:fletching_table":1,"minecraft:mossy_stone_bricks":18,"minecraft:glowstone_dust":3,"minecraft:oak_planks":2,"dungeonnowloading:spawner_boots":1,"minecraft:music_disc_13":1,"minecraft:grass_block":6,"dungeonnowloading:wooden_wall_rack":1,"minecraft:mossy_cobblestone":5,"minecraft:red_terracotta":9,"minecraft:bundle":1,"minecraft:spruce_fence_gate":2,"minecraft:diamond":10,"minecraft:granite":4,"minecraft:bone_meal":1,"minecraft:chainmail_helmet":1,"minecraft:bread":1,"minecraft:bricks":3,"minecraft:oak_leaves":1,"iceandfire:raw_silver":5,"minecraft:diamond_pickaxe":1,"minecraft:crafting_table":4,"dungeonnowloading:spawner_leggings":1,"dungeonnowloading:cobblestone_pebble":7,"minecraft:stone_brick_wall":3,"travelersbackpack:sandstone":1,"dungeonnowloading:spawner_fragment":44,"clutter:raw_silver":21,"minecraft:candle":3,"minecraft:chest":2,"minecraft:birch_sapling":11,"minecraft:spruce_trapdoor":3,"minecraft:raw_iron":54,"minecraft:stone":1,"minecraft:spruce_fence":2,"minecraft:flowering_azalea_leaves":1,"minecraft:redstone":36,"minecraft:dark_oak_planks":1,"dungeonnowloading:spawner_chestplate":1,"minecraft:arrow":78,"minecraft:decorated_pot":5,"minecraft:peony":3,"minecraft:hay_block":22,"minecraft:cracked_deepslate_bricks":1,"minecraft:saddle":3,"minecraft:gold_ingot":9,"minecraft:brick_stairs":2,"minecraft:skeleton_skull":1,"minecraft:tripwire_hook":6,"minecraft:salmon":8,"minecraft:leather":10,"minecraft:acacia_wood":69,"minecraft:birch_planks":31,"doggytalents:rice_grains":3,"minecraft:oak_log":1,"minecraft:gunpowder":36,"minecraft:deepslate_tile_slab":1,"naturalist:bass":20,"minecraft:stone_bricks":14,"minecraft:kelp":30,"minecraft:music_disc_far":1,"minecraft:iron_ingot":16,"minecraft:iron_sword":1,"minecraft:music_disc_chirp":1,"minecraft:book":55,"minecraft:oak_slab":1,"minecraft:chiseled_stone_bricks":1,"minecraft:stone_brick_slab":1,"minecraft:gravel":54,"minecraft:amethyst_shard":38,"naturalist:cooked_bass":8,"minecraft:spider_eye":3,"minecraft:chainmail_leggings":1,"minecraft:diamond_axe":1,"minecraft:terracotta":15,"minecraft:damaged_anvil":1,"minecraft:coal":79},"minecraft:broken":{"minecraft:wooden_shovel":1,"minecraft:chainmail_boots":1,"minecraft:stone_pickaxe":1,"minecraft:chainmail_helmet":1,"minecraft:shield":2,"minecraft:iron_helmet":1},"minecraft:dropped":{"minecraft:iron_sword":2,"minecraft:candle":1,"minecraft:birch_planks":26,"minecraft:diamond_axe":1,"minecraft:diamond":1,"minecraft:crafting_table":3,"minecraft:decorated_pot":2,"minecraft:cod":37,"minecraft:flint":1,"minecraft:dirt":53,"minecraft:snowball":59,"minecraft:amethyst_shard":3,"minecraft:dark_oak_planks":1,"assortedtools:copper_leggings":1,"minecraft:bone":2,"minecraft:gravel":17,"minecraft:stone_axe":1,"minecraft:cobbled_deepslate":5,"dungeonnowloading:wooden_wall_rack":1,"minecraft:birch_sapling":2,"minecraft:rotten_flesh":60,"dungeonnowloading:mossy_cobblestone_pebble":8,"universal_graves:grave_compass":7,"minecraft:carrot":4,"minecraft:rabbit_foot":67,"minecraft:chiseled_stone_bricks":1,"rogues:rogue_armor_head":1,"minecraft:skeleton_skull":1,"minecraft:charcoal":1,"minecraft:spruce_pressure_plate":2,"minecraft:stone_brick_wall":3,"minecraft:birch_door":6,"doggytalents:rice_grains":2,"minecraft:arrow":1,"minecraft:oak_leaves":1,"minecraft:bread":27,"minecraft:wheat_seeds":66,"minecraft:lilac":1,"minecraft:mossy_cobblestone":3,"minecraft:cobblestone":45,"minecraft:copper_ingot":1,"minecraft:deepslate_tile_slab":1,"minecraft:chainmail_helmet":1,"minecraft:grass_block":3,"minecraft:golden_apple":1,"minecraft:stick":5,"minecraft:spruce_fence_gate":2,"supplementaries:pancake":48,"minecraft:diorite":3,"minecraft:torch":1,"minecraft:cooked_salmon":4,"minecraft:iron_axe":1,"minecraft:smooth_stone":3,"minecraft:chainmail_leggings":1,"minecraft:string":3,"minecraft:tripwire_hook":6,"minecraft:acacia_planks":42,"minecraft:stone_brick_slab":1,"minecraft:brick_wall":1,"minecraft:smooth_stone_slab":2,"minecraft:tuff":3,"naturalist:cooked_bass":2,"minecraft:spruce_fence":1,"minecraft:diamond_sword":1,"minecraft:peony":3,"minecraft:spruce_trapdoor":3,"minecraft:spruce_planks":2,"minecraft:mossy_stone_bricks":4,"minecraft:wooden_shovel":2,"minecraft:spider_eye":1,"minecraft:stone_bricks":1,"minecraft:bow":2,"minecraft:stone_pickaxe":1,"minecraft:wooden_pickaxe":2,"minecraft:calcite":1},"minecraft:killed_by":{"minecraft:creeper":2,"minecraft:drowned":1,"minecraft:zombie":6,"minecraft:skeleton":3},"minecraft:custom":{"minecraft:animals_bred":1,"minecraft:interact_with_crafting_table":50,"minecraft:open_barrel":119,"minecraft:leave_game":3,"minecraft:time_since_death":21800,"minecraft:sprint_one_cm":700183,"minecraft:damage_blocked_by_shield":6075,"minecraft:drop":179,"minecraft:play_time":437874,"minecraft:deaths":15,"minecraft:jump":3907,"minecraft:interact_with_brewingstand":1,"minecraft:walk_on_water_one_cm":124269,"minecraft:interact_with_furnace":59,"minecraft:play_record":6,"minecraft:damage_dealt":16292,"minecraft:player_kills":1,"minecraft:crouch_one_cm":255184,"minecraft:mob_kills":139,"minecraft:damage_dealt_resisted":76,"minecraft:climb_one_cm":6870,"minecraft:walk_one_cm":1336635,"minecraft:damage_dealt_absorbed":36,"minecraft:sneak_time":79546,"minecraft:walk_under_water_one_cm":126597,"minecraft:boat_one_cm":46811,"minecraft:total_world_time":437874,"minecraft:hex":0,"minecraft:time_since_rest":21832,"minecraft:damage_taken":9779,"minecraft:damage_absorbed":120,"minecraft:swim_one_cm":241542,"minecraft:fly_one_cm":1214054,"minecraft:open_chest":85,"minecraft:fall_one_cm":51722},"minecraft:killed":{"minecraft:cave_spider":5,"iceandfire:hippogryph":2,"graveyard:skeleton_creeper":1,"minecraft:spider":6,"minecraft:cod":6,"naturalist:boar":1,"minecraft:skeleton":36,"minecraft:bee":3,"majruszsdifficulty:creeperling":1,"minecraft:salmon":9,"minecraft:creeper":1,"minecraft:zombie":32,"minecraft:stray":1,"iceandfire:fire_dragon":1,"naturalist:bass":23,"minecraft:drowned":3,"minecraft:husk":1,"minecraft:player":1},"minecraft:used":{"minecraft:music_disc_far":1,"iceandfire:spawn_egg_ice_dragon":3,"minecraft:decorated_pot":2,"minecraft:chest":6,"minecraft:shield":69,"minecraft:stone":1,"minecraft:iron_sword":107,"minecraft:blue_stained_glass":1,"minecraft:carrot":6,"naturalist:cooked_bass":26,"iceandfire:spawn_egg_fire_dragon":1,"minecraft:tuff":4,"minecraft:music_disc_13":1,"minecraft:snowball":23,"minecraft:music_disc_pigstep":3,"minecraft:quartz_slab":11,"minecraft:lantern":107,"minecraft:grass_block":163,"minecraft:quartz_block":136,"minecraft:music_disc_chirp":1,"minecraft:cherry_leaves":311,"minecraft:stone_bricks":9,"minecraft:bow":61,"minecraft:furnace":6,"minecraft:cooked_cod":6,"simplyswords:ribboncleaver":18,"minecraft:mossy_stone_bricks":12,"minecraft:stone_pickaxe":442,"minecraft:oak_planks":289,"minecraft:wooden_pickaxe":18,"minecraft:chainmail_helmet":1,"spell_engine:spell_binding":1,"minecraft:oak_leaves":7,"minecraft:golden_apple":5,"minecraft:crossbow":20,"minecraft:bread":54,"minecraft:gravel":4,"minecraft:diamond_sword":76,"iceandfire:spawn_egg_hippogryph":2,"minecraft:andesite":1,"minecraft:bone_meal":1,"minecraft:oak_fence":62,"spellbladenext:voidforge":9,"minecraft:stone_sword":112,"minecraft:cracked_deepslate_bricks":1,"minecraft:dried_kelp":55,"minecraft:wooden_shovel":101,"minecraft:cooked_salmon":2,"minecraft:torch":120,"minecraft:dirt":62,"minecraft:chainmail_chestplate":1,"minecraft:birch_door":1,"minecraft:bookshelf":18,"minecraft:oak_stairs":180,"minecraft:iron_axe":6,"assortedtools:amethyst_chestplate":1,"minecraft:golden_carrot":1,"minecraft:cobbled_deepslate":49,"minecraft:acacia_planks":61,"minecraft:wheat_seeds":8,"minecraft:water_bucket":162,"minecraft:birch_planks":29,"minecraft:birch_boat":1,"minecraft:mossy_cobblestone":2,"minecraft:terracotta":15,"minecraft:oak_slab":84,"minecraft:crafting_table":9,"minecraft:cod":13,"minecraft:oak_log":43,"archers:rapid_crossbow":29,"minecraft:diamond_pickaxe":1,"minecraft:apple":2,"minecraft:iron_pickaxe":220,"minecraft:map":1,"spellbladenext:starforge":1,"minecraft:stone_axe":88,"minecraft:cobblestone":85,"minecraft:jukebox":4,"minecraft:chainmail_leggings":1},"minecraft:crafted":{"assortedtools:amethyst_chestplate":1,"minecraft:birch_boat":1,"minecraft:bookshelf":18,"naturalist:cooked_bass":20,"iceandfire:armor_copper_metal_boots":1,"iceandfire:armor_copper_metal_chestplate":1,"minecraft:chest":4,"minecraft:birch_door":3,"minecraft:wooden_shovel":1,"dungeonnowloading:spawner_frame":6,"minecraft:crafting_table":8,"minecraft:wooden_pickaxe":1,"minecraft:iron_helmet":1,"minecraft:copper_ingot":20,"minecraft:birch_planks":136,"minecraft:charcoal":1,"archers:rapid_crossbow":1,"minecraft:shield":2,"minecraft:stick":56,"minecraft:iron_ingot":34,"minecraft:iron_pickaxe":1,"minecraft:stone_sword":1,"assortedtools:amethyst_leggings":1,"minecraft:tripwire_hook":2,"assortedtools:copper_leggings":1,"minecraft:furnace":6,"minecraft:polished_diorite":4,"minecraft:stone_pickaxe":5,"minecraft:wheat":198,"minecraft:cooked_cod":6,"minecraft:dried_kelp":24,"minecraft:iron_sword":2,"minecraft:cooked_salmon":6,"minecraft:stone_axe":1,"minecraft:bread":81,"minecraft:air":0,"spell_engine:spell_binding":1,"minecraft:acacia_planks":276,"minecraft:torch":64}},"DataVersion":3465}