{"stats":{"minecraft:mined":{"iceandfire:silver_ore":5,"minecraft:kelp_plant":5,"minecraft:torch":3,"minecraft:crafting_table":1,"minecraft:copper_ore":15,"minecraft:kelp":8,"minecraft:iron_ore":1,"minecraft:birch_log":22,"minecraft:birch_leaves":2,"minecraft:grass":1,"minecraft:coal_ore":64,"minecraft:stone":47},"minecraft:custom":{"minecraft:interact_with_furnace":35,"minecraft:mob_kills":41,"minecraft:animals_bred":1,"minecraft:play_record":6,"minecraft:interact_with_crafting_table":17,"minecraft:leave_game":2,"minecraft:time_since_death":24959,"minecraft:hex":0,"minecraft:time_since_rest":24994,"minecraft:sprint_one_cm":143135,"minecraft:damage_taken":1721,"minecraft:walk_one_cm":380970,"minecraft:damage_blocked_by_shield":180,"minecraft:drop":33,"minecraft:damage_dealt":5425,"minecraft:swim_one_cm":67939,"minecraft:fly_one_cm":846885,"minecraft:open_chest":4,"minecraft:crouch_one_cm":63489,"minecraft:play_time":176065,"minecraft:deaths":4,"minecraft:sneak_time":20517,"minecraft:walk_under_water_one_cm":45984,"minecraft:boat_one_cm":46811,"minecraft:jump":1169,"minecraft:walk_on_water_one_cm":42382,"minecraft:total_world_time":176065,"minecraft:fall_one_cm":6750},"minecraft:killed":{"minecraft:husk":1,"iceandfire:hippogryph":2,"graveyard:skeleton_creeper":1,"minecraft:salmon":5,"minecraft:spider":2,"minecraft:cod":6,"naturalist:boar":1,"minecraft:skeleton":1,"minecraft:zombie":6,"iceandfire:fire_dragon":1,"minecraft:bee":3,"naturalist:bass":9,"minecraft:drowned":3},"minecraft:picked_up":{"minecraft:birch_log":23,"minecraft:pink_petals":32,"minecraft:crafting_table":1,"minecraft:feather":10,"minecraft:lilac":1,"dungeonnowloading:spawner_leggings":1,"minecraft:cherry_leaves":1,"minecraft:water_bucket":1,"minecraft:salmon":4,"minecraft:leather":10,"minecraft:lead":1,"minecraft:oak_stairs":2,"doggytalents:rice_grains":1,"minecraft:oak_log":1,"minecraft:string":2,"minecraft:dirt":4,"dungeonnowloading:spawner_helmet":1,"minecraft:raw_copper":60,"naturalist:bass":7,"minecraft:bone":1,"minecraft:kelp":30,"minecraft:wheat_seeds":326,"minecraft:music_disc_far":1,"minecraft:rose_bush":1,"minecraft:birch_sapling":11,"minecraft:oak_planks":2,"minecraft:music_disc_chirp":1,"supplementaries:pancake":16,"minecraft:oak_slab":1,"minecraft:stick":11,"minecraft:raw_iron":1,"minecraft:stone":1,"minecraft:music_disc_13":1,"dungeonnowloading:spawner_boots":1,"minecraft:torch":4,"minecraft:flowering_azalea_leaves":1,"minecraft:porkchop":5,"minecraft:netherite_shovel":1,"minecraft:music_disc_pigstep":3,"minecraft:grass_block":6,"minecraft:spider_eye":2,"naturalist:cooked_bass":8,"minecraft:rabbit_foot":1,"minecraft:blue_stained_glass":1,"minecraft:arrow":1,"dungeonnowloading:spawner_chestplate":1,"minecraft:rotten_flesh":4,"minecraft:iron_block":1,"minecraft:red_tulip":1,"minecraft:bone_meal":1,"minecraft:saddle":3,"minecraft:coal":65,"minecraft:cod":8,"minecraft:oak_leaves":1,"iceandfire:raw_silver":5,"minecraft:cobblestone":48},"minecraft:killed_by":{"minecraft:creeper":1,"minecraft:drowned":1},"minecraft:used":{"minecraft:oak_fence":62,"minecraft:music_disc_far":1,"minecraft:water_bucket":162,"minecraft:stone_sword":58,"spellbladenext:voidforge":9,"iceandfire:spawn_egg_ice_dragon":3,"minecraft:stone_pickaxe":129,"minecraft:dried_kelp":6,"minecraft:oak_planks":289,"minecraft:shield":3,"minecraft:birch_boat":1,"minecraft:wooden_pickaxe":3,"minecraft:stone":1,"minecraft:oak_leaves":7,"minecraft:torch":31,"minecraft:oak_slab":84,"minecraft:crafting_table":3,"minecraft:blue_stained_glass":1,"naturalist:cooked_bass":14,"minecraft:cod":13,"iceandfire:spawn_egg_fire_dragon":1,"minecraft:music_disc_13":1,"minecraft:oak_log":43,"minecraft:music_disc_pigstep":3,"minecraft:quartz_slab":11,"minecraft:lantern":107,"minecraft:grass_block":163,"minecraft:oak_stairs":180,"minecraft:quartz_block":136,"minecraft:music_disc_chirp":1,"minecraft:cherry_leaves":311,"spellbladenext:starforge":1,"minecraft:diamond_sword":11,"minecraft:furnace":3,"minecraft:cooked_cod":2,"iceandfire:spawn_egg_hippogryph":2,"simplyswords:ribboncleaver":18,"minecraft:jukebox":4,"minecraft:bone_meal":1},"minecraft:dropped":{"minecraft:wheat_seeds":64,"naturalist:cooked_bass":1,"minecraft:carrot":4,"minecraft:grass_block":3,"minecraft:rabbit_foot":67,"minecraft:cod":37,"minecraft:dirt":1,"supplementaries:pancake":48,"minecraft:cooked_salmon":2,"minecraft:oak_leaves":1},"minecraft:crafted":{"minecraft:cooked_cod":6,"minecraft:wooden_shovel":1,"minecraft:crafting_table":2,"minecraft:dried_kelp":24,"minecraft:wooden_pickaxe":1,"minecraft:birch_boat":1,"minecraft:furnace":3,"assortedtools:copper_leggings":1,"minecraft:cooked_salmon":2,"minecraft:copper_ingot":20,"minecraft:birch_planks":68,"naturalist:cooked_bass":7,"minecraft:bread":7,"minecraft:air":0,"iceandfire:armor_copper_metal_boots":1,"minecraft:charcoal":1,"minecraft:shield":1,"iceandfire:armor_copper_metal_chestplate":1,"minecraft:stick":12,"minecraft:iron_ingot":1,"minecraft:stone_pickaxe":1,"minecraft:stone_sword":1,"minecraft:torch":12}},"DataVersion":3465}