{"stats":{"minecraft:broken":{"iceandfire:tide_red_leggings":1,"minecraft:wooden_shovel":1,"assortedtools:amethyst_leggings":1,"minecraft:iron_boots":2,"majruszsdifficulty:tattered_leggings":1,"minecraft:iron_chestplate":1,"minecraft:iron_leggings":1,"minecraft:chainmail_boots":1,"minecraft:chainmail_leggings":1,"minecraft:chainmail_helmet":1,"minecraft:shield":2,"minecraft:iron_helmet":2,"minecraft:stone_pickaxe":1,"minecraft:chainmail_chestplate":1,"assortedtools:amethyst_chestplate":1,"iceandfire:tide_red_helmet":2,"iceandfire:armor_green_boots":1,"iceandfire:tide_red_boots":1,"minecraft:leather_boots":1,"majruszsdifficulty:tattered_chestplate":1,"iceandfire:armor_copper_metal_boots":1},"minecraft:killed_by":{"iceandfire:siren":1,"minecraft:zombie":9,"minecraft:vex":2,"minecraft:husk":1,"minecraft:stray":2,"minecraft:zombified_piglin":1,"minecraft:creeper":4,"minecraft:drowned":2,"graveyard:skeleton_creeper":1,"iceandfire:sea_serpent":2,"creeperoverhaul:ocean_creeper":1,"iceandfire:ice_dragon":1,"majruszsdifficulty:cerberus":1,"iceandfire:fire_dragon":5,"majruszsdifficulty:tank":1,"dungeonnowloading:chaos_spawner":1,"minecraft:skeleton":6,"iceandfire:lightning_dragon":2,"illagerinvasion:marauder":1,"iceandfire:myrmex_sentinel":1},"minecraft:custom":{"minecraft:interact_with_crafting_table":127,"minecraft:open_barrel":146,"goblintraders:trade_with_goblin":69,"minecraft:eat_cake_slice":1,"minecraft:leave_game":20,"minecraft:time_since_death":11856,"minecraft:damage_blocked_by_shield":6075,"minecraft:play_time":2001610,"minecraft:deaths":51,"minecraft:jump":18071,"minecraft:enchant_item":7,"minecraft:interact_with_furnace":152,"minecraft:play_record":9,"minecraft:traded_with_villager":151,"minecraft:sleep_in_bed":11,"minecraft:damage_dealt":72490,"minecraft:interact_with_smoker":7,"minecraft:interact_with_anvil":29,"minecraft:inspect_hopper":6,"minecraft:damage_dealt_absorbed":36,"minecraft:sneak_time":274512,"minecraft:interact_with_blast_furnace":7,"minecraft:total_world_time":2001610,"minecraft:tune_noteblock":1016,"minecraft:time_since_rest":11879,"minecraft:swim_one_cm":696489,"minecraft:fly_one_cm":3020143,"minecraft:open_chest":891,"minecraft:fish_caught":824,"minecraft:fall_one_cm":350538,"minecraft:animals_bred":1,"minecraft:sprint_one_cm":1955113,"minecraft:drop":420,"minecraft:play_noteblock":3,"minecraft:talked_to_villager":45,"minecraft:interact_with_brewingstand":1,"minecraft:walk_on_water_one_cm":498942,"minecraft:player_kills":5,"minecraft:crouch_one_cm":983227,"minecraft:mob_kills":723,"minecraft:damage_dealt_resisted":2642,"minecraft:climb_one_cm":19468,"minecraft:walk_one_cm":5116755,"minecraft:walk_under_water_one_cm":570870,"minecraft:boat_one_cm":160604,"minecraft:hex":0,"minecraft:damage_taken":39689,"minecraft:damage_absorbed":925,"minecraft:trigger_trapped_chest":7},"minecraft:killed":{"minecraft:cave_spider":5,"iceandfire:hippogryph":2,"minecraft:cod":19,"naturalist:boar":2,"minecraft:skeleton":155,"minecraft:guardian":4,"minecraft:chicken":6,"majruszsdifficulty:creeperling":4,"minecraft:magma_cube":1,"naturalist:firefly":1,"minecraft:salmon":25,"majruszsdifficulty:tank":5,"minecraft:pillager":9,"minecraft:zombie":176,"iceandfire:sea_serpent":7,"graveyard:nightmare":1,"minecraft:vindicator":8,"majruszsdifficulty:illusioner":1,"illagerinvasion:marauder":1,"iceandfire:siren":7,"dungeonnowloading:chaos_spawner":2,"minecraft:husk":38,"majruszsdifficulty:cursed_armor":2,"whisperwoods:zotzpyre":1,"mutantmonsters:creeper_minion":1,"iceandfire:ghost":12,"iceandfire:ice_dragon":1,"minecraft:zombified_piglin":7,"graveyard:skeleton_creeper":4,"minecraft:spider":21,"creeperoverhaul:bamboo_creeper":1,"minecraft:bee":3,"minecraft:wolf":3,"minecraft:piglin":3,"minecraft:zombie_villager":4,"minecraft:creeper":14,"minecraft:stray":32,"minecraft:vex":4,"minecraft:phantom":3,"iceandfire:fire_dragon":3,"naturalist:bass":64,"minecraft:drowned":7,"majruszsdifficulty:cerberus":2,"minecraft:squid":2,"minecraft:wither_skeleton":19,"minecraft:player":5,"minecraft:villager":1},"minecraft:mined":{"dungeonnowloading:spikes":13,"dungeonnowloading:iron_ingot_pile":4,"minecraft:obsidian":19,"minecraft:granite":4,"minecraft:acacia_log":1,"minecraft:stone_brick_wall":3,"clutter:deepslate_silver_ore":7,"minecraft:jungle_log":1,"minecraft:deepslate_bricks":1,"minecraft:hopper":3,"minecraft:chiseled_stone_bricks":1,"minecraft:spawner":16,"minecraft:tall_seagrass":5,"minecraft:fire":47,"minecraft:cobbled_deepslate":1,"minecraft:deepslate_lapis_ore":11,"minecraft:fletching_table":7,"dungeonnowloading:wooden_wall_rack":1,"iceandfire:gold_pile":52,"minecraft:dirt_path":2,"minecraft:spruce_pressure_plate":2,"minecraft:stripped_mangrove_wood":2,"minecraft:tripwire":3,"minecraft:kelp_plant":41,"minecraft:smoker":3,"minecraft:amethyst_cluster":9,"minecraft:powder_snow":20,"minecraft:torch":8,"minecraft:note_block":3,"minecraft:blast_furnace":2,"farmersdelight:cabbages":1,"minecraft:damaged_anvil":2,"minecraft:bricks":3,"minecraft:amethyst_block":14,"minecraft:skeleton_skull":1,"minecraft:wheat":55,"minecraft:jukebox":3,"minecraft:stone_brick_stairs":1,"travelersbackpack:sandstone":5,"minecraft:grass":11,"dungeonnowloading:explosive_barrel":33,"minecraft:deepslate":93,"iceandfire:silver_ore":5,"minecraft:mossy_cobblestone":33,"minecraft:spruce_fence":2,"minecraft:redstone_wire":1,"minecraft:moss_block":2,"minecraft:kelp":18,"minecraft:redstone_ore":5,"minecraft:acacia_wood":70,"minecraft:andesite":1,"minecraft:cobblestone_slab":4,"minecraft:vine":6,"iceandfire:frost_lily":1,"dungeonnowloading:mossy_cobblestone_pebbles":3,"minecraft:stone_brick_slab":2,"minecraft:emerald_ore":3,"minecraft:copper_ore":16,"minecraft:tall_grass":5,"minecraft:deepslate_gold_ore":1,"minecraft:cracked_deepslate_bricks":2,"minecraft:diorite":22,"minecraft:red_terracotta":11,"minecraft:coarse_dirt":1,"minecraft:spruce_log":2,"minecraft:birch_leaves":26,"minecraft:gravel":65,"minecraft:acacia_planks":3,"minecraft:spruce_fence_gate":1,"minecraft:stone_bricks":39,"minecraft:gold_ore":32,"minecraft:iron_trapdoor":2,"minecraft:large_amethyst_bud":3,"minecraft:spruce_planks":9,"minecraft:sculk_vein":17,"minecraft:cobblestone_stairs":4,"minecraft:brewing_stand":1,"minecraft:spruce_trapdoor":3,"minecraft:budding_amethyst":3,"minecraft:grass_block":106,"minecraft:smooth_stone":10,"minecraft:glowstone":1,"minecraft:sculk_catalyst":3,"minecraft:iron_ore":81,"minecraft:spruce_slab":1,"archers:archers_workbench":1,"minecraft:deepslate_redstone_ore":3,"graveyard:middle_bone_staff":1,"supplementaries:book_pile":1,"minecraft:medium_amethyst_bud":3,"dungeonnowloading:dungeon_wall_torch":1,"minecraft:calcite":8,"minecraft:chest":27,"minecraft:nether_quartz_ore":127,"minecraft:cobblestone":55,"graveyard:lying_skeleton":1,"minecraft:iron_door":2,"minecraft:wall_torch":6,"minecraft:seagrass":3,"dungeonnowloading:gold_ingot_pile":5,"minecraft:birch_log":129,"minecraft:smooth_stone_slab":2,"dungeonnowloading:wooden_wall_platform":2,"minecraft:dirt":132,"minecraft:tripwire_hook":2,"minecraft:netherrack":110,"minecraft:oak_leaves":2,"minecraft:nether_gold_ore":5,"minecraft:diamond_ore":9,"minecraft:tuff":17,"minecraft:deepslate_diamond_ore":2,"minecraft:glow_lichen":3,"minecraft:decorated_pot":8,"minecraft:brick_stairs":2,"dungeonnowloading:book_pile":1,"minecraft:spruce_leaves":20,"minecraft:large_fern":1,"minecraft:hay_block":19,"minecraft:furnace":2,"minecraft:heavy_weighted_pressure_plate":1,"minecraft:carrots":15,"minecraft:stripped_spruce_log":3,"minecraft:peony":1,"minecraft:bookshelf":18,"minecraft:deepslate_iron_ore":24,"minecraft:stone":455,"minecraft:podzol":1,"minecraft:snow_block":7,"minecraft:brick_wall":1,"minecraft:oak_fence":15,"minecraft:crafting_table":6,"minecraft:sculk_sensor":9,"minecraft:lily_pad":1,"minecraft:sculk":4,"supplementaries:urn":5,"minecraft:spruce_stairs":3,"minecraft:birch_planks":54,"spell_engine:spell_binding":1,"minecraft:coal_ore":91,"graveyard:leaning_skeleton":1,"minecraft:cracked_stone_bricks":5,"minecraft:terracotta":15,"minecraft:polished_andesite":2,"minecraft:mossy_stone_bricks":41,"minecraft:birch_fence":8,"minecraft:dark_oak_planks":1},"minecraft:picked_up":{"minecraft:birch_door":5,"minecraft:suspicious_stew":1,"minecraft:prismarine_shard":9,"minecraft:lead":1,"minecraft:diamond_sword":2,"minecraft:oak_stairs":2,"minecraft:enchanted_book":24,"minecraft:brewing_stand":1,"minecraft:amethyst_block":26,"minecraft:string":218,"minecraft:cooked_salmon":45,"minecraft:pufferfish":101,"minecraft:beetroot":6,"minecraft:gold_nugget":655,"minecraft:cobbled_deepslate":57,"assortedtools:pokeball":45,"minecraft:spruce_planks":9,"minecraft:diamond_ore":1,"minecraft:spruce_pressure_plate":2,"minecraft:jukebox":4,"minecraft:acacia_log":1,"minecraft:brick_wall":1,"iceandfire:lightning_dragon_flesh":4,"minecraft:golden_chestplate":2,"minecraft:rabbit_foot":1,"minecraft:stone_sword":1,"minecraft:tropical_fish":18,"minecraft:red_tulip":1,"iceandfire:fire_dragon_heart":4,"minecraft:iron_block":1,"supplementaries:ash":23,"supplementaries:quiver":3,"majruszsdifficulty:undead_army_treasure_bag":2,"minecraft:snowball":67,"minecraft:birch_log":133,"minecraft:cooked_beef":3,"minecraft:feather":27,"minecraft:iron_door":2,"minecraft:cherry_leaves":1,"minecraft:water_bucket":1,"minecraft:jungle_log":1,"rogues:rogue_armor_head":1,"minecraft:smoker":3,"minecraft:flint":13,"farmersdelight:tomato":13,"minecraft:glowstone_dust":6,"minecraft:moss_block":1,"minecraft:honeycomb":5,"dungeonnowloading:spawner_frame":10,"dungeonnowloading:spawner_boots":1,"iceandfire:dragonscales_sapphire":24,"iceandfire:dragon_skull_fire":9,"iceandfire:shiny_scales":25,"minecraft:stripped_spruce_log":3,"minecraft:ink_sac":41,"iceandfire:lightning_dragon_heart":1,"naturalist:duck_egg":1,"minecraft:red_terracotta":18,"minecraft:bundle":2,"minecraft:polished_andesite":3,"minecraft:deepslate":7,"minecraft:granite":4,"minecraft:chainmail_helmet":1,"minecraft:bread":14,"minecraft:bricks":6,"iceandfire:raw_silver":11,"minecraft:diamond_pickaxe":1,"iceandfire:dragon_skull_lightning":7,"minecraft:coarse_dirt":1,"minecraft:crafting_table":6,"iceandfire:witherbone":2,"minecraft:leather_leggings":1,"travelersbackpack:sandstone":6,"minecraft:heavy_weighted_pressure_plate":2,"iceandfire:sea_serpent_scales_blue":12,"minecraft:compass":1,"dungeonnowloading:spawner_fragment":114,"iceandfire:ghost_ingot":2,"clutter:raw_silver":42,"minecraft:cracked_stone_bricks":7,"minecraft:iron_nugget":9,"minecraft:spruce_slab":1,"minecraft:chest":27,"minecraft:birch_sapling":23,"minecraft:egg":2,"minecraft:stone":7,"minecraft:spruce_fence":4,"minecraft:carrot":55,"minecraft:redstone":70,"minecraft:mangrove_trapdoor":1,"minecraft:prismarine_crystals":18,"iceandfire:dragon_skull_ice":4,"minecraft:cooked_cod":72,"minecraft:decorated_pot":6,"minecraft:peony":3,"iceandfire:dragonscales_silver":17,"minecraft:hay_block":25,"spell_engine:spell_binding":1,"minecraft:cracked_deepslate_bricks":1,"dungeonnowloading:skull_of_chaos":1,"minecraft:gold_ingot":54,"minecraft:totem_of_undying":1,"minecraft:mutton":2,"minecraft:white_wool":3,"minecraft:emerald_ore":2,"iceandfire:sea_serpent_fang":45,"minecraft:tripwire_hook":12,"minecraft:acacia_wood":70,"majruszsdifficulty:cloth":25,"doggytalents:rice_grains":3,"minecraft:oak_log":1,"minecraft:lily_pad":7,"minecraft:golden_boots":1,"minecraft:sculk_vein":9,"minecraft:paper":3,"minecraft:stone_bricks":29,"minecraft:kelp":170,"majruszsdifficulty:tattered_leggings":4,"minecraft:music_disc_far":1,"minecraft:iron_ore":14,"minecraft:cobweb":15,"majruszsdifficulty:angler_treasure_bag":1,"minecraft:iron_sword":2,"spellbladenext:arcane_claymore":2,"iceandfire:sea_serpent_scales_green":8,"minecraft:sculk":1,"minecraft:gravel":88,"clutter:small_lily_pads":5,"minecraft:spruce_log":2,"graveyard:middle_bone_staff":1,"naturalist:cooked_bass":44,"iceandfire:dragonscales_copper":7,"minecraft:diamond_shovel":1,"minecraft:slime_ball":1,"minecraft:scute":9,"archers:rapid_crossbow":1,"minecraft:diamond_axe":5,"iceandfire:ice_dragon_flesh":4,"minecraft:baked_potato":105,"minecraft:hopper":3,"minecraft:wheat":59,"minecraft:iron_trapdoor":2,"minecraft:potion":2,"travelersbackpack:spider":1,"travelersbackpack:emerald":1,"minecraft:raw_copper":66,"minecraft:smooth_stone_slab":6,"universal_graves:grave_compass":7,"minecraft:smooth_stone":6,"minecraft:comparator":2,"iceandfire:frost_lily":1,"minecraft:rose_bush":1,"minecraft:cobblestone_slab":4,"minecraft:calcite":6,"dungeonnowloading:mossy_cobblestone_pebble":16,"minecraft:wooden_shovel":2,"minecraft:iron_pickaxe":2,"iceandfire:dragonscales_red":8,"farmersdelight:cabbage_seeds":1,"supplementaries:pancake":16,"minecraft:furnace":2,"minecraft:tipped_arrow":58,"minecraft:stick":25,"minecraft:oak_fence":16,"minecraft:torch":38,"minecraft:spruce_stairs":3,"minecraft:porkchop":5,"minecraft:netherite_shovel":1,"minecraft:diorite":22,"minecraft:music_disc_pigstep":3,"minecraft:goat_horn":1,"minecraft:blue_stained_glass":1,"minecraft:rotten_flesh":199,"minecraft:music_disc_ward":1,"minecraft:leather_horse_armor":1,"minecraft:obsidian":18,"minecraft:cod":527,"minecraft:cobblestone":816,"minecraft:nautilus_shell":18,"minecraft:pink_petals":32,"minecraft:leather_chestplate":1,"archers:royal_longbow":1,"minecraft:lilac":3,"minecraft:repeater":3,"minecraft:andesite":1,"minecraft:potato":3,"minecraft:tuff":7,"supplementaries:flute":1,"minecraft:lapis_lazuli":99,"minecraft:dirt":292,"dungeonnowloading:spawner_helmet":1,"minecraft:name_tag":16,"minecraft:leather_boots":3,"minecraft:bone":241,"minecraft:acacia_planks":46,"minecraft:bow":12,"minecraft:wheat_seeds":511,"minecraft:raw_gold":45,"minecraft:mossy_stone_bricks":27,"minecraft:fletching_table":7,"minecraft:oak_planks":2,"minecraft:music_disc_13":4,"minecraft:poisonous_potato":2,"minecraft:grass_block":7,"dungeonnowloading:wooden_wall_rack":2,"minecraft:spectral_arrow":20,"minecraft:mossy_cobblestone":34,"minecraft:spruce_fence_gate":2,"clutter:copper_coin":10,"minecraft:diamond":31,"minecraft:crossbow":1,"minecraft:bone_meal":4,"minecraft:golden_apple":2,"minecraft:emerald":10,"iceandfire:tide_trident":5,"minecraft:oak_sapling":5,"minecraft:netherrack":89,"minecraft:oak_leaves":1,"minecraft:fishing_rod":21,"majruszsdifficulty:tattered_boots":3,"dungeonnowloading:spawner_leggings":1,"minecraft:chicken":4,"minecraft:ladder":2,"minecraft:turtle_helmet":1,"dungeonnowloading:cobblestone_pebble":27,"minecraft:stone_brick_wall":3,"minecraft:item_frame":2,"minecraft:birch_fence":6,"graveyard:corruption":3,"minecraft:candle":3,"minecraft:oak_boat":8,"minecraft:player_head":1,"vc_gliders:paraglider_iron":1,"minecraft:spruce_trapdoor":3,"minecraft:phantom_membrane":2,"iceandfire:ice_dragon_heart":2,"iceandfire:dragonscales_gray":5,"minecraft:stripped_mangrove_wood":2,"minecraft:raw_iron":128,"iceandfire:dragonbone":125,"iceandfire:dragonscales_green":58,"minecraft:bowl":4,"minecraft:flowering_azalea_leaves":1,"minecraft:note_block":3,"minecraft:stone_button":3,"minecraft:trident":1,"archers:archers_workbench":1,"minecraft:dark_oak_planks":3,"iceandfire:sea_serpent_scales_purple":40,"minecraft:arrow":249,"dungeonnowloading:spawner_chestplate":1,"minecraft:saddle":9,"majruszsdifficulty:cerberus_fang":6,"minecraft:brick_stairs":4,"minecraft:skeleton_skull":1,"dungeonnowloading:chaotic_hexahedron":1,"minecraft:golden_carrot":1,"minecraft:salmon":267,"clutter:giant_lily_pad":3,"minecraft:leather":74,"minecraft:birch_planks":102,"iceandfire:ectoplasm":1,"minecraft:gunpowder":50,"minecraft:cobblestone_stairs":4,"minecraft:deepslate_tile_slab":1,"naturalist:bass":23,"minecraft:iron_ingot":46,"minecraft:cooked_chicken":2,"minecraft:stripped_oak_wood":1,"iceandfire:fire_dragon_flesh":18,"minecraft:music_disc_chirp":1,"minecraft:book":58,"minecraft:sculk_catalyst":3,"minecraft:oak_slab":3,"minecraft:pumpkin":3,"minecraft:chiseled_stone_bricks":1,"minecraft:stone_brick_slab":1,"minecraft:quartz":208,"minecraft:amethyst_shard":51,"minecraft:blast_furnace":2,"dungeonnowloading:great_experience_bottle":5,"minecraft:gold_ore":7,"minecraft:spider_eye":6,"minecraft:spruce_door":1,"minecraft:sculk_sensor":3,"simplyskills:malevolent_manuscript":1,"minecraft:chainmail_leggings":1,"iceandfire:sea_serpent_scales_red":62,"minecraft:terracotta":15,"minecraft:damaged_anvil":2,"majruszsdifficulty:tattered_chestplate":6,"dungeonnowloading:soul_cloth":6,"minecraft:coal":178},"minecraft:crafted":{"minecraft:birch_boat":1,"minecraft:bookshelf":18,"naturalist:cooked_bass":20,"archers:composite_longbow":1,"iceandfire:armor_copper_metal_chestplate":1,"minecraft:iron_door":3,"minecraft:birch_door":3,"dungeonnowloading:scepter_of_sealed_chaos":1,"minecraft:wooden_shovel":1,"minecraft:emerald":218,"minecraft:copper_ingot":20,"iceandfire:armor_green_chestplate":1,"spellbladenext:arcane_claymore":2,"minecraft:iron_pickaxe":1,"minecraft:iron_block":15,"minecraft:gold_ingot":201,"extraspellattributes:nonbelieversamulet":1,"archers:archers_workbench":1,"vc_gliders:reinforced_paper_iron":3,"majruszsdifficulty:tattered_leggings":1,"iceandfire:armor_green_leggings":1,"minecraft:bone_meal":39,"minecraft:polished_diorite":4,"minecraft:stone_pickaxe":5,"minecraft:wheat":198,"archers:royal_longbow":2,"vc_gliders:reinforced_paper":3,"minecraft:enchanting_table":1,"minecraft:dried_kelp":24,"dungeonnowloading:spawner_blade":2,"minecraft:iron_shovel":1,"minecraft:iron_leggings":2,"spell_engine:spell_binding":1,"minecraft:note_block":1,"minecraft:cobblestone_slab":6,"assortedtools:pokeball":1,"assortedtools:amethyst_chestplate":1,"iceandfire:lectern":1,"minecraft:cobblestone_stairs":4,"minecraft:stone":1,"spellbladenext:arcane_blade":2,"minecraft:heavy_weighted_pressure_plate":1,"iceandfire:armor_copper_metal_boots":1,"minecraft:hopper":1,"minecraft:iron_boots":2,"iceandfire:armor_green_helmet":1,"minecraft:chest":21,"minecraft:golden_sword":2,"majruszsdifficulty:tattered_helmet":1,"minecraft:arrow":736,"dungeonnowloading:spawner_frame":6,"minecraft:crafting_table":13,"minecraft:spruce_planks":18,"minecraft:iron_helmet":3,"minecraft:wooden_pickaxe":1,"minecraft:gold_block":23,"minecraft:birch_planks":532,"minecraft:iron_chestplate":1,"archers:rapid_crossbow":1,"minecraft:charcoal":1,"minecraft:shield":2,"minecraft:birch_fence":12,"minecraft:stick":76,"minecraft:iron_ingot":278,"minecraft:stone_sword":1,"iceandfire:tide_red_helmet":2,"assortedtools:amethyst_leggings":1,"minecraft:tripwire_hook":4,"minecraft:fishing_rod":4,"iceandfire:tide_red_boots":1,"minecraft:stone_button":1,"assortedtools:copper_leggings":1,"minecraft:furnace":6,"iceandfire:tide_green_chestplate":1,"vc_gliders:paraglider_iron":1,"minecraft:cooked_cod":150,"minecraft:iron_trapdoor":1,"iceandfire:tide_trident":1,"minecraft:iron_sword":2,"minecraft:cooked_salmon":31,"minecraft:bucket":1,"minecraft:stone_axe":1,"minecraft:bread":81,"minecraft:acacia_boat":1,"minecraft:air":0,"minecraft:jungle_planks":4,"iceandfire:tide_red_leggings":1,"iceandfire:bestiary":1,"minecraft:gold_nugget":9,"archers:archer_armor_legs":1,"minecraft:chipped_anvil":1,"minecraft:anvil":1,"minecraft:acacia_planks":284,"minecraft:torch":64,"iceandfire:armor_green_boots":2},"minecraft:dropped":{"minecraft:iron_sword":3,"minecraft:lapis_lazuli":21,"minecraft:diamond":13,"minecraft:crafting_table":3,"spellbladenext:arcane_claymore":3,"minecraft:cracked_stone_bricks":5,"minecraft:saddle":1,"minecraft:emerald":4,"minecraft:dirt":65,"minecraft:birch_fence":3,"minecraft:stone_button":2,"minecraft:gold_nugget":2,"minecraft:iron_pickaxe":1,"minecraft:dark_oak_planks":1,"minecraft:white_wool":3,"minecraft:fishing_rod":6,"minecraft:bone":7,"minecraft:note_block":1,"minecraft:goat_horn":1,"minecraft:stone_axe":1,"minecraft:iron_nugget":9,"minecraft:golden_chestplate":2,"minecraft:cobbled_deepslate":7,"dungeonnowloading:wooden_wall_rack":1,"minecraft:birch_sapling":2,"minecraft:rotten_flesh":122,"dungeonnowloading:mossy_cobblestone_pebble":13,"universal_graves:grave_compass":21,"minecraft:salmon":23,"minecraft:rabbit_foot":67,"iceandfire:shiny_scales":4,"rogues:rogue_armor_head":1,"vc_gliders:paraglider_iron":1,"minecraft:charcoal":1,"minecraft:enchanted_book":3,"minecraft:golden_boots":1,"minecraft:wheat_seeds":70,"minecraft:mangrove_trapdoor":1,"clutter:copper_coin":10,"minecraft:cobblestone":200,"minecraft:book":1,"minecraft:deepslate_tile_slab":1,"minecraft:chainmail_helmet":1,"minecraft:coal":4,"minecraft:golden_apple":1,"minecraft:polished_andesite":2,"minecraft:pufferfish":11,"minecraft:cobweb":10,"minecraft:sculk":1,"minecraft:ink_sac":1,"minecraft:cooked_salmon":4,"minecraft:smooth_stone":3,"minecraft:chainmail_leggings":1,"minecraft:string":27,"minecraft:acacia_planks":42,"iceandfire:dragon_skull_fire":1,"minecraft:stone_brick_slab":1,"minecraft:brick_wall":1,"minecraft:player_head":1,"minecraft:smooth_stone_slab":2,"minecraft:bowl":2,"minecraft:iron_boots":1,"minecraft:name_tag":2,"naturalist:cooked_bass":4,"minecraft:spruce_fence":3,"minecraft:diamond_sword":1,"minecraft:hay_block":3,"minecraft:potato":2,"minecraft:stone":3,"minecraft:peony":3,"minecraft:spruce_trapdoor":3,"minecraft:spruce_planks":2,"minecraft:wooden_shovel":2,"minecraft:stone_bricks":2,"minecraft:spider_eye":2,"minecraft:bow":3,"iceandfire:sea_serpent_fang":9,"minecraft:candle":1,"minecraft:birch_planks":30,"minecraft:diamond_axe":5,"minecraft:decorated_pot":3,"archers:royal_longbow":1,"dungeonnowloading:skull_of_chaos":2,"dungeonnowloading:cobblestone_pebble":25,"iceandfire:fire_dragon_flesh":8,"minecraft:leather":41,"iceandfire:tide_trident":4,"minecraft:cod":37,"minecraft:cobblestone_stairs":4,"minecraft:flint":1,"majruszsdifficulty:cerberus_fang":2,"dungeonnowloading:soul_cloth":1,"minecraft:snowball":59,"minecraft:amethyst_shard":3,"minecraft:stripped_oak_wood":1,"assortedtools:copper_leggings":1,"minecraft:gold_ingot":10,"minecraft:gravel":17,"majruszsdifficulty:tattered_chestplate":1,"simplyskills:malevolent_manuscript":1,"minecraft:carrot":4,"minecraft:chiseled_stone_bricks":1,"supplementaries:ash":10,"minecraft:gunpowder":2,"minecraft:skeleton_skull":1,"minecraft:stone_brick_wall":3,"minecraft:spruce_pressure_plate":2,"minecraft:birch_door":6,"doggytalents:rice_grains":2,"minecraft:arrow":157,"minecraft:oak_leaves":1,"minecraft:bread":27,"minecraft:oak_slab":2,"clutter:small_lily_pads":1,"minecraft:lilac":1,"minecraft:mossy_cobblestone":27,"iceandfire:dragonscales_green":12,"minecraft:copper_ingot":1,"minecraft:grass_block":4,"minecraft:stick":7,"minecraft:spruce_fence_gate":2,"supplementaries:pancake":48,"minecraft:diorite":3,"minecraft:torch":3,"travelersbackpack:spider":1,"minecraft:iron_axe":1,"minecraft:tripwire_hook":6,"iceandfire:dragonbone":2,"minecraft:kelp":62,"minecraft:raw_copper":2,"minecraft:tuff":3,"minecraft:raw_iron":13,"minecraft:sculk_sensor":1,"dungeonnowloading:spawner_fragment":17,"paladins:golden_kite_shield":1,"minecraft:mossy_stone_bricks":4,"iceandfire:fire_dragon_heart":1,"minecraft:stone_pickaxe":1,"minecraft:wooden_pickaxe":2,"minecraft:raw_gold":6,"minecraft:calcite":1},"minecraft:used":{"iceandfire:lectern":1,"minecraft:music_disc_far":1,"minecraft:writable_book":1,"minecraft:ladder":1,"minecraft:chest":49,"minecraft:stone":14,"minecraft:soul_sand":2,"minecraft:blue_stained_glass":1,"naturalist:cooked_bass":60,"iceandfire:spawn_egg_fire_dragon":1,"minecraft:snowball":23,"minecraft:music_disc_pigstep":3,"minecraft:grass_block":267,"minecraft:music_disc_ward":1,"minecraft:birch_sapling":3,"minecraft:quartz_block":136,"minecraft:music_disc_chirp":1,"minecraft:cherry_leaves":311,"minecraft:bow":136,"minecraft:furnace":12,"minecraft:cooked_cod":161,"iceandfire:armor_green_leggings":1,"minecraft:egg":2,"simplyswords:ribboncleaver":18,"clutter:giant_lily_pad":1,"spellbladenext:arcane_claymore":201,"minecraft:emerald_ore":2,"minecraft:mossy_stone_bricks":15,"minecraft:damaged_anvil":1,"minecraft:wooden_pickaxe":18,"minecraft:oak_leaves":7,"minecraft:golden_apple":6,"minecraft:blast_furnace":2,"minecraft:birch_fence":15,"minecraft:birch_slab":3,"minecraft:oak_pressure_plate":4,"minecraft:diamond_ore":1,"dungeonnowloading:scepter_of_sealed_chaos":16,"minecraft:diamond_sword":211,"minecraft:oak_boat":165,"travelersbackpack:sandstone":10,"spellbladenext:voidforge":9,"minecraft:enchanting_table":1,"minecraft:stone_sword":112,"minecraft:cooked_salmon":54,"minecraft:netherrack":58,"minecraft:torch":128,"minecraft:anvil":1,"minecraft:target":2,"minecraft:chainmail_chestplate":1,"iceandfire:armor_green_chestplate":1,"archers:archers_workbench":2,"minecraft:oak_fence_gate":4,"majruszsdifficulty:angler_treasure_bag":55,"minecraft:light_weighted_pressure_plate":1,"minecraft:iron_axe":228,"minecraft:tripwire_hook":2,"minecraft:iron_trapdoor":17,"iceandfire:armor_green_boots":1,"minecraft:trapped_chest":7,"minecraft:acacia_planks":71,"minecraft:cobbled_deepslate":50,"minecraft:observer":4,"minecraft:wheat_seeds":60,"minecraft:water_bucket":294,"minecraft:birch_planks":96,"minecraft:fletching_table":6,"iceandfire:dragon_skull_lightning":7,"minecraft:cracked_stone_bricks":2,"minecraft:mossy_cobblestone":4,"minecraft:comparator":6,"minecraft:oak_slab":98,"minecraft:crafting_table":15,"minecraft:white_bed":2,"minecraft:cod":32,"minecraft:oak_log":43,"minecraft:diamond_pickaxe":183,"majruszsdifficulty:undead_army_treasure_bag":2,"minecraft:diamond_shovel":11,"minecraft:iron_pickaxe":966,"minecraft:spruce_pressure_plate":1,"minecraft:enchanted_book":1,"minecraft:cobblestone":142,"archers:royal_longbow":750,"minecraft:jukebox":7,"iceandfire:tide_trident":336,"minecraft:iron_shovel":124,"iceandfire:spawn_egg_ice_dragon":3,"minecraft:decorated_pot":2,"minecraft:shield":69,"minecraft:iron_sword":110,"minecraft:carrot":76,"minecraft:tuff":4,"minecraft:music_disc_13":3,"minecraft:obsidian":14,"minecraft:glass":18,"minecraft:quartz_slab":11,"minecraft:lantern":107,"minecraft:stone_bricks":20,"minecraft:repeater":23,"iceandfire:tide_red_leggings":1,"minecraft:stone_pickaxe":442,"minecraft:oak_planks":289,"iceandfire:armor_green_helmet":1,"minecraft:chainmail_helmet":1,"minecraft:redstone_block":5,"spell_engine:spell_binding":1,"minecraft:diamond_axe":6,"minecraft:calibrated_sculk_sensor":3,"minecraft:white_wool":54,"minecraft:crossbow":22,"minecraft:sponge":12,"minecraft:note_block":4,"minecraft:lingering_potion":2,"majruszsdifficulty:tattered_leggings":1,"minecraft:redstone_torch":4,"minecraft:sticky_piston":7,"minecraft:heavy_weighted_pressure_plate":2,"minecraft:bread":90,"minecraft:string":3,"minecraft:deepslate":3,"minecraft:iron_door":2,"minecraft:gravel":4,"graveyard:middle_bone_staff":1,"iceandfire:dragon_skull_fire":5,"minecraft:stripped_oak_wood":76,"iceandfire:spawn_egg_hippogryph":2,"minecraft:andesite":1,"minecraft:chain":10,"minecraft:coarse_dirt":1,"minecraft:bone_meal":40,"minecraft:oak_fence":256,"minecraft:trident":59,"minecraft:cracked_deepslate_bricks":1,"minecraft:redstone":15,"minecraft:dried_kelp":55,"minecraft:spruce_planks":5,"minecraft:wooden_shovel":101,"minecraft:cooked_chicken":2,"minecraft:dirt":288,"minecraft:hopper":7,"minecraft:birch_door":1,"iceandfire:tide_green_chestplate":1,"minecraft:stone_brick_slab":17,"minecraft:bookshelf":18,"minecraft:oak_stairs":180,"assortedtools:amethyst_chestplate":1,"minecraft:golden_carrot":9,"minecraft:soul_soil":1,"minecraft:acacia_boat":1,"iceandfire:fire_dragon_flesh":2,"minecraft:iron_ore":14,"minecraft:cobblestone_stairs":4,"minecraft:baked_potato":44,"minecraft:birch_boat":1,"minecraft:cobblestone_slab":4,"minecraft:terracotta":15,"minecraft:smoker":3,"archers:rapid_crossbow":32,"minecraft:apple":19,"minecraft:map":1,"dungeonnowloading:great_experience_bottle":5,"spellbladenext:starforge":1,"minecraft:stone_axe":88,"minecraft:fishing_rod":1886,"minecraft:bucket":21,"minecraft:pumpkin_pie":6,"minecraft:smooth_stone":3,"minecraft:chainmail_leggings":1}},"DataVersion":3465}