{"stats":{"minecraft:killed_by":{"minecraft:creeper":1,"minecraft:drowned":1},"minecraft:killed":{"iceandfire:hippogryph":2,"graveyard:skeleton_creeper":1,"minecraft:spider":3,"minecraft:cod":6,"naturalist:boar":1,"minecraft:skeleton":2,"iceandfire:fire_dragon":1,"minecraft:bee":3,"naturalist:bass":9,"minecraft:drowned":3,"minecraft:husk":1,"minecraft:salmon":5,"minecraft:zombie":6},"minecraft:dropped":{"minecraft:wheat_seeds":64,"minecraft:grass_block":3,"minecraft:cod":37,"minecraft:dirt":1,"supplementaries:pancake":48,"minecraft:cooked_salmon":2,"minecraft:smooth_stone_slab":2,"minecraft:birch_sapling":1,"naturalist:cooked_bass":1,"minecraft:carrot":4,"minecraft:rabbit_foot":67,"minecraft:chiseled_stone_bricks":1,"minecraft:oak_leaves":1},"minecraft:used":{"minecraft:oak_fence":62,"minecraft:music_disc_far":1,"spellbladenext:voidforge":9,"minecraft:stone_sword":65,"iceandfire:spawn_egg_ice_dragon":3,"minecraft:dried_kelp":24,"minecraft:shield":6,"minecraft:stone":1,"minecraft:torch":42,"minecraft:blue_stained_glass":1,"naturalist:cooked_bass":14,"iceandfire:spawn_egg_fire_dragon":1,"minecraft:tuff":4,"minecraft:music_disc_13":1,"minecraft:music_disc_pigstep":3,"minecraft:quartz_slab":11,"minecraft:lantern":107,"minecraft:grass_block":163,"minecraft:oak_stairs":180,"minecraft:quartz_block":136,"minecraft:music_disc_chirp":1,"minecraft:cherry_leaves":311,"minecraft:stone_bricks":5,"minecraft:furnace":4,"minecraft:cooked_cod":2,"simplyswords:ribboncleaver":18,"minecraft:mossy_stone_bricks":7,"minecraft:water_bucket":162,"minecraft:stone_pickaxe":223,"minecraft:oak_planks":289,"minecraft:wooden_pickaxe":8,"minecraft:birch_boat":1,"minecraft:oak_leaves":7,"minecraft:mossy_cobblestone":2,"minecraft:oak_slab":84,"minecraft:crafting_table":4,"minecraft:cod":13,"minecraft:oak_log":43,"minecraft:bread":1,"minecraft:iron_pickaxe":6,"spellbladenext:starforge":1,"minecraft:diamond_sword":11,"iceandfire:spawn_egg_hippogryph":2,"minecraft:andesite":1,"minecraft:jukebox":4,"minecraft:bone_meal":1},"minecraft:crafted":{"minecraft:birch_boat":1,"minecraft:furnace":4,"assortedtools:copper_leggings":1,"naturalist:cooked_bass":7,"iceandfire:armor_copper_metal_boots":1,"iceandfire:armor_copper_metal_chestplate":1,"minecraft:stone_pickaxe":3,"minecraft:cooked_cod":6,"minecraft:wooden_shovel":1,"minecraft:crafting_table":3,"minecraft:dried_kelp":24,"minecraft:wooden_pickaxe":1,"minecraft:cooked_salmon":2,"minecraft:copper_ingot":20,"minecraft:birch_planks":84,"minecraft:bread":7,"minecraft:air":0,"minecraft:charcoal":1,"minecraft:shield":1,"minecraft:stick":20,"minecraft:iron_pickaxe":1,"minecraft:iron_ingot":9,"minecraft:stone_sword":1,"minecraft:torch":20},"minecraft:broken":{"minecraft:stone_pickaxe":1},"minecraft:mined":{"minecraft:tuff":7,"iceandfire:silver_ore":5,"minecraft:mossy_cobblestone":3,"minecraft:kelp":8,"minecraft:chiseled_stone_bricks":1,"minecraft:smooth_stone":2,"minecraft:iron_ore":1,"minecraft:andesite":1,"minecraft:deepslate_lapis_ore":3,"minecraft:deepslate_iron_ore":8,"minecraft:stone":60,"minecraft:deepslate_redstone_ore":3,"minecraft:kelp_plant":5,"minecraft:stone_brick_slab":2,"dungeonnowloading:dungeon_wall_torch":1,"minecraft:crafting_table":1,"minecraft:torch":3,"minecraft:cobblestone":1,"minecraft:copper_ore":15,"minecraft:birch_log":22,"minecraft:birch_leaves":2,"minecraft:stone_brick_stairs":1,"minecraft:smooth_stone_slab":1,"minecraft:grass":1,"minecraft:coal_ore":78,"minecraft:dirt":1,"minecraft:stone_bricks":8,"minecraft:mossy_stone_bricks":9,"minecraft:deepslate":26},"minecraft:picked_up":{"minecraft:crafting_table":1,"dungeonnowloading:spawner_leggings":1,"minecraft:lead":1,"minecraft:oak_stairs":2,"minecraft:string":3,"minecraft:raw_copper":60,"minecraft:smooth_stone_slab":2,"minecraft:smooth_stone":2,"minecraft:cobbled_deepslate":26,"minecraft:rose_bush":1,"minecraft:birch_sapling":11,"supplementaries:pancake":16,"minecraft:stick":11,"minecraft:raw_iron":9,"minecraft:stone":1,"minecraft:torch":4,"minecraft:flowering_azalea_leaves":1,"minecraft:porkchop":5,"minecraft:netherite_shovel":1,"minecraft:music_disc_pigstep":3,"minecraft:redstone":13,"minecraft:rabbit_foot":1,"minecraft:blue_stained_glass":1,"dungeonnowloading:spawner_chestplate":1,"minecraft:arrow":1,"minecraft:rotten_flesh":4,"minecraft:iron_block":1,"minecraft:red_tulip":1,"minecraft:saddle":3,"minecraft:cod":8,"minecraft:cobblestone":65,"minecraft:birch_log":23,"minecraft:pink_petals":32,"minecraft:feather":10,"minecraft:lilac":1,"minecraft:salmon":4,"minecraft:cherry_leaves":1,"minecraft:water_bucket":1,"minecraft:andesite":1,"minecraft:leather":10,"doggytalents:rice_grains":1,"minecraft:tuff":7,"minecraft:oak_log":1,"minecraft:lapis_lazuli":17,"minecraft:dirt":5,"dungeonnowloading:spawner_helmet":1,"naturalist:bass":7,"minecraft:bone":3,"minecraft:stone_bricks":8,"minecraft:kelp":30,"minecraft:wheat_seeds":326,"minecraft:music_disc_far":1,"minecraft:mossy_stone_bricks":7,"minecraft:oak_planks":2,"minecraft:music_disc_chirp":1,"minecraft:oak_slab":1,"dungeonnowloading:spawner_boots":1,"minecraft:music_disc_13":1,"minecraft:chiseled_stone_bricks":1,"minecraft:stone_brick_slab":1,"minecraft:grass_block":6,"naturalist:cooked_bass":8,"minecraft:spider_eye":2,"minecraft:mossy_cobblestone":2,"minecraft:bone_meal":1,"minecraft:coal":79,"minecraft:oak_leaves":1,"iceandfire:raw_silver":5},"minecraft:custom":{"minecraft:mob_kills":43,"minecraft:animals_bred":1,"minecraft:interact_with_crafting_table":22,"minecraft:leave_game":2,"minecraft:time_since_death":42421,"minecraft:sprint_one_cm":165010,"minecraft:walk_one_cm":420855,"minecraft:damage_blocked_by_shield":375,"minecraft:drop":36,"minecraft:play_time":193527,"minecraft:deaths":4,"minecraft:sneak_time":26664,"minecraft:walk_under_water_one_cm":51634,"minecraft:boat_one_cm":46811,"minecraft:jump":1361,"minecraft:walk_on_water_one_cm":50526,"minecraft:total_world_time":193527,"minecraft:interact_with_furnace":37,"minecraft:play_record":6,"minecraft:hex":0,"minecraft:time_since_rest":42456,"minecraft:damage_taken":1917,"minecraft:damage_dealt":5785,"minecraft:swim_one_cm":69697,"minecraft:fly_one_cm":865296,"minecraft:open_chest":5,"minecraft:crouch_one_cm":82970,"minecraft:fall_one_cm":7981}},"DataVersion":3465}