{"stats":{"minecraft:mined":{"minecraft:dark_oak_planks":1,"minecraft:large_amethyst_bud":3,"minecraft:tuff":7,"minecraft:spruce_planks":9,"iceandfire:silver_ore":5,"minecraft:mossy_cobblestone":3,"minecraft:spruce_trapdoor":3,"minecraft:granite":4,"minecraft:budding_amethyst":3,"minecraft:grass_block":13,"clutter:deepslate_silver_ore":7,"minecraft:brick_stairs":2,"minecraft:kelp":8,"minecraft:chiseled_stone_bricks":1,"minecraft:smooth_stone":4,"minecraft:redstone_ore":5,"minecraft:glowstone":1,"minecraft:iron_ore":24,"minecraft:acacia_wood":69,"minecraft:andesite":1,"minecraft:deepslate_lapis_ore":5,"minecraft:bookshelf":18,"minecraft:vine":1,"minecraft:deepslate_iron_ore":24,"minecraft:stone":108,"minecraft:deepslate_redstone_ore":3,"minecraft:brick_wall":1,"minecraft:kelp_plant":5,"minecraft:snow_block":6,"minecraft:medium_amethyst_bud":3,"minecraft:amethyst_cluster":9,"minecraft:stone_brick_slab":2,"minecraft:powder_snow":7,"minecraft:torch":7,"minecraft:oak_fence":1,"minecraft:crafting_table":2,"dungeonnowloading:dungeon_wall_torch":1,"minecraft:calcite":1,"minecraft:chest":2,"minecraft:cobblestone":9,"minecraft:copper_ore":15,"minecraft:bricks":3,"minecraft:wall_torch":1,"minecraft:skeleton_skull":1,"minecraft:amethyst_block":14,"supplementaries:urn":2,"minecraft:spruce_stairs":3,"minecraft:red_terracotta":11,"minecraft:birch_planks":5,"minecraft:birch_log":35,"minecraft:jukebox":1,"minecraft:birch_leaves":15,"minecraft:stone_brick_stairs":1,"minecraft:smooth_stone_slab":1,"minecraft:grass":1,"minecraft:coal_ore":78,"minecraft:gravel":65,"minecraft:dirt":41,"minecraft:terracotta":7,"minecraft:acacia_planks":2,"minecraft:stone_bricks":10,"minecraft:mossy_stone_bricks":10,"minecraft:deepslate":49},"minecraft:picked_up":{"minecraft:crafting_table":2,"dungeonnowloading:spawner_leggings":1,"minecraft:lead":1,"minecraft:oak_stairs":2,"minecraft:amethyst_block":13,"minecraft:string":6,"minecraft:raw_copper":60,"minecraft:smooth_stone_slab":2,"clutter:raw_silver":21,"minecraft:smooth_stone":3,"minecraft:cobbled_deepslate":50,"minecraft:spruce_planks":9,"minecraft:rose_bush":1,"minecraft:calcite":1,"minecraft:wooden_shovel":1,"minecraft:spruce_trapdoor":3,"minecraft:chest":2,"minecraft:birch_sapling":11,"supplementaries:pancake":16,"minecraft:stick":16,"minecraft:raw_iron":48,"minecraft:stone":1,"minecraft:jukebox":1,"minecraft:brick_wall":1,"minecraft:spruce_stairs":3,"minecraft:torch":9,"minecraft:flowering_azalea_leaves":1,"minecraft:porkchop":5,"minecraft:netherite_shovel":1,"minecraft:music_disc_pigstep":3,"minecraft:redstone":36,"minecraft:rabbit_foot":1,"minecraft:blue_stained_glass":1,"minecraft:dark_oak_planks":1,"minecraft:arrow":3,"dungeonnowloading:spawner_chestplate":1,"minecraft:rotten_flesh":6,"minecraft:iron_block":1,"minecraft:red_tulip":1,"minecraft:saddle":3,"minecraft:gold_ingot":1,"minecraft:brick_stairs":2,"minecraft:skeleton_skull":1,"minecraft:cod":8,"minecraft:snowball":55,"minecraft:cobblestone":161,"minecraft:birch_log":36,"minecraft:pink_petals":32,"minecraft:feather":10,"minecraft:lilac":2,"minecraft:andesite":1,"minecraft:cherry_leaves":1,"minecraft:tripwire_hook":6,"minecraft:water_bucket":1,"minecraft:salmon":8,"minecraft:leather":10,"minecraft:acacia_wood":69,"doggytalents:rice_grains":1,"minecraft:birch_planks":31,"minecraft:flint":6,"minecraft:tuff":7,"minecraft:oak_log":1,"minecraft:lapis_lazuli":30,"minecraft:dirt":66,"dungeonnowloading:spawner_helmet":1,"naturalist:bass":20,"minecraft:bone":8,"minecraft:acacia_planks":2,"minecraft:stone_bricks":8,"minecraft:kelp":30,"minecraft:wheat_seeds":326,"minecraft:music_disc_far":1,"minecraft:mossy_stone_bricks":7,"minecraft:glowstone_dust":3,"minecraft:oak_planks":2,"minecraft:music_disc_chirp":1,"minecraft:book":54,"minecraft:oak_slab":1,"minecraft:music_disc_13":1,"dungeonnowloading:spawner_boots":1,"minecraft:chiseled_stone_bricks":1,"minecraft:stone_brick_slab":1,"minecraft:gravel":54,"minecraft:amethyst_shard":38,"minecraft:red_terracotta":9,"minecraft:grass_block":6,"naturalist:cooked_bass":8,"minecraft:spider_eye":2,"minecraft:mossy_cobblestone":2,"minecraft:bundle":1,"minecraft:granite":4,"minecraft:bone_meal":1,"minecraft:terracotta":7,"minecraft:bricks":3,"minecraft:coal":79,"minecraft:oak_leaves":1,"iceandfire:raw_silver":5},"minecraft:broken":{"minecraft:wooden_shovel":1,"minecraft:stone_pickaxe":1},"minecraft:dropped":{"minecraft:birch_planks":26,"minecraft:wheat_seeds":64,"minecraft:lilac":1,"minecraft:crafting_table":1,"minecraft:cobblestone":44,"minecraft:copper_ingot":1,"minecraft:grass_block":3,"minecraft:stick":5,"minecraft:cod":37,"minecraft:flint":1,"minecraft:dirt":51,"supplementaries:pancake":48,"minecraft:diorite":3,"minecraft:cooked_salmon":2,"minecraft:snowball":59,"minecraft:amethyst_shard":3,"minecraft:smooth_stone":3,"minecraft:string":3,"minecraft:tripwire_hook":6,"minecraft:stone_brick_slab":1,"minecraft:gravel":17,"minecraft:brick_wall":1,"minecraft:smooth_stone_slab":2,"minecraft:cobbled_deepslate":1,"minecraft:tuff":3,"minecraft:birch_sapling":2,"minecraft:rotten_flesh":3,"universal_graves:grave_compass":1,"naturalist:cooked_bass":1,"minecraft:carrot":4,"minecraft:rabbit_foot":67,"minecraft:chiseled_stone_bricks":1,"minecraft:charcoal":1,"minecraft:wooden_shovel":1,"minecraft:arrow":1,"minecraft:wooden_pickaxe":1,"minecraft:stone_pickaxe":1,"minecraft:calcite":1,"minecraft:oak_leaves":1},"minecraft:killed_by":{"minecraft:creeper":1,"minecraft:drowned":1},"minecraft:killed":{"iceandfire:hippogryph":2,"graveyard:skeleton_creeper":1,"minecraft:spider":4,"minecraft:cod":6,"naturalist:boar":1,"minecraft:skeleton":3,"iceandfire:fire_dragon":1,"minecraft:bee":3,"naturalist:bass":23,"minecraft:drowned":3,"minecraft:husk":1,"minecraft:salmon":9,"minecraft:zombie":8},"minecraft:custom":{"minecraft:mob_kills":65,"minecraft:animals_bred":1,"minecraft:interact_with_crafting_table":36,"minecraft:open_barrel":21,"minecraft:leave_game":3,"minecraft:climb_one_cm":4790,"minecraft:time_since_death":81783,"minecraft:sprint_one_cm":329559,"minecraft:walk_one_cm":714595,"minecraft:damage_blocked_by_shield":795,"minecraft:drop":91,"minecraft:play_time":299874,"minecraft:sneak_time":51184,"minecraft:deaths":5,"minecraft:walk_under_water_one_cm":97624,"minecraft:boat_one_cm":46811,"minecraft:jump":2719,"minecraft:walk_on_water_one_cm":85766,"minecraft:total_world_time":299874,"minecraft:interact_with_furnace":56,"minecraft:play_record":6,"minecraft:hex":0,"minecraft:time_since_rest":81818,"minecraft:damage_taken":3098,"minecraft:damage_dealt":7305,"minecraft:fly_one_cm":976006,"minecraft:swim_one_cm":152096,"minecraft:open_chest":43,"minecraft:crouch_one_cm":158188,"minecraft:fall_one_cm":30159},"minecraft:used":{"minecraft:oak_fence":62,"minecraft:music_disc_far":1,"spellbladenext:voidforge":9,"minecraft:stone_sword":108,"iceandfire:spawn_egg_ice_dragon":3,"minecraft:dried_kelp":55,"minecraft:chest":6,"minecraft:shield":14,"minecraft:stone":1,"minecraft:wooden_shovel":101,"minecraft:cooked_salmon":1,"minecraft:torch":60,"minecraft:dirt":58,"minecraft:blue_stained_glass":1,"minecraft:carrot":6,"naturalist:cooked_bass":16,"iceandfire:spawn_egg_fire_dragon":1,"minecraft:tuff":4,"minecraft:music_disc_13":1,"minecraft:snowball":23,"minecraft:birch_door":1,"minecraft:music_disc_pigstep":3,"minecraft:quartz_slab":11,"minecraft:lantern":107,"minecraft:grass_block":163,"minecraft:oak_stairs":180,"minecraft:quartz_block":136,"minecraft:music_disc_chirp":1,"minecraft:cherry_leaves":311,"minecraft:stone_bricks":8,"minecraft:furnace":6,"minecraft:cooked_cod":6,"minecraft:acacia_planks":40,"minecraft:cobbled_deepslate":49,"simplyswords:ribboncleaver":18,"minecraft:mossy_stone_bricks":7,"minecraft:water_bucket":162,"minecraft:birch_planks":29,"minecraft:stone_pickaxe":357,"minecraft:oak_planks":289,"minecraft:birch_boat":1,"minecraft:wooden_pickaxe":18,"minecraft:oak_leaves":7,"minecraft:mossy_cobblestone":2,"minecraft:oak_slab":84,"minecraft:crafting_table":7,"minecraft:cod":13,"minecraft:oak_log":43,"archers:rapid_crossbow":2,"minecraft:bread":7,"minecraft:map":1,"minecraft:iron_pickaxe":67,"spellbladenext:starforge":1,"minecraft:gravel":4,"minecraft:stone_axe":88,"minecraft:diamond_sword":11,"minecraft:cobblestone":32,"iceandfire:spawn_egg_hippogryph":2,"minecraft:andesite":1,"minecraft:bone_meal":1,"minecraft:jukebox":4},"minecraft:crafted":{"minecraft:tripwire_hook":2,"assortedtools:amethyst_chestplate":1,"minecraft:birch_boat":1,"minecraft:furnace":6,"assortedtools:copper_leggings":1,"minecraft:bookshelf":18,"naturalist:cooked_bass":20,"iceandfire:armor_copper_metal_boots":1,"iceandfire:armor_copper_metal_chestplate":1,"minecraft:stone_pickaxe":3,"minecraft:chest":4,"minecraft:birch_door":3,"minecraft:cooked_cod":6,"minecraft:wooden_shovel":1,"minecraft:crafting_table":5,"minecraft:dried_kelp":24,"minecraft:wooden_pickaxe":1,"minecraft:cooked_salmon":6,"minecraft:copper_ingot":20,"minecraft:birch_planks":136,"minecraft:stone_axe":1,"minecraft:bread":7,"minecraft:air":0,"archers:rapid_crossbow":1,"minecraft:charcoal":1,"minecraft:shield":1,"minecraft:stick":28,"minecraft:iron_pickaxe":1,"minecraft:iron_ingot":34,"minecraft:stone_sword":1,"minecraft:acacia_planks":276,"minecraft:torch":32,"assortedtools:amethyst_leggings":1}},"DataVersion":3465}