{"stats":{"minecraft:used":{"iceandfire:lectern":2,"minecraft:music_disc_far":1,"minecraft:writable_book":1,"iceandfire:dragon_skull_ice":3,"minecraft:ladder":1,"minecraft:chest":51,"minecraft:stone":14,"minecraft:soul_sand":2,"minecraft:blue_stained_glass":1,"naturalist:cooked_bass":60,"iceandfire:spawn_egg_fire_dragon":1,"travelersbackpack:emerald":6,"minecraft:snowball":23,"minecraft:villager_spawn_egg":4,"minecraft:music_disc_pigstep":3,"minecraft:grass_block":267,"minecraft:music_disc_ward":1,"minecraft:birch_sapling":3,"minecraft:quartz_block":136,"minecraft:music_disc_chirp":1,"minecraft:cherry_leaves":311,"minecraft:bow":136,"minecraft:furnace":12,"minecraft:cooked_cod":182,"iceandfire:armor_green_leggings":1,"minecraft:egg":3,"simplyswords:ribboncleaver":18,"clutter:giant_lily_pad":1,"spellbladenext:arcane_claymore":201,"minecraft:emerald_ore":20,"minecraft:mossy_stone_bricks":15,"minecraft:damaged_anvil":1,"minecraft:wooden_pickaxe":18,"rogues:arms_workbench":1,"minecraft:oak_leaves":7,"minecraft:golden_apple":6,"minecraft:blast_furnace":2,"minecraft:birch_fence":17,"minecraft:birch_slab":3,"minecraft:lectern":1,"minecraft:oak_pressure_plate":4,"minecraft:diamond_ore":1,"dungeonnowloading:scepter_of_sealed_chaos":20,"minecraft:diamond_sword":211,"minecraft:oak_boat":165,"travelersbackpack:sandstone":10,"iceandfire:armor_gray_helmet":1,"spellbladenext:voidforge":9,"minecraft:stone_sword":112,"minecraft:enchanting_table":2,"minecraft:cooked_salmon":54,"minecraft:netherrack":59,"minecraft:torch":130,"minecraft:anvil":1,"minecraft:target":2,"minecraft:chainmail_chestplate":1,"archers:heavy_crossbow":2,"iceandfire:armor_green_chestplate":2,"archers:archers_workbench":5,"minecraft:oak_fence_gate":4,"majruszsdifficulty:angler_treasure_bag":64,"minecraft:iron_axe":270,"minecraft:light_weighted_pressure_plate":1,"minecraft:tripwire_hook":2,"minecraft:iron_trapdoor":17,"iceandfire:armor_green_boots":2,"iceandfire:dragonegg_gray":1,"minecraft:trapped_chest":7,"minecraft:acacia_planks":71,"minecraft:cobbled_deepslate":50,"minecraft:observer":4,"minecraft:wheat_seeds":60,"minecraft:water_bucket":299,"minecraft:birch_planks":96,"minecraft:fletching_table":6,"iceandfire:dragon_skull_lightning":10,"minecraft:cracked_stone_bricks":2,"minecraft:mossy_cobblestone":4,"minecraft:comparator":6,"minecraft:crafting_table":19,"minecraft:oak_slab":98,"minecraft:white_bed":3,"minecraft:cod":32,"minecraft:oak_log":43,"minecraft:diamond_pickaxe":423,"majruszsdifficulty:undead_army_treasure_bag":3,"minecraft:diamond_shovel":61,"minecraft:iron_pickaxe":1004,"iceandfire:dragon_horn":5,"minecraft:spruce_pressure_plate":1,"minecraft:enchanted_book":1,"minecraft:cobblestone":178,"archers:royal_longbow":936,"minecraft:jukebox":7,"iceandfire:tide_trident":465,"minecraft:iron_shovel":124,"iceandfire:spawn_egg_ice_dragon":3,"minecraft:decorated_pot":2,"minecraft:shield":69,"minecraft:iron_sword":110,"doggytalents:rice_grains":85,"minecraft:carrot":104,"minecraft:tuff":4,"minecraft:music_disc_13":3,"minecraft:obsidian":14,"minecraft:glass":18,"minecraft:quartz_slab":11,"minecraft:lantern":107,"minecraft:stone_bricks":20,"minecraft:deepslate_diamond_ore":1,"minecraft:repeater":23,"iceandfire:tide_red_leggings":1,"minecraft:stone_pickaxe":442,"minecraft:oak_planks":309,"iceandfire:armor_green_helmet":1,"minecraft:sandstone":12,"minecraft:chainmail_helmet":1,"minecraft:redstone_block":5,"spell_engine:spell_binding":1,"minecraft:diamond_axe":6,"minecraft:calibrated_sculk_sensor":3,"minecraft:white_wool":54,"minecraft:crossbow":34,"minecraft:sponge":12,"minecraft:note_block":4,"minecraft:lingering_potion":2,"majruszsdifficulty:tattered_leggings":1,"minecraft:redstone_torch":4,"minecraft:sticky_piston":7,"minecraft:heavy_weighted_pressure_plate":2,"minecraft:bread":90,"minecraft:string":3,"minecraft:deepslate":3,"minecraft:iron_door":2,"minecraft:gravel":4,"graveyard:middle_bone_staff":1,"iceandfire:dragon_skull_fire":7,"minecraft:grindstone":1,"minecraft:stripped_oak_wood":76,"iceandfire:spawn_egg_hippogryph":2,"minecraft:andesite":1,"minecraft:chain":10,"minecraft:coarse_dirt":1,"minecraft:bone_meal":195,"minecraft:experience_bottle":1,"minecraft:oak_fence":256,"minecraft:trident":59,"doggytalents:rice_mill":12,"minecraft:flint_and_steel":2,"minecraft:cracked_deepslate_bricks":1,"minecraft:redstone":15,"minecraft:dried_kelp":55,"minecraft:spruce_planks":5,"minecraft:wooden_shovel":101,"minecraft:cooked_chicken":2,"minecraft:dirt":288,"minecraft:hopper":7,"minecraft:birch_door":1,"iceandfire:tide_green_chestplate":1,"minecraft:stone_brick_slab":17,"minecraft:bookshelf":18,"minecraft:oak_stairs":180,"assortedtools:amethyst_chestplate":1,"minecraft:golden_carrot":26,"minecraft:soul_soil":1,"minecraft:acacia_boat":1,"iceandfire:fire_dragon_flesh":3,"minecraft:iron_ore":14,"minecraft:cobblestone_stairs":4,"minecraft:baked_potato":44,"minecraft:birch_boat":2,"minecraft:cobblestone_slab":4,"minecraft:terracotta":15,"minecraft:smoker":3,"archers:rapid_crossbow":32,"minecraft:apple":20,"minecraft:map":1,"dungeonnowloading:great_experience_bottle":5,"spellbladenext:starforge":1,"minecraft:stone_axe":88,"minecraft:fishing_rod":2056,"majruszsdifficulty:bandage":3,"minecraft:bucket":25,"minecraft:pumpkin_pie":6,"minecraft:smooth_stone":3,"minecraft:chainmail_leggings":1},"minecraft:killed":{"minecraft:cave_spider":5,"iceandfire:hippogryph":2,"minecraft:cod":19,"naturalist:boar":2,"minecraft:skeleton":165,"minecraft:guardian":4,"minecraft:chicken":7,"majruszsdifficulty:creeperling":4,"minecraft:magma_cube":1,"naturalist:firefly":1,"minecraft:salmon":25,"majruszsdifficulty:tank":5,"minecraft:pillager":9,"minecraft:zombie":195,"iceandfire:lightning_dragon":1,"iceandfire:sea_serpent":8,"graveyard:nightmare":1,"minecraft:vindicator":8,"majruszsdifficulty:illusioner":1,"illagerinvasion:marauder":1,"iceandfire:siren":11,"dungeonnowloading:chaos_spawner":2,"minecraft:husk":41,"graveyard:ghoul":1,"iceandfire:cyclops":5,"majruszsdifficulty:cursed_armor":3,"whisperwoods:zotzpyre":4,"mutantmonsters:creeper_minion":1,"iceandfire:ghost":12,"iceandfire:ice_dragon":1,"minecraft:witch":3,"minecraft:zombified_piglin":9,"graveyard:skeleton_creeper":4,"creeperoverhaul:beach_creeper":1,"minecraft:spider":30,"creeperoverhaul:bamboo_creeper":1,"minecraft:bee":3,"minecraft:wolf":3,"minecraft:piglin":3,"minecraft:zombie_villager":4,"minecraft:creeper":19,"minecraft:sheep":10,"minecraft:stray":38,"clutter:butterfly":1,"minecraft:vex":4,"minecraft:phantom":5,"iceandfire:fire_dragon":6,"naturalist:bass":64,"minecraft:drowned":9,"majruszsdifficulty:cerberus":3,"whisperwoods:hidebehind":1,"naturalist:butterfly":1,"minecraft:squid":2,"mutantmonsters:mutant_zombie":1,"minecraft:wither_skeleton":25,"minecraft:player":5,"minecraft:villager":5},"minecraft:killed_by":{"iceandfire:siren":1,"minecraft:zombie":9,"minecraft:vex":2,"minecraft:husk":1,"minecraft:stray":2,"minecraft:zombified_piglin":1,"iceandfire:cyclops":2,"minecraft:creeper":4,"minecraft:drowned":2,"graveyard:skeleton_creeper":1,"iceandfire:sea_serpent":2,"creeperoverhaul:ocean_creeper":2,"iceandfire:ice_dragon":1,"majruszsdifficulty:cerberus":1,"iceandfire:fire_dragon":9,"majruszsdifficulty:tank":1,"dungeonnowloading:chaos_spawner":1,"minecraft:skeleton":6,"iceandfire:lightning_dragon":2,"illagerinvasion:marauder":1,"iceandfire:myrmex_sentinel":1},"minecraft:custom":{"minecraft:interact_with_crafting_table":163,"minecraft:open_barrel":148,"goblintraders:trade_with_goblin":69,"minecraft:eat_cake_slice":1,"minecraft:leave_game":26,"minecraft:time_since_death":152142,"minecraft:damage_blocked_by_shield":6075,"minecraft:play_time":2388634,"minecraft:deaths":58,"minecraft:jump":21916,"minecraft:enchant_item":11,"minecraft:interact_with_furnace":177,"minecraft:play_record":9,"minecraft:traded_with_villager":208,"minecraft:sleep_in_bed":13,"minecraft:damage_dealt":84474,"minecraft:interact_with_smoker":8,"minecraft:interact_with_anvil":40,"minecraft:inspect_hopper":6,"minecraft:damage_dealt_absorbed":36,"minecraft:sneak_time":302412,"minecraft:interact_with_blast_furnace":12,"minecraft:total_world_time":2388634,"minecraft:tune_noteblock":1016,"minecraft:time_since_rest":11114,"minecraft:swim_one_cm":923428,"minecraft:fly_one_cm":4317006,"minecraft:open_chest":1313,"minecraft:fish_caught":961,"minecraft:fall_one_cm":506823,"minecraft:animals_bred":6,"minecraft:sprint_one_cm":2528546,"minecraft:drop":491,"minecraft:play_noteblock":3,"minecraft:talked_to_villager":56,"minecraft:interact_with_brewingstand":1,"minecraft:walk_on_water_one_cm":632196,"minecraft:player_kills":5,"minecraft:crouch_one_cm":1139959,"minecraft:mob_kills":838,"minecraft:damage_dealt_resisted":3264,"minecraft:climb_one_cm":24362,"minecraft:walk_one_cm":6194820,"minecraft:walk_under_water_one_cm":736120,"minecraft:boat_one_cm":324878,"minecraft:interact_with_grindstone":17,"minecraft:hex":0,"minecraft:damage_taken":43265,"minecraft:damage_absorbed":5325,"minecraft:trigger_trapped_chest":7},"minecraft:dropped":{"minecraft:iron_sword":5,"minecraft:lapis_lazuli":21,"minecraft:diamond":13,"minecraft:crafting_table":3,"spellbladenext:arcane_claymore":4,"minecraft:cracked_stone_bricks":5,"minecraft:saddle":1,"minecraft:emerald":4,"minecraft:dirt":66,"minecraft:birch_fence":3,"minecraft:stone_button":2,"minecraft:gold_nugget":26,"minecraft:iron_pickaxe":4,"majruszsdifficulty:tattered_leggings":1,"minecraft:dark_oak_planks":1,"minecraft:white_wool":5,"minecraft:fishing_rod":6,"minecraft:bone":49,"minecraft:note_block":1,"majruszsdifficulty:cloth":18,"minecraft:goat_horn":1,"minecraft:stone_axe":1,"dungeonnowloading:scepter_of_sealed_chaos":1,"minecraft:iron_nugget":26,"minecraft:golden_chestplate":2,"minecraft:cobbled_deepslate":26,"dungeonnowloading:wooden_wall_rack":1,"minecraft:birch_sapling":2,"minecraft:rotten_flesh":139,"dungeonnowloading:mossy_cobblestone_pebble":13,"universal_graves:grave_compass":25,"minecraft:salmon":23,"minecraft:rabbit_foot":67,"iceandfire:shiny_scales":4,"rogues:rogue_armor_head":1,"minecraft:tipped_arrow":1,"vc_gliders:paraglider_iron":1,"minecraft:charcoal":1,"iceandfire:bestiary":1,"minecraft:iron_ingot":84,"minecraft:enchanted_book":4,"minecraft:golden_boots":1,"minecraft:wheat_seeds":70,"minecraft:mangrove_trapdoor":1,"clutter:copper_coin":10,"minecraft:feather":2,"minecraft:book":4,"minecraft:cobblestone":264,"majruszsdifficulty:soul_jar":1,"minecraft:deepslate_tile_slab":1,"minecraft:chainmail_helmet":1,"minecraft:coal":4,"minecraft:golden_apple":1,"minecraft:polished_andesite":2,"minecraft:pufferfish":11,"minecraft:cobweb":10,"minecraft:sculk":1,"minecraft:golden_carrot":5,"minecraft:ink_sac":1,"minecraft:cooked_salmon":4,"minecraft:iron_shovel":1,"paladins:diamond_kite_shield":1,"minecraft:smooth_stone":3,"minecraft:chainmail_leggings":1,"minecraft:string":33,"minecraft:acacia_planks":42,"iceandfire:dragon_skull_fire":2,"artifacts:bunny_hoppers":1,"minecraft:stone_brick_slab":1,"minecraft:brick_wall":1,"minecraft:player_head":1,"minecraft:smooth_stone_slab":2,"minecraft:bowl":2,"minecraft:iron_boots":1,"minecraft:name_tag":2,"naturalist:cooked_bass":4,"minecraft:spruce_fence":3,"minecraft:diamond_sword":1,"minecraft:hay_block":3,"minecraft:potato":2,"minecraft:stone":3,"minecraft:spruce_trapdoor":3,"majruszsdifficulty:bandage":7,"minecraft:peony":3,"minecraft:spruce_planks":2,"minecraft:diamond_pickaxe":1,"minecraft:wooden_shovel":2,"minecraft:stone_bricks":2,"minecraft:spider_eye":4,"minecraft:bow":4,"iceandfire:sea_serpent_fang":9,"iceandfire:dragon_skull_lightning":1,"minecraft:candle":1,"minecraft:birch_planks":30,"minecraft:diamond_axe":7,"minecraft:baked_potato":18,"minecraft:decorated_pot":3,"archers:royal_longbow":2,"dungeonnowloading:skull_of_chaos":2,"dungeonnowloading:cobblestone_pebble":25,"iceandfire:fire_dragon_flesh":8,"minecraft:leather":41,"iceandfire:tide_trident":4,"minecraft:cod":37,"minecraft:cobblestone_stairs":4,"minecraft:flint":1,"majruszsdifficulty:cerberus_fang":5,"minecraft:mutton":2,"dungeonnowloading:soul_cloth":1,"minecraft:snowball":59,"minecraft:amethyst_shard":3,"minecraft:stripped_oak_wood":1,"minecraft:birch_log":54,"assortedtools:copper_leggings":1,"iceandfire:armor_gray_helmet":1,"minecraft:gold_ingot":10,"minecraft:gravel":17,"majruszsdifficulty:tattered_chestplate":1,"simplyskills:malevolent_manuscript":1,"minecraft:diamond_shovel":1,"minecraft:carrot":4,"clutter:panda_plushie":1,"minecraft:chiseled_stone_bricks":1,"supplementaries:ash":10,"minecraft:gunpowder":2,"minecraft:skeleton_skull":1,"minecraft:stone_brick_wall":3,"minecraft:spruce_pressure_plate":2,"minecraft:birch_door":6,"doggytalents:rice_grains":2,"simplyswords:diamond_greathammer":1,"minecraft:arrow":157,"minecraft:oak_leaves":1,"minecraft:water_bucket":1,"minecraft:bread":27,"minecraft:oak_slab":2,"clutter:small_lily_pads":1,"minecraft:lilac":1,"minecraft:mossy_cobblestone":27,"iceandfire:dragonscales_green":12,"minecraft:copper_ingot":1,"minecraft:grass_block":4,"minecraft:stick":10,"minecraft:spruce_fence_gate":2,"supplementaries:pancake":48,"minecraft:diorite":3,"minecraft:torch":16,"travelersbackpack:spider":1,"iceandfire:armor_white_leggings":1,"minecraft:iron_axe":1,"minecraft:tripwire_hook":6,"iceandfire:dragonbone":2,"minecraft:kelp":62,"minecraft:raw_copper":2,"minecraft:tuff":3,"iceandfire:witherbone":2,"minecraft:raw_iron":13,"minecraft:sculk_sensor":1,"dungeonnowloading:spawner_fragment":17,"minecraft:shield":1,"extraspellattributes:goldquartzamulet":1,"iceandfire:armor_green_boots":1,"minecraft:diamond_chestplate":1,"travelersbackpack:lapis":1,"paladins:golden_kite_shield":1,"minecraft:mossy_stone_bricks":4,"minecraft:stone_pickaxe":1,"iceandfire:fire_dragon_heart":1,"minecraft:raw_gold":6,"minecraft:wooden_pickaxe":2,"minecraft:calcite":1},"minecraft:broken":{"iceandfire:tide_red_leggings":1,"minecraft:wooden_shovel":1,"assortedtools:amethyst_leggings":1,"minecraft:iron_boots":2,"majruszsdifficulty:tattered_leggings":1,"minecraft:iron_chestplate":1,"minecraft:iron_leggings":1,"minecraft:chainmail_boots":1,"iceandfire:armor_green_helmet":1,"minecraft:chainmail_leggings":1,"minecraft:chainmail_helmet":1,"minecraft:shield":2,"minecraft:iron_helmet":2,"iceandfire:armor_green_leggings":1,"minecraft:stone_pickaxe":1,"minecraft:chainmail_chestplate":1,"assortedtools:amethyst_chestplate":1,"iceandfire:tide_red_helmet":2,"iceandfire:armor_green_boots":2,"iceandfire:tide_red_boots":1,"minecraft:leather_boots":1,"majruszsdifficulty:tattered_chestplate":1,"iceandfire:armor_copper_metal_boots":1},"minecraft:crafted":{"minecraft:birch_boat":1,"minecraft:bookshelf":18,"naturalist:cooked_bass":20,"archers:composite_longbow":1,"iceandfire:armor_copper_metal_chestplate":1,"minecraft:iron_door":3,"minecraft:birch_door":3,"dungeonnowloading:scepter_of_sealed_chaos":1,"minecraft:wooden_shovel":1,"minecraft:emerald":269,"minecraft:copper_ingot":20,"iceandfire:armor_green_chestplate":1,"spellbladenext:arcane_claymore":2,"archers:heavy_crossbow":1,"minecraft:stone_slab":6,"minecraft:iron_pickaxe":1,"minecraft:iron_block":15,"minecraft:gold_ingot":237,"iceandfire:dragon_horn":1,"iceandfire:armor_sapphire_boots":1,"extraspellattributes:nonbelieversamulet":1,"minecraft:golden_carrot":29,"archers:archers_workbench":1,"vc_gliders:reinforced_paper_iron":3,"majruszsdifficulty:tattered_leggings":1,"iceandfire:armor_green_leggings":1,"doggytalents:rice_mill":1,"minecraft:bone_meal":258,"minecraft:polished_diorite":4,"minecraft:stone_pickaxe":5,"minecraft:wheat":243,"archers:royal_longbow":2,"vc_gliders:reinforced_paper":3,"minecraft:enchanting_table":1,"minecraft:dried_kelp":24,"iceandfire:armor_red_helmet":1,"dungeonnowloading:spawner_blade":2,"minecraft:iron_shovel":1,"minecraft:iron_leggings":2,"doggytalents:rice_grains":81,"minecraft:white_bed":1,"spell_engine:spell_binding":1,"minecraft:note_block":1,"minecraft:grindstone":1,"minecraft:oak_planks":24,"doggytalents:rice_bowl":64,"minecraft:cobblestone_slab":12,"assortedtools:pokeball":1,"assortedtools:amethyst_chestplate":1,"iceandfire:lectern":2,"assortedtools:wood_bucket":13,"minecraft:cobblestone_stairs":4,"minecraft:stone":16,"spellbladenext:arcane_blade":2,"minecraft:heavy_weighted_pressure_plate":1,"iceandfire:armor_copper_metal_boots":1,"minecraft:hopper":1,"minecraft:iron_boots":2,"iceandfire:armor_gray_helmet":1,"iceandfire:armor_green_helmet":1,"minecraft:chest":21,"minecraft:golden_sword":2,"majruszsdifficulty:tattered_helmet":1,"minecraft:arrow":1072,"dungeonnowloading:spawner_frame":6,"minecraft:crafting_table":15,"minecraft:spruce_planks":18,"minecraft:iron_helmet":3,"minecraft:wooden_pickaxe":1,"minecraft:gold_block":23,"minecraft:birch_planks":580,"minecraft:iron_chestplate":1,"archers:rapid_crossbow":1,"minecraft:charcoal":1,"minecraft:shield":2,"minecraft:birch_fence":24,"minecraft:stick":92,"minecraft:iron_ingot":278,"minecraft:stone_sword":1,"iceandfire:tide_red_helmet":2,"assortedtools:amethyst_leggings":1,"minecraft:tripwire_hook":4,"minecraft:fishing_rod":4,"iceandfire:tide_red_boots":1,"iceandfire:dragon_stick":1,"minecraft:stone_button":1,"minecraft:furnace":6,"assortedtools:copper_leggings":1,"iceandfire:tide_green_chestplate":1,"vc_gliders:paraglider_iron":1,"iceandfire:armor_sapphire_leggings":1,"minecraft:flint_and_steel":1,"minecraft:cooked_cod":150,"minecraft:iron_trapdoor":1,"iceandfire:dragon_meal":32,"iceandfire:tide_trident":2,"minecraft:iron_sword":2,"minecraft:bowl":108,"minecraft:cooked_salmon":31,"minecraft:bucket":1,"minecraft:stone_axe":1,"minecraft:acacia_boat":1,"minecraft:bread":81,"minecraft:air":0,"minecraft:jungle_planks":4,"iceandfire:tide_red_leggings":1,"iceandfire:bestiary":1,"minecraft:gold_nugget":171,"archers:archer_armor_legs":1,"minecraft:chipped_anvil":1,"minecraft:anvil":1,"minecraft:acacia_planks":284,"minecraft:torch":80,"iceandfire:armor_green_boots":2},"minecraft:picked_up":{"minecraft:birch_door":5,"minecraft:suspicious_stew":1,"minecraft:prismarine_shard":13,"doggytalents:koji":12,"minecraft:lead":1,"minecraft:diamond_sword":2,"minecraft:oak_stairs":2,"minecraft:enchanted_book":29,"minecraft:brewing_stand":1,"minecraft:amethyst_block":26,"minecraft:string":221,"minecraft:cooked_salmon":45,"minecraft:pufferfish":120,"minecraft:beetroot":6,"minecraft:gold_nugget":737,"minecraft:cobbled_deepslate":57,"minecraft:spruce_planks":9,"assortedtools:pokeball":75,"minecraft:diamond_ore":1,"minecraft:spruce_pressure_plate":2,"minecraft:jukebox":4,"minecraft:acacia_log":1,"minecraft:brick_wall":1,"iceandfire:lightning_dragon_flesh":7,"minecraft:golden_chestplate":2,"minecraft:rabbit_foot":1,"iceandfire:lightning_lily":2,"minecraft:stone_sword":1,"minecraft:tropical_fish":20,"minecraft:red_tulip":1,"iceandfire:fire_dragon_heart":6,"minecraft:iron_block":1,"supplementaries:quiver":3,"supplementaries:ash":23,"majruszsdifficulty:undead_army_treasure_bag":2,"minecraft:snowball":67,"minecraft:birch_log":148,"iceandfire:dragonscales_black":12,"minecraft:feather":27,"minecraft:cooked_beef":3,"minecraft:iron_door":2,"minecraft:cherry_leaves":1,"minecraft:water_bucket":1,"minecraft:jungle_log":1,"rogues:rogue_armor_head":1,"minecraft:smoker":4,"minecraft:flint":13,"farmersdelight:tomato":13,"minecraft:glowstone_dust":6,"minecraft:moss_block":1,"minecraft:honeycomb":5,"dungeonnowloading:spawner_frame":10,"dungeonnowloading:spawner_boots":1,"iceandfire:dragonscales_sapphire":24,"iceandfire:dragon_skull_fire":14,"iceandfire:shiny_scales":34,"minecraft:stripped_spruce_log":3,"minecraft:ink_sac":41,"iceandfire:lightning_dragon_heart":2,"minecraft:red_terracotta":18,"naturalist:duck_egg":1,"iceandfire:chared_cobblestone":5,"minecraft:bundle":2,"minecraft:polished_andesite":3,"minecraft:deepslate":7,"minecraft:granite":16,"minecraft:chainmail_helmet":1,"minecraft:bread":14,"minecraft:bricks":6,"iceandfire:raw_silver":11,"minecraft:diamond_pickaxe":2,"iceandfire:dragon_skull_lightning":12,"minecraft:coarse_dirt":1,"minecraft:crafting_table":8,"iceandfire:witherbone":4,"minecraft:leather_leggings":1,"travelersbackpack:sandstone":6,"minecraft:heavy_weighted_pressure_plate":2,"iceandfire:sea_serpent_scales_blue":12,"doggytalents:rice_mill":11,"minecraft:flint_and_steel":1,"minecraft:compass":1,"dungeonnowloading:spawner_fragment":114,"iceandfire:ghost_ingot":2,"clutter:raw_silver":42,"minecraft:cracked_stone_bricks":7,"minecraft:deepslate_diamond_ore":1,"minecraft:iron_nugget":26,"minecraft:spruce_slab":1,"minecraft:chest":27,"iceandfire:dragonscales_electric":27,"minecraft:birch_sapling":23,"minecraft:egg":3,"minecraft:sandstone":44,"minecraft:stone":7,"minecraft:spruce_fence":4,"minecraft:carrot":136,"minecraft:redstone":71,"minecraft:mangrove_trapdoor":1,"minecraft:prismarine_crystals":26,"iceandfire:dragon_skull_ice":6,"minecraft:cooked_cod":72,"minecraft:decorated_pot":6,"minecraft:peony":4,"iceandfire:dragonscales_silver":17,"minecraft:hay_block":30,"spell_engine:spell_binding":2,"minecraft:cracked_deepslate_bricks":1,"dungeonnowloading:skull_of_chaos":1,"paladins:golden_mace":1,"minecraft:gold_ingot":54,"minecraft:totem_of_undying":1,"minecraft:mutton":49,"minecraft:white_wool":20,"minecraft:bone_block":1,"minecraft:emerald_ore":20,"iceandfire:sea_serpent_fang":51,"minecraft:tripwire_hook":13,"minecraft:acacia_wood":70,"majruszsdifficulty:cloth":42,"doggytalents:rice_grains":10,"minecraft:oak_log":7,"minecraft:lily_pad":8,"minecraft:golden_boots":1,"minecraft:sculk_vein":9,"minecraft:paper":3,"minecraft:stone_bricks":29,"minecraft:kelp":170,"majruszsdifficulty:tattered_leggings":5,"minecraft:music_disc_far":1,"minecraft:cobweb":15,"minecraft:iron_ore":14,"majruszsdifficulty:angler_treasure_bag":1,"minecraft:glass_bottle":2,"minecraft:iron_sword":3,"spellbladenext:arcane_claymore":2,"iceandfire:chared_stone":4,"iceandfire:copper_nugget":4,"iceandfire:sea_serpent_scales_green":8,"minecraft:sculk":1,"minecraft:gravel":88,"clutter:small_lily_pads":5,"minecraft:spruce_log":2,"graveyard:middle_bone_staff":1,"naturalist:cooked_bass":44,"iceandfire:dragonscales_copper":7,"minecraft:diamond_shovel":1,"minecraft:slime_ball":1,"minecraft:scute":9,"archers:rapid_crossbow":1,"minecraft:diamond_axe":5,"minecraft:gray_wool":1,"iceandfire:ice_dragon_flesh":4,"minecraft:baked_potato":105,"minecraft:hopper":3,"minecraft:wheat":59,"minecraft:iron_trapdoor":2,"minecraft:yellow_wool":2,"minecraft:potion":2,"travelersbackpack:spider":1,"travelersbackpack:emerald":1,"minecraft:raw_copper":66,"minecraft:smooth_stone_slab":6,"universal_graves:grave_compass":8,"iceandfire:sea_serpent_scales_bronze":10,"minecraft:smooth_stone":6,"minecraft:comparator":2,"iceandfire:frost_lily":1,"minecraft:rose_bush":1,"minecraft:cobblestone_slab":4,"minecraft:calcite":6,"minecraft:wooden_shovel":2,"dungeonnowloading:mossy_cobblestone_pebble":16,"minecraft:iron_pickaxe":3,"iceandfire:dragonscales_red":48,"farmersdelight:cabbage_seeds":1,"supplementaries:pancake":16,"minecraft:furnace":2,"minecraft:tipped_arrow":59,"minecraft:stick":33,"minecraft:oak_fence":17,"minecraft:torch":38,"minecraft:spruce_stairs":3,"minecraft:porkchop":5,"minecraft:netherite_shovel":1,"minecraft:diorite":22,"minecraft:music_disc_pigstep":3,"minecraft:goat_horn":1,"minecraft:blue_stained_glass":1,"minecraft:rotten_flesh":211,"minecraft:music_disc_ward":1,"minecraft:leather_horse_armor":1,"minecraft:obsidian":18,"minecraft:cod":612,"minecraft:cobblestone":935,"minecraft:nautilus_shell":23,"minecraft:pink_petals":32,"minecraft:leather_chestplate":1,"archers:royal_longbow":1,"minecraft:lilac":3,"minecraft:repeater":3,"minecraft:andesite":1,"minecraft:potato":60,"minecraft:tuff":7,"supplementaries:flute":1,"minecraft:lapis_lazuli":114,"minecraft:dirt":301,"dungeonnowloading:spawner_helmet":1,"minecraft:name_tag":16,"minecraft:leather_boots":3,"minecraft:bone":421,"minecraft:acacia_planks":46,"minecraft:bow":17,"minecraft:wheat_seeds":513,"minecraft:raw_gold":45,"minecraft:mossy_stone_bricks":27,"minecraft:fletching_table":7,"minecraft:oak_planks":2,"minecraft:music_disc_13":4,"minecraft:poisonous_potato":2,"minecraft:sand":29,"minecraft:grass_block":7,"dungeonnowloading:wooden_wall_rack":2,"minecraft:spectral_arrow":20,"minecraft:mossy_cobblestone":34,"minecraft:spruce_fence_gate":2,"clutter:copper_coin":10,"minecraft:diamond":32,"minecraft:crossbow":2,"minecraft:bone_meal":4,"minecraft:golden_apple":2,"minecraft:emerald":53,"iceandfire:tide_trident":5,"minecraft:oak_sapling":6,"minecraft:netherrack":89,"minecraft:oak_leaves":1,"minecraft:fishing_rod":23,"majruszsdifficulty:tattered_boots":3,"dungeonnowloading:spawner_leggings":1,"minecraft:chicken":5,"minecraft:ladder":2,"minecraft:turtle_helmet":1,"iceandfire:fire_lily":1,"dungeonnowloading:cobblestone_pebble":27,"minecraft:stone_brick_wall":3,"doggytalents:rice_wheat":140,"minecraft:item_frame":2,"minecraft:birch_fence":7,"graveyard:corruption":3,"minecraft:candle":3,"minecraft:oak_boat":8,"minecraft:player_head":1,"vc_gliders:paraglider_iron":1,"minecraft:lectern":1,"minecraft:spruce_trapdoor":3,"minecraft:phantom_membrane":2,"iceandfire:ice_dragon_heart":2,"iceandfire:dragonscales_gray":27,"minecraft:raw_iron":128,"minecraft:stripped_mangrove_wood":2,"iceandfire:dragonbone":144,"iceandfire:dragonscales_green":58,"minecraft:bowl":5,"minecraft:flowering_azalea_leaves":1,"minecraft:note_block":3,"minecraft:stone_button":3,"minecraft:trident":1,"archers:archers_workbench":4,"minecraft:dark_oak_planks":3,"iceandfire:sea_serpent_scales_purple":40,"minecraft:arrow":260,"dungeonnowloading:spawner_chestplate":1,"iceandfire:cyclops_eye":2,"minecraft:golden_hoe":1,"minecraft:saddle":10,"majruszsdifficulty:cerberus_fang":9,"minecraft:brick_stairs":4,"minecraft:skeleton_skull":1,"dungeonnowloading:chaotic_hexahedron":1,"minecraft:golden_carrot":4,"minecraft:salmon":298,"clutter:giant_lily_pad":3,"minecraft:leather":103,"minecraft:birch_planks":102,"iceandfire:ectoplasm":1,"iceandfire:dragonegg_gray":1,"minecraft:gunpowder":53,"minecraft:cobblestone_stairs":4,"minecraft:deepslate_tile_slab":1,"naturalist:bass":23,"minecraft:cooked_mutton":2,"minecraft:iron_ingot":109,"minecraft:cooked_chicken":2,"minecraft:stripped_oak_wood":1,"iceandfire:fire_dragon_flesh":28,"minecraft:music_disc_chirp":1,"minecraft:book":59,"minecraft:sculk_catalyst":3,"minecraft:oak_slab":3,"minecraft:birch_boat":1,"minecraft:pumpkin":3,"minecraft:chiseled_stone_bricks":1,"minecraft:stone_brick_slab":1,"minecraft:quartz":208,"minecraft:amethyst_shard":51,"minecraft:blast_furnace":3,"majruszsdifficulty:bandage":12,"dungeonnowloading:great_experience_bottle":5,"minecraft:gold_ore":7,"minecraft:spider_eye":8,"minecraft:spruce_door":1,"minecraft:sculk_sensor":3,"simplyskills:malevolent_manuscript":1,"minecraft:chainmail_leggings":1,"iceandfire:sea_serpent_scales_red":62,"rogues:arms_workbench":2,"minecraft:terracotta":15,"minecraft:damaged_anvil":2,"majruszsdifficulty:tattered_chestplate":6,"dungeonnowloading:soul_cloth":6,"minecraft:coal":204},"minecraft:mined":{"dungeonnowloading:spikes":13,"dungeonnowloading:iron_ingot_pile":4,"minecraft:obsidian":19,"minecraft:granite":16,"minecraft:acacia_log":1,"minecraft:stone_brick_wall":3,"clutter:deepslate_silver_ore":7,"minecraft:jungle_log":1,"minecraft:deepslate_bricks":1,"minecraft:hopper":3,"minecraft:chiseled_stone_bricks":1,"minecraft:spawner":16,"minecraft:tall_seagrass":5,"minecraft:fire":66,"minecraft:cobbled_deepslate":1,"minecraft:deepslate_lapis_ore":11,"minecraft:fletching_table":7,"dungeonnowloading:wooden_wall_rack":1,"iceandfire:gold_pile":53,"minecraft:dirt_path":2,"minecraft:spruce_pressure_plate":2,"minecraft:stripped_mangrove_wood":2,"minecraft:tripwire":3,"minecraft:kelp_plant":41,"minecraft:smoker":4,"minecraft:amethyst_cluster":9,"minecraft:powder_snow":24,"minecraft:torch":8,"minecraft:note_block":3,"minecraft:blast_furnace":3,"farmersdelight:cabbages":1,"minecraft:damaged_anvil":2,"minecraft:bricks":3,"minecraft:amethyst_block":14,"minecraft:skeleton_skull":1,"minecraft:wheat":55,"minecraft:jukebox":3,"minecraft:stone_brick_stairs":2,"travelersbackpack:sandstone":5,"minecraft:grass":25,"dungeonnowloading:explosive_barrel":33,"minecraft:deepslate":93,"iceandfire:silver_ore":5,"minecraft:mossy_cobblestone":33,"minecraft:spruce_fence":2,"minecraft:redstone_wire":1,"minecraft:moss_block":2,"minecraft:kelp":18,"minecraft:redstone_ore":5,"minecraft:snow":2,"minecraft:acacia_wood":70,"minecraft:andesite":1,"minecraft:potatoes":18,"minecraft:cobblestone_slab":4,"minecraft:vine":6,"iceandfire:frost_lily":1,"minecraft:bone_block":1,"dungeonnowloading:mossy_cobblestone_pebbles":3,"minecraft:stone_brick_slab":2,"minecraft:emerald_ore":39,"doggytalents:rice_mill":11,"minecraft:tall_grass":10,"minecraft:copper_ore":16,"minecraft:deepslate_gold_ore":1,"minecraft:cracked_deepslate_bricks":2,"minecraft:diorite":22,"minecraft:red_terracotta":11,"minecraft:coarse_dirt":1,"minecraft:spruce_log":2,"minecraft:birch_leaves":27,"minecraft:gravel":65,"minecraft:acacia_planks":3,"minecraft:spruce_fence_gate":1,"minecraft:stone_bricks":39,"minecraft:gold_ore":32,"minecraft:iron_trapdoor":2,"minecraft:large_amethyst_bud":3,"minecraft:spruce_planks":9,"minecraft:sculk_vein":17,"minecraft:cobblestone_stairs":4,"minecraft:brewing_stand":1,"minecraft:spruce_trapdoor":3,"minecraft:budding_amethyst":3,"minecraft:grass_block":107,"minecraft:smooth_stone":10,"minecraft:sculk_catalyst":3,"minecraft:glowstone":1,"minecraft:iron_ore":81,"minecraft:spruce_slab":1,"archers:archers_workbench":4,"iceandfire:chared_cobblestone":10,"minecraft:deepslate_redstone_ore":3,"graveyard:middle_bone_staff":1,"supplementaries:book_pile":1,"minecraft:medium_amethyst_bud":3,"dungeonnowloading:dungeon_wall_torch":1,"minecraft:calcite":8,"minecraft:chest":28,"iceandfire:fire_lily":1,"minecraft:nether_quartz_ore":127,"minecraft:cobblestone":65,"graveyard:lying_skeleton":1,"minecraft:iron_door":2,"minecraft:wall_torch":6,"minecraft:seagrass":3,"dungeonnowloading:gold_ingot_pile":5,"minecraft:birch_log":144,"minecraft:smooth_stone_slab":2,"minecraft:oak_log":6,"dungeonnowloading:wooden_wall_platform":2,"minecraft:sand":31,"minecraft:dirt":140,"minecraft:tripwire_hook":2,"minecraft:netherrack":110,"minecraft:oak_leaves":28,"iceandfire:chared_stone":13,"minecraft:nether_gold_ore":5,"iceandfire:lightning_lily":2,"minecraft:diamond_ore":9,"minecraft:tuff":17,"minecraft:deepslate_diamond_ore":4,"minecraft:glow_lichen":3,"minecraft:decorated_pot":8,"minecraft:brick_stairs":2,"dungeonnowloading:book_pile":1,"minecraft:spruce_leaves":20,"minecraft:sandstone":55,"minecraft:large_fern":1,"minecraft:hay_block":24,"minecraft:heavy_weighted_pressure_plate":1,"minecraft:furnace":2,"minecraft:carrots":39,"minecraft:stripped_spruce_log":3,"minecraft:peony":2,"minecraft:bookshelf":18,"minecraft:deepslate_iron_ore":24,"minecraft:stone":564,"minecraft:podzol":1,"doggytalents:rice_crop":67,"minecraft:snow_block":12,"minecraft:brick_wall":1,"minecraft:oak_fence":16,"minecraft:crafting_table":8,"minecraft:sculk_sensor":9,"minecraft:lectern":1,"rogues:arms_workbench":2,"minecraft:lily_pad":1,"minecraft:sculk":4,"supplementaries:urn":5,"minecraft:spruce_stairs":3,"minecraft:birch_planks":54,"spell_engine:spell_binding":2,"minecraft:coal_ore":94,"graveyard:leaning_skeleton":1,"minecraft:cracked_stone_bricks":5,"minecraft:terracotta":15,"minecraft:polished_andesite":2,"minecraft:mossy_stone_bricks":41,"minecraft:birch_fence":9,"minecraft:dark_oak_planks":1}},"DataVersion":3465}