{"stats":{"minecraft:killed_by":{"minecraft:spider":1,"minecraft:enderman":1,"dungeonnowloading:hollow":1,"naturalist:boar":1,"minecraft:skeleton":3,"minecraft:zombie":2},"minecraft:killed":{"minecraft:spider":1,"minecraft:cod":1,"creeperoverhaul:snowy_creeper":1,"minecraft:skeleton":1,"naturalist:bass":3,"graveyard:ghoul":1,"minecraft:squid":1,"minecraft:sheep":1,"minecraft:zombie":7},"minecraft:dropped":{"assortedtools:silver_spear":1,"travelersbackpack:blue_sleeping_bag":1,"minecraft:torch":4,"minecraft:sand":35,"minecraft:stone_sword":1,"naturalist:cooked_bass":2,"minecraft:rabbit_foot":33,"archers:flint_spear":1},"minecraft:used":{"minecraft:jungle_leaves":1,"minecraft:stone_sword":53,"minecraft:stone_shovel":131,"minecraft:dried_kelp":42,"minecraft:chest":2,"minecraft:wooden_shovel":9,"minecraft:cooked_salmon":2,"assortedtools:copper_pickaxe":31,"minecraft:rotten_flesh":4,"minecraft:torch":33,"minecraft:dirt":1,"minecraft:carrot":2,"naturalist:cooked_bass":2,"minecraft:light_blue_stained_glass":3,"minecraft:netherite_shovel":9,"minecraft:iron_block":19,"minecraft:grass_block":143,"minecraft:oak_stairs":107,"minecraft:furnace":1,"archers:netherite_longbow":6,"assortedtools:copper_bucket":10,"minecraft:diorite":1,"assortedtools:silver_spear":6,"minecraft:birch_leaves":1,"minecraft:stone_pickaxe":170,"minecraft:oak_planks":163,"minecraft:wooden_pickaxe":24,"minecraft:birch_boat":2,"minecraft:beacon":4,"minecraft:oak_leaves":6,"minecraft:crafting_table":6,"minecraft:cod":26,"minecraft:stone_axe":51,"minecraft:pink_petals":166,"minecraft:cobblestone":30,"endermanoverhaul:corrupted_blade":3},"minecraft:crafted":{"minecraft:stone_shovel":1,"assortedtools:silver_sword":1,"assortedtools:wood_boomerang":1,"minecraft:birch_boat":2,"minecraft:furnace":1,"assortedtools:copper_leggings":1,"naturalist:cooked_bass":3,"iceandfire:armor_copper_metal_helmet":1,"iceandfire:armor_copper_metal_boots":1,"assortedtools:copper_bucket":1,"runes:frost_stone":16,"assortedtools:copper_pickaxe":1,"minecraft:stone_pickaxe":1,"iceandfire:armor_copper_metal_chestplate":1,"minecraft:chest":2,"minecraft:wooden_shovel":1,"iceandfire:silver_ingot":4,"minecraft:crafting_table":5,"minecraft:dried_kelp":73,"minecraft:wooden_pickaxe":1,"minecraft:copper_ingot":39,"minecraft:birch_planks":172,"minecraft:stone_axe":1,"minecraft:air":0,"minecraft:diamond_pickaxe":1,"minecraft:stick":28,"minecraft:iron_ingot":4,"minecraft:stone_sword":1,"minecraft:torch":28,"assortedtools:silver_spear":2},"minecraft:broken":{"minecraft:stone_pickaxe":1,"minecraft:stone_shovel":1},"minecraft:mined":{"iceandfire:silver_ore":5,"minecraft:deepslate_diamond_ore":4,"minecraft:glow_lichen":1,"travelersbackpack:blue_sleeping_bag":1,"minecraft:grass_block":40,"minecraft:spruce_leaves":7,"minecraft:kelp":5,"minecraft:tall_seagrass":2,"minecraft:furnace":1,"minecraft:iron_ore":2,"minecraft:snow":3,"minecraft:pumpkin":1,"minecraft:stone":81,"minecraft:snow_block":27,"minecraft:kelp_plant":29,"minecraft:powder_snow":17,"minecraft:crafting_table":2,"minecraft:torch":15,"minecraft:copper_ore":9,"minecraft:diorite":4,"minecraft:wall_torch":4,"minecraft:deepslate_copper_ore":1,"minecraft:birch_log":43,"minecraft:spruce_log":8,"minecraft:birch_leaves":2,"minecraft:grass":1,"minecraft:coal_ore":66,"minecraft:cherry_leaves":1,"minecraft:flower_pot":1,"minecraft:gravel":1,"minecraft:sand":37,"minecraft:dirt":26,"minecraft:deepslate":7},"minecraft:picked_up":{"minecraft:crafting_table":2,"minecraft:flower_pot":1,"minecraft:string":1,"minecraft:raw_copper":31,"minecraft:cooked_salmon":2,"minecraft:cobbled_deepslate":7,"minecraft:beef":1,"minecraft:birch_sapling":2,"minecraft:furnace":1,"minecraft:stick":2,"minecraft:raw_iron":2,"minecraft:torch":22,"minecraft:diorite":4,"minecraft:music_disc_pigstep":1,"minecraft:carrot":4,"minecraft:rabbit_foot":82,"minecraft:stone_sword":1,"minecraft:rotten_flesh":7,"minecraft:mutton":2,"minecraft:cod":27,"minecraft:snowball":111,"minecraft:white_wool":2,"minecraft:cobblestone":82,"minecraft:birch_log":43,"minecraft:andesite":4,"doggytalents:rice_grains":2,"minecraft:birch_planks":14,"minecraft:dirt":78,"naturalist:bass":3,"minecraft:kelp":67,"minecraft:wheat_seeds":369,"minecraft:birch_boat":1,"minecraft:pumpkin":1,"minecraft:gravel":4,"minecraft:sand":35,"travelersbackpack:blue_sleeping_bag":1,"minecraft:ink_sac":2,"minecraft:spruce_log":8,"naturalist:cooked_bass":1,"minecraft:diamond":4,"minecraft:coal":64,"minecraft:oak_leaves":1,"iceandfire:raw_silver":5},"minecraft:custom":{"minecraft:mob_kills":18,"minecraft:interact_with_crafting_table":30,"minecraft:open_barrel":16,"goblintraders:trade_with_goblin":2,"minecraft:leave_game":2,"minecraft:time_since_death":5295,"minecraft:sprint_one_cm":513177,"minecraft:walk_one_cm":442085,"minecraft:drop":44,"minecraft:play_time":263142,"minecraft:deaths":16,"minecraft:sneak_time":5493,"minecraft:walk_under_water_one_cm":87185,"minecraft:boat_one_cm":206453,"minecraft:jump":2013,"minecraft:walk_on_water_one_cm":83492,"minecraft:total_world_time":263142,"minecraft:interact_with_furnace":28,"minecraft:sleep_in_bed":2,"minecraft:hex":0,"minecraft:time_since_rest":5370,"minecraft:damage_taken":3866,"minecraft:trigger_trapped_chest":4,"minecraft:damage_dealt":3556,"minecraft:interact_with_beacon":1,"minecraft:swim_one_cm":65815,"minecraft:fly_one_cm":593289,"minecraft:open_chest":4,"minecraft:crouch_one_cm":7193,"minecraft:fall_one_cm":31161}},"DataVersion":3465}