{"stats":{"minecraft:mined":{"iceandfire:silver_ore":1,"minecraft:kelp_plant":29,"minecraft:snow_block":14,"minecraft:glow_lichen":1,"minecraft:powder_snow":15,"minecraft:crafting_table":1,"minecraft:torch":14,"minecraft:grass_block":25,"minecraft:copper_ore":9,"minecraft:spruce_leaves":1,"minecraft:kelp":5,"minecraft:diorite":4,"minecraft:wall_torch":4,"minecraft:tall_seagrass":2,"minecraft:birch_log":40,"minecraft:snow":3,"minecraft:spruce_log":8,"minecraft:birch_leaves":2,"minecraft:pumpkin":1,"minecraft:coal_ore":52,"minecraft:cherry_leaves":1,"minecraft:dirt":14,"minecraft:stone":80},"minecraft:custom":{"minecraft:interact_with_furnace":23,"minecraft:mob_kills":7,"minecraft:interact_with_crafting_table":22,"minecraft:leave_game":2,"minecraft:time_since_death":11510,"minecraft:hex":0,"minecraft:time_since_rest":11548,"minecraft:sprint_one_cm":316031,"minecraft:damage_taken":2473,"minecraft:walk_one_cm":311087,"minecraft:drop":41,"minecraft:damage_dealt":1617,"minecraft:interact_with_beacon":1,"minecraft:swim_one_cm":35793,"minecraft:fly_one_cm":515786,"minecraft:open_chest":3,"minecraft:crouch_one_cm":905,"minecraft:play_time":192558,"minecraft:deaths":12,"minecraft:sneak_time":1860,"minecraft:walk_under_water_one_cm":54216,"minecraft:boat_one_cm":55194,"minecraft:jump":1266,"minecraft:walk_on_water_one_cm":53565,"minecraft:total_world_time":192558,"minecraft:fall_one_cm":16789},"minecraft:killed":{"minecraft:spider":1,"creeperoverhaul:snowy_creeper":1,"minecraft:zombie":1,"naturalist:bass":3},"minecraft:picked_up":{"minecraft:birch_log":40,"minecraft:crafting_table":1,"doggytalents:rice_grains":2,"minecraft:string":1,"minecraft:dirt":52,"minecraft:raw_copper":28,"minecraft:cooked_salmon":2,"naturalist:bass":3,"minecraft:kelp":67,"minecraft:wheat_seeds":369,"minecraft:birch_sapling":2,"minecraft:stick":2,"minecraft:birch_boat":1,"minecraft:pumpkin":1,"minecraft:torch":21,"minecraft:music_disc_pigstep":1,"minecraft:diorite":4,"minecraft:carrot":4,"minecraft:spruce_log":8,"naturalist:cooked_bass":1,"minecraft:rabbit_foot":82,"minecraft:stone_sword":1,"minecraft:rotten_flesh":1,"minecraft:coal":49,"minecraft:oak_leaves":1,"minecraft:cod":27,"minecraft:snowball":59,"iceandfire:raw_silver":1,"minecraft:cobblestone":81},"minecraft:killed_by":{"naturalist:boar":1,"minecraft:skeleton":1,"minecraft:spider":1,"minecraft:zombie":2,"minecraft:enderman":1},"minecraft:used":{"assortedtools:copper_bucket":4,"minecraft:jungle_leaves":1,"minecraft:diorite":1,"minecraft:stone_sword":15,"minecraft:birch_leaves":1,"minecraft:stone_shovel":56,"minecraft:stone_pickaxe":163,"minecraft:dried_kelp":12,"minecraft:oak_planks":163,"minecraft:birch_boat":1,"minecraft:chest":2,"minecraft:wooden_pickaxe":24,"minecraft:cooked_salmon":2,"minecraft:beacon":4,"minecraft:wooden_shovel":9,"minecraft:oak_leaves":6,"minecraft:torch":16,"minecraft:crafting_table":1,"naturalist:cooked_bass":2,"minecraft:cod":26,"minecraft:light_blue_stained_glass":3,"minecraft:netherite_shovel":9,"minecraft:iron_block":19,"minecraft:grass_block":143,"minecraft:oak_stairs":107,"minecraft:stone_axe":50,"minecraft:pink_petals":166,"endermanoverhaul:corrupted_blade":3,"archers:netherite_longbow":6},"minecraft:dropped":{"minecraft:stone_sword":1,"naturalist:cooked_bass":2,"minecraft:rabbit_foot":33,"minecraft:torch":4,"archers:flint_spear":1},"minecraft:crafted":{"minecraft:wooden_shovel":1,"minecraft:stone_shovel":1,"minecraft:crafting_table":1,"assortedtools:wood_boomerang":1,"minecraft:birch_boat":1,"minecraft:dried_kelp":73,"minecraft:wooden_pickaxe":1,"assortedtools:copper_leggings":1,"minecraft:copper_ingot":39,"minecraft:birch_planks":160,"minecraft:stone_axe":1,"naturalist:cooked_bass":3,"iceandfire:armor_copper_metal_boots":1,"minecraft:air":0,"iceandfire:armor_copper_metal_helmet":1,"assortedtools:copper_bucket":1,"runes:frost_stone":16,"minecraft:stick":16,"iceandfire:armor_copper_metal_chestplate":1,"minecraft:stone_pickaxe":1,"minecraft:stone_sword":1,"minecraft:chest":2,"minecraft:torch":28}},"DataVersion":3465}