{"stats":{"minecraft:killed":{"graveyard:ghoul":1,"minecraft:spider":1,"minecraft:cod":1,"minecraft:squid":1,"creeperoverhaul:snowy_creeper":1,"minecraft:sheep":1,"minecraft:skeleton":1,"minecraft:zombie":7,"naturalist:bass":3},"minecraft:killed_by":{"naturalist:boar":1,"minecraft:skeleton":3,"minecraft:spider":1,"minecraft:zombie":2,"minecraft:enderman":1},"minecraft:dropped":{"minecraft:stone_sword":1,"travelersbackpack:blue_sleeping_bag":1,"naturalist:cooked_bass":2,"minecraft:rabbit_foot":33,"minecraft:torch":4,"archers:flint_spear":1,"minecraft:sand":35},"minecraft:used":{"assortedtools:copper_bucket":8,"minecraft:diorite":1,"minecraft:jungle_leaves":1,"minecraft:stone_sword":53,"minecraft:birch_leaves":1,"minecraft:stone_shovel":113,"minecraft:stone_pickaxe":170,"minecraft:dried_kelp":42,"minecraft:oak_planks":163,"minecraft:chest":2,"minecraft:birch_boat":2,"minecraft:wooden_pickaxe":24,"minecraft:cooked_salmon":2,"minecraft:wooden_shovel":9,"minecraft:beacon":4,"assortedtools:copper_pickaxe":14,"minecraft:rotten_flesh":1,"minecraft:oak_leaves":6,"minecraft:torch":17,"minecraft:dirt":1,"minecraft:crafting_table":3,"minecraft:carrot":1,"naturalist:cooked_bass":2,"minecraft:cod":26,"minecraft:light_blue_stained_glass":3,"minecraft:netherite_shovel":9,"minecraft:grass_block":143,"minecraft:iron_block":19,"minecraft:oak_stairs":107,"minecraft:stone_axe":50,"minecraft:pink_petals":166,"minecraft:cobblestone":16,"endermanoverhaul:corrupted_blade":3,"minecraft:furnace":1,"archers:netherite_longbow":6},"minecraft:crafted":{"minecraft:wooden_shovel":1,"minecraft:stone_shovel":1,"iceandfire:silver_ingot":2,"assortedtools:silver_sword":1,"minecraft:crafting_table":3,"assortedtools:wood_boomerang":1,"minecraft:dried_kelp":73,"minecraft:wooden_pickaxe":1,"minecraft:birch_boat":2,"minecraft:furnace":1,"assortedtools:copper_leggings":1,"minecraft:copper_ingot":39,"minecraft:birch_planks":172,"minecraft:stone_axe":1,"naturalist:cooked_bass":3,"iceandfire:armor_copper_metal_boots":1,"minecraft:air":0,"iceandfire:armor_copper_metal_helmet":1,"assortedtools:copper_bucket":1,"runes:frost_stone":16,"minecraft:stick":20,"assortedtools:copper_pickaxe":1,"iceandfire:armor_copper_metal_chestplate":1,"minecraft:stone_pickaxe":1,"minecraft:stone_sword":1,"minecraft:chest":2,"minecraft:torch":28},"minecraft:broken":{"minecraft:stone_pickaxe":1},"minecraft:mined":{"iceandfire:silver_ore":5,"minecraft:kelp_plant":29,"minecraft:snow_block":14,"travelersbackpack:blue_sleeping_bag":1,"minecraft:powder_snow":15,"minecraft:torch":14,"minecraft:crafting_table":1,"minecraft:glow_lichen":1,"minecraft:grass_block":38,"minecraft:copper_ore":9,"minecraft:spruce_leaves":1,"minecraft:kelp":5,"minecraft:diorite":4,"minecraft:wall_torch":4,"minecraft:tall_seagrass":2,"minecraft:birch_log":43,"minecraft:snow":3,"minecraft:spruce_log":8,"minecraft:birch_leaves":2,"minecraft:pumpkin":1,"minecraft:grass":1,"minecraft:coal_ore":66,"minecraft:cherry_leaves":1,"minecraft:gravel":1,"minecraft:sand":37,"minecraft:dirt":26,"minecraft:stone":81},"minecraft:picked_up":{"minecraft:birch_log":43,"minecraft:crafting_table":1,"doggytalents:rice_grains":2,"minecraft:dirt":76,"minecraft:string":1,"minecraft:raw_copper":28,"minecraft:cooked_salmon":2,"naturalist:bass":3,"minecraft:kelp":67,"minecraft:wheat_seeds":369,"minecraft:birch_sapling":2,"minecraft:stick":2,"minecraft:birch_boat":1,"minecraft:pumpkin":1,"minecraft:torch":22,"minecraft:gravel":2,"minecraft:sand":35,"minecraft:ink_sac":2,"travelersbackpack:blue_sleeping_bag":1,"minecraft:music_disc_pigstep":1,"minecraft:diorite":4,"minecraft:carrot":4,"minecraft:spruce_log":8,"naturalist:cooked_bass":1,"minecraft:rabbit_foot":82,"minecraft:stone_sword":1,"minecraft:rotten_flesh":7,"minecraft:mutton":2,"minecraft:white_wool":1,"minecraft:coal":63,"minecraft:oak_leaves":1,"minecraft:cod":27,"minecraft:snowball":59,"iceandfire:raw_silver":5,"minecraft:cobblestone":82},"minecraft:custom":{"minecraft:interact_with_furnace":26,"minecraft:mob_kills":18,"minecraft:interact_with_crafting_table":26,"minecraft:open_barrel":1,"minecraft:leave_game":2,"minecraft:time_since_death":33852,"minecraft:sleep_in_bed":1,"minecraft:hex":0,"minecraft:time_since_rest":21870,"minecraft:sprint_one_cm":444973,"minecraft:damage_taken":3563,"minecraft:walk_one_cm":349716,"minecraft:drop":43,"minecraft:damage_dealt":3556,"minecraft:interact_with_beacon":1,"minecraft:fly_one_cm":577554,"minecraft:swim_one_cm":65815,"minecraft:open_chest":3,"minecraft:crouch_one_cm":2802,"minecraft:play_time":233142,"minecraft:deaths":15,"minecraft:sneak_time":3619,"minecraft:walk_under_water_one_cm":76533,"minecraft:boat_one_cm":206453,"minecraft:jump":1807,"minecraft:walk_on_water_one_cm":75485,"minecraft:total_world_time":233142,"minecraft:fall_one_cm":29727}},"DataVersion":3465}