{"stats":{"minecraft:mined":{"minecraft:grass_block":1,"minecraft:birch_leaves":2},"minecraft:killed_by":{"minecraft:skeleton":1},"minecraft:picked_up":{"minecraft:dirt":1},"minecraft:custom":{"minecraft:jump":173,"minecraft:time_since_rest":4635,"minecraft:deaths":1,"minecraft:damage_dealt":18,"minecraft:interact_with_furnace":1,"minecraft:crouch_one_cm":679,"minecraft:walk_on_water_one_cm":1846,"minecraft:sprint_one_cm":23918,"minecraft:play_time":14889,"minecraft:damage_taken":305,"minecraft:time_since_death":4565,"minecraft:walk_one_cm":14824,"minecraft:sneak_time":252,"minecraft:total_world_time":14889,"minecraft:walk_under_water_one_cm":3282,"minecraft:hex":0,"minecraft:swim_one_cm":20274,"minecraft:fall_one_cm":8651,"minecraft:fly_one_cm":26348}},"DataVersion":3465}