{"stats":{"minecraft:mined":{"minecraft:deepslate_tiles":1,"minecraft:large_amethyst_bud":4,"minecraft:tuff":4,"minecraft:dead_bubble_coral":1,"iceandfire:silver_ore":8,"minecraft:dark_oak_leaves":8,"minecraft:candle":2,"minecraft:sculk_vein":2,"minecraft:jungle_leaves":4,"minecraft:glow_lichen":1,"minecraft:granite":39,"minecraft:cave_vines_plant":12,"minecraft:budding_amethyst":1,"minecraft:acacia_log":1,"minecraft:grass_block":37,"clutter:deepslate_silver_ore":3,"minecraft:jungle_log":4,"iceandfire:deepslate_silver_ore":3,"farmersdelight:tomatoes":4,"minecraft:spruce_leaves":1,"minecraft:deepslate_tile_stairs":4,"clutter:small_red_lupine":1,"minecraft:moss_block":80,"minecraft:spawner":1,"iceandfire:crackled_cobblestone":1,"minecraft:hay_block":53,"minecraft:redstone_ore":16,"minecraft:sculk_catalyst":1,"runes:crafting_altar":1,"minecraft:iron_ore":120,"minecraft:fire":4,"minecraft:cobbled_deepslate":4,"minecraft:snow":1,"minecraft:gray_wall_banner":2,"minecraft:andesite":34,"minecraft:moss_carpet":3,"minecraft:deepslate_lapis_ore":4,"minecraft:brown_bed":2,"graveyard:sarcophagus":2,"dungeonnowloading:wooden_wall_rack":2,"minecraft:vine":10,"minecraft:cave_vines":10,"minecraft:deepslate_iron_ore":20,"minecraft:small_amethyst_bud":1,"minecraft:iron_bars":2,"illagerinvasion:magic_fire":2,"clutter:silver_ore":22,"minecraft:stone":1192,"minecraft:flowering_azalea":1,"minecraft:glass_pane":2,"minecraft:snow_block":7,"minecraft:medium_amethyst_bud":2,"minecraft:amethyst_cluster":11,"minecraft:powder_snow":170,"minecraft:crafting_table":4,"minecraft:clay":79,"dungeonnowloading:dungeon_wall_torch":2,"minecraft:torch":13,"minecraft:emerald_ore":1,"minecraft:calcite":9,"farmersdelight:cabbages":2,"minecraft:cobblestone":14,"minecraft:tall_grass":9,"minecraft:copper_ore":45,"minecraft:deepslate_coal_ore":2,"minecraft:deepslate_gold_ore":4,"minecraft:lapis_ore":7,"minecraft:wall_torch":14,"minecraft:diorite":40,"minecraft:sculk":6,"clutter:small_blue_lupine":1,"minecraft:big_dripleaf":2,"minecraft:amethyst_block":8,"minecraft:deepslate_copper_ore":1,"supplementaries:urn":22,"minecraft:dark_oak_slab":5,"paladins:monk_workbench":1,"minecraft:birch_log":29,"minecraft:wheat":98,"minecraft:birch_leaves":36,"minecraft:grass":36,"minecraft:oak_log":5,"minecraft:coal_ore":225,"dungeonnowloading:wooden_wall_platform":1,"minecraft:gravel":27,"minecraft:flower_pot":1,"minecraft:dirt":87,"minecraft:cobweb":2,"minecraft:smooth_basalt":13,"minecraft:red_mushroom_block":7,"minecraft:mossy_stone_bricks":2,"minecraft:gold_ore":10,"minecraft:oak_leaves":14,"minecraft:deepslate":79,"minecraft:fern":1},"minecraft:picked_up":{"minecraft:wheat":96,"minecraft:crafting_table":5,"dungeonnowloading:wooden_wall_platform":2,"archers:mechanic_shortbow":1,"minecraft:clay_ball":292,"minecraft:flower_pot":2,"runes:crafting_altar":1,"minecraft:brown_bed":2,"minecraft:amethyst_block":4,"minecraft:string":14,"minecraft:moss_carpet":7,"minecraft:raw_copper":145,"graveyard:sarcophagus":3,"minecraft:item_frame":6,"clutter:raw_silver":75,"minecraft:deepslate_tiles":2,"minecraft:candle":4,"minecraft:cobbled_deepslate":77,"minecraft:beef":3,"minecraft:azalea":3,"minecraft:iron_nugget":1,"minecraft:birch_sapling":8,"farmersdelight:cabbage_seeds":1,"iceandfire:pixie_dust":2,"minecraft:stick":1,"minecraft:raw_iron":139,"naturalist:duck":1,"minecraft:big_dripleaf":6,"minecraft:torch":46,"minecraft:acacia_log":1,"runes:fire_stone":1,"clutter:small_blue_lupine":2,"farmersdelight:tomato_seeds":4,"paladins:monk_workbench":1,"minecraft:diorite":53,"minecraft:redstone":69,"minecraft:deepslate_tile_stairs":8,"minecraft:arrow":25,"minecraft:rotten_flesh":28,"minecraft:hay_block":53,"supplementaries:antique_ink":1,"supplementaries:ash":79,"minecraft:glow_berries":37,"minecraft:mutton":4,"minecraft:iron_bars":4,"minecraft:snowball":29,"minecraft:white_wool":3,"minecraft:cobblestone":1294,"minecraft:birch_log":29,"minecraft:feather":1,"minecraft:andesite":27,"minecraft:jungle_log":4,"minecraft:red_mushroom":1,"minecraft:birch_planks":19,"doggytalents:rice_grains":1,"minecraft:tuff":4,"minecraft:oak_log":5,"supplementaries:flax_seeds":2,"minecraft:lapis_lazuli":64,"minecraft:dirt":238,"wizards:wand_novice":1,"minecraft:bone":24,"minecraft:bow":2,"paladins:acolyte_wand":1,"minecraft:wheat_seeds":261,"minecraft:raw_gold":12,"dungeonnowloading:dungeon_wall_torch":4,"minecraft:stone_pickaxe":1,"minecraft:cobweb":9,"minecraft:mossy_stone_bricks":2,"iceandfire:crackled_cobblestone":1,"minecraft:moss_block":137,"naturalist:snail_shell":1,"minecraft:iron_sword":1,"minecraft:flowering_azalea":2,"minecraft:dark_oak_slab":4,"runes:arcane_stone":1,"clutter:small_red_lupine":2,"minecraft:gravel":74,"minecraft:amethyst_shard":22,"dungeonnowloading:wooden_wall_rack":4,"naturalist:duck_egg":2,"clutter:mossbloom_antler":22,"minecraft:dead_bubble_coral":2,"minecraft:pumpkin_seeds":2,"runes:frost_stone":1,"minecraft:slime_ball":1,"minecraft:gray_banner":4,"minecraft:granite":36,"minecraft:bone_meal":5,"minecraft:emerald":15,"whisperwoods:ghost_light_fiery_orange":1,"minecraft:melon_seeds":3,"minecraft:coal":244,"iceandfire:raw_silver":11,"minecraft:ender_pearl":1},"minecraft:broken":{"clutter:silver_helmet":1,"minecraft:wooden_pickaxe":1,"minecraft:stone_pickaxe":7,"clutter:silver_boots":1,"assortedtools:copper_pickaxe":6},"minecraft:dropped":{"minecraft:iron_sword":1,"minecraft:moss_block":63,"minecraft:birch_planks":19,"minecraft:crafting_table":1,"minecraft:cobblestone":4,"minecraft:granite":32,"minecraft:item_frame":1,"minecraft:dirt":24,"minecraft:diorite":34,"minecraft:mutton":4,"minecraft:string":1,"minecraft:gravel":3,"minecraft:moss_carpet":7,"minecraft:iron_nugget":1,"minecraft:cobbled_deepslate":3,"minecraft:wheat":1,"minecraft:rotten_flesh":16,"universal_graves:grave_compass":3,"minecraft:clay_ball":4,"minecraft:andesite":2,"minecraft:mossy_stone_bricks":2,"iceandfire:crackled_cobblestone":1,"minecraft:stone_pickaxe":1},"minecraft:killed_by":{"minecraft:creeper":2,"minecraft:drowned":1,"dungeonnowloading:hollow":1,"minecraft:skeleton":5,"iceandfire:lightning_dragon":3,"minecraft:zombie":1,"iceandfire:fire_dragon":1},"minecraft:killed":{"minecraft:vindicator":1,"minecraft:spider":2,"naturalist:duck":1,"naturalist:snail":1,"naturalist:coral_snake":1,"minecraft:skeleton":4,"whisperwoods:wisp":2,"minecraft:husk":1,"minecraft:sheep":4,"naturalist:finch":1,"minecraft:zombie":9,"iceandfire:pixie":1,"minecraft:enderman":1,"minecraft:cow":1},"minecraft:custom":{"minecraft:mob_kills":31,"minecraft:interact_with_crafting_table":85,"minecraft:open_barrel":2,"minecraft:damage_dealt_resisted":20,"minecraft:eat_cake_slice":1,"minecraft:leave_game":3,"minecraft:time_since_death":16580,"minecraft:climb_one_cm":11516,"minecraft:sprint_one_cm":543717,"minecraft:walk_one_cm":1121417,"minecraft:damage_blocked_by_shield":2205,"minecraft:drop":31,"minecraft:talked_to_villager":1,"minecraft:play_time":385891,"minecraft:deaths":17,"minecraft:sneak_time":15590,"minecraft:walk_under_water_one_cm":43806,"minecraft:jump":6146,"minecraft:walk_on_water_one_cm":88402,"minecraft:total_world_time":385891,"minecraft:interact_with_furnace":90,"minecraft:sleep_in_bed":3,"minecraft:hex":0,"minecraft:time_since_rest":16656,"minecraft:damage_taken":7374,"minecraft:trigger_trapped_chest":3,"minecraft:damage_dealt":6501,"minecraft:swim_one_cm":300642,"minecraft:fly_one_cm":533749,"minecraft:open_chest":77,"minecraft:crouch_one_cm":42851,"minecraft:fall_one_cm":121007},"minecraft:used":{"whisperwoods:wisp_lantern_orange":1,"minecraft:moss_block":3,"minecraft:stone_sword":10,"graveyard:sarcophagus":2,"minecraft:stone_shovel":104,"minecraft:chest":4,"minecraft:shield":35,"minecraft:iron_sword":74,"minecraft:stone_hoe":81,"assortedtools:copper_pickaxe":903,"minecraft:rotten_flesh":12,"minecraft:iron_chestplate":1,"minecraft:torch":130,"minecraft:dirt":102,"minecraft:birch_door":1,"minecraft:wooden_axe":3,"minecraft:furnace":4,"minecraft:cobbled_deepslate":38,"minecraft:brown_bed":2,"minecraft:iron_leggings":1,"minecraft:wheat_seeds":133,"minecraft:water_bucket":6,"minecraft:diorite":12,"minecraft:stone_pickaxe":966,"minecraft:wooden_pickaxe":79,"naturalist:duck_egg":1,"minecraft:glow_berries":35,"minecraft:crafting_table":6,"minecraft:birch_fence":1,"minecraft:birch_fence_gate":1,"minecraft:bread":46,"minecraft:iron_pickaxe":143,"assortedtools:amethyst_axe":7,"assortedtools:emerald_sword":47,"assortedtools:emerald_pickaxe":68,"assortedtools:amethyst_sword":5,"minecraft:wooden_sword":4,"minecraft:cobblestone":361,"minecraft:bucket":7,"minecraft:bone_meal":74},"minecraft:crafted":{"minecraft:wooden_sword":1,"minecraft:oak_planks":20,"minecraft:stone_shovel":2,"clutter:silver_ingot":75,"minecraft:iron_nugget":9,"minecraft:furnace":4,"minecraft:bone_meal":69,"assortedtools:amethyst_axe":1,"clutter:silver_helmet":2,"assortedtools:amethyst_sword":1,"minecraft:birch_fence_gate":1,"assortedtools:copper_pickaxe":10,"clutter:silver_chestplate":1,"whisperwoods:wisp_lantern_orange":1,"minecraft:stone_pickaxe":8,"minecraft:chest":4,"minecraft:birch_door":3,"minecraft:stone_hoe":1,"clutter:silver_boots":1,"minecraft:wheat":324,"iceandfire:silver_ingot":10,"minecraft:crafting_table":3,"minecraft:wooden_pickaxe":2,"minecraft:iron_sword":1,"minecraft:copper_ingot":115,"minecraft:bucket":1,"minecraft:birch_planks":116,"minecraft:bread":138,"minecraft:air":0,"assortedtools:emerald_pickaxe":1,"minecraft:iron_chestplate":1,"minecraft:shield":1,"minecraft:birch_fence":3,"minecraft:stick":112,"minecraft:iron_ingot":107,"minecraft:iron_pickaxe":1,"minecraft:wooden_axe":1,"minecraft:stone_sword":1,"minecraft:iron_leggings":1,"minecraft:gold_ingot":12,"minecraft:acacia_planks":4,"minecraft:torch":104,"assortedtools:emerald_sword":1}},"DataVersion":3465}