{"stats":{"minecraft:mined":{"minecraft:deepslate_tiles":1,"minecraft:dead_bubble_coral":1,"iceandfire:silver_ore":1,"minecraft:candle":2,"minecraft:jungle_leaves":4,"minecraft:granite":32,"minecraft:cave_vines_plant":11,"minecraft:grass_block":11,"minecraft:jungle_log":4,"minecraft:deepslate_tile_stairs":4,"clutter:small_red_lupine":1,"minecraft:moss_block":73,"minecraft:spawner":1,"minecraft:iron_ore":51,"minecraft:gray_wall_banner":2,"minecraft:andesite":2,"minecraft:moss_carpet":3,"graveyard:sarcophagus":2,"dungeonnowloading:wooden_wall_rack":2,"minecraft:cave_vines":10,"minecraft:vine":9,"minecraft:deepslate_iron_ore":5,"minecraft:iron_bars":2,"clutter:silver_ore":4,"minecraft:stone":686,"minecraft:flowering_azalea":1,"minecraft:clay":70,"minecraft:crafting_table":4,"dungeonnowloading:dungeon_wall_torch":2,"minecraft:torch":9,"minecraft:tall_grass":9,"minecraft:copper_ore":14,"minecraft:cobblestone":6,"minecraft:diorite":9,"minecraft:wall_torch":12,"clutter:small_blue_lupine":1,"minecraft:big_dripleaf":2,"minecraft:deepslate_copper_ore":1,"supplementaries:urn":3,"minecraft:birch_log":16,"minecraft:wheat":8,"minecraft:birch_leaves":32,"minecraft:grass":28,"minecraft:coal_ore":133,"minecraft:oak_log":5,"dungeonnowloading:wooden_wall_platform":1,"minecraft:gravel":11,"minecraft:flower_pot":1,"minecraft:dirt":32,"minecraft:cobweb":2,"minecraft:mossy_stone_bricks":2,"minecraft:deepslate":20,"minecraft:fern":1},"minecraft:picked_up":{"minecraft:crafting_table":5,"minecraft:wheat":8,"dungeonnowloading:wooden_wall_platform":2,"minecraft:clay_ball":276,"minecraft:flower_pot":2,"minecraft:string":12,"minecraft:moss_carpet":7,"minecraft:raw_copper":75,"graveyard:sarcophagus":3,"clutter:raw_silver":11,"minecraft:deepslate_tiles":2,"minecraft:candle":4,"minecraft:cobbled_deepslate":29,"minecraft:azalea":3,"minecraft:birch_sapling":5,"minecraft:stick":1,"minecraft:raw_iron":56,"minecraft:big_dripleaf":6,"minecraft:torch":22,"clutter:small_blue_lupine":2,"minecraft:diorite":9,"minecraft:deepslate_tile_stairs":8,"minecraft:rotten_flesh":22,"supplementaries:ash":38,"minecraft:glow_berries":27,"minecraft:iron_bars":4,"minecraft:cobblestone":846,"minecraft:birch_log":16,"minecraft:andesite":2,"minecraft:jungle_log":4,"doggytalents:rice_grains":1,"minecraft:birch_planks":19,"minecraft:oak_log":5,"minecraft:dirt":125,"minecraft:bone":17,"minecraft:bow":2,"minecraft:wheat_seeds":24,"dungeonnowloading:dungeon_wall_torch":4,"minecraft:stone_pickaxe":1,"minecraft:cobweb":9,"minecraft:mossy_stone_bricks":2,"naturalist:snail_shell":1,"minecraft:moss_block":74,"minecraft:flowering_azalea":2,"clutter:small_red_lupine":2,"minecraft:gravel":55,"dungeonnowloading:wooden_wall_rack":4,"clutter:mossbloom_antler":20,"minecraft:dead_bubble_coral":2,"minecraft:pumpkin_seeds":2,"minecraft:slime_ball":1,"minecraft:gray_banner":4,"minecraft:granite":32,"minecraft:bone_meal":5,"minecraft:melon_seeds":3,"minecraft:coal":151,"iceandfire:raw_silver":1},"minecraft:broken":{"minecraft:wooden_pickaxe":1,"minecraft:stone_pickaxe":4,"assortedtools:copper_pickaxe":2},"minecraft:dropped":{"minecraft:moss_block":4,"minecraft:birch_planks":19,"minecraft:crafting_table":1,"minecraft:granite":32,"minecraft:gravel":3,"minecraft:rotten_flesh":14,"universal_graves:grave_compass":1,"minecraft:clay_ball":4,"minecraft:mossy_stone_bricks":2,"minecraft:stone_pickaxe":1},"minecraft:killed_by":{"minecraft:creeper":2,"dungeonnowloading:hollow":1,"minecraft:skeleton":5},"minecraft:killed":{"naturalist:snail":1,"minecraft:skeleton":1,"minecraft:zombie":2},"minecraft:custom":{"minecraft:mob_kills":5,"minecraft:interact_with_crafting_table":45,"minecraft:open_barrel":2,"minecraft:damage_dealt_resisted":20,"minecraft:leave_game":1,"minecraft:time_since_death":49821,"minecraft:climb_one_cm":4825,"minecraft:sprint_one_cm":132288,"minecraft:walk_one_cm":386308,"minecraft:damage_blocked_by_shield":45,"minecraft:drop":11,"minecraft:play_time":145023,"minecraft:deaths":9,"minecraft:sneak_time":7175,"minecraft:walk_under_water_one_cm":15612,"minecraft:jump":1827,"minecraft:walk_on_water_one_cm":18410,"minecraft:total_world_time":145023,"minecraft:interact_with_furnace":29,"minecraft:hex":0,"minecraft:time_since_rest":49853,"minecraft:damage_taken":2694,"minecraft:trigger_trapped_chest":3,"minecraft:damage_dealt":1078,"minecraft:swim_one_cm":82164,"minecraft:fly_one_cm":156143,"minecraft:open_chest":1,"minecraft:crouch_one_cm":20398,"minecraft:fall_one_cm":29194},"minecraft:used":{"graveyard:sarcophagus":2,"minecraft:stone_sword":10,"minecraft:stone_shovel":53,"minecraft:shield":2,"minecraft:iron_sword":11,"assortedtools:copper_pickaxe":302,"minecraft:stone_hoe":19,"minecraft:iron_chestplate":1,"minecraft:torch":62,"minecraft:dirt":46,"minecraft:birch_door":1,"minecraft:wooden_axe":3,"minecraft:furnace":2,"minecraft:iron_leggings":1,"minecraft:wheat_seeds":23,"minecraft:water_bucket":1,"minecraft:stone_pickaxe":739,"minecraft:wooden_pickaxe":79,"minecraft:glow_berries":23,"minecraft:crafting_table":5,"minecraft:bread":2,"minecraft:wooden_sword":4,"minecraft:cobblestone":190,"minecraft:bucket":2,"minecraft:bone_meal":16},"minecraft:crafted":{"minecraft:wooden_sword":1,"minecraft:oak_planks":20,"minecraft:stone_shovel":2,"minecraft:furnace":2,"minecraft:bone_meal":24,"assortedtools:copper_pickaxe":2,"minecraft:stone_pickaxe":8,"minecraft:birch_door":3,"minecraft:stone_hoe":1,"minecraft:crafting_table":2,"minecraft:wooden_pickaxe":2,"minecraft:iron_sword":1,"minecraft:copper_ingot":6,"minecraft:bucket":1,"minecraft:birch_planks":52,"minecraft:bread":2,"minecraft:air":0,"minecraft:iron_chestplate":1,"minecraft:shield":1,"minecraft:stick":52,"minecraft:iron_ingot":41,"minecraft:iron_pickaxe":1,"minecraft:wooden_axe":1,"minecraft:stone_sword":1,"minecraft:iron_leggings":1,"minecraft:torch":56}},"DataVersion":3465}