{"stats":{"minecraft:mined":{"iceandfire:silver_ore":1,"minecraft:jungle_leaves":4,"minecraft:birch_leaves":2,"minecraft:crafting_table":2,"minecraft:grass":3,"minecraft:coal_ore":5,"minecraft:grass_block":3,"minecraft:oak_log":5,"minecraft:jungle_log":4,"minecraft:dirt":4,"minecraft:copper_ore":1,"minecraft:tall_grass":2,"minecraft:stone":21,"minecraft:fern":1},"minecraft:killed_by":{"minecraft:skeleton":1,"minecraft:creeper":1},"minecraft:picked_up":{"minecraft:crafting_table":2,"minecraft:stick":1,"minecraft:jungle_log":4,"minecraft:oak_log":5,"minecraft:dirt":7,"minecraft:raw_copper":3,"minecraft:slime_ball":1,"naturalist:snail_shell":1,"minecraft:coal":5,"iceandfire:raw_silver":1,"minecraft:cobblestone":21},"minecraft:crafted":{"minecraft:wooden_sword":1,"minecraft:oak_planks":20,"minecraft:crafting_table":1,"minecraft:stick":8,"minecraft:wooden_pickaxe":1,"minecraft:stone_pickaxe":1,"minecraft:wooden_axe":1},"minecraft:custom":{"minecraft:time_since_rest":1927,"minecraft:interact_with_furnace":1,"minecraft:sprint_one_cm":38136,"minecraft:damage_taken":510,"minecraft:walk_one_cm":48002,"minecraft:mob_kills":2,"minecraft:drop":1,"minecraft:damage_dealt":193,"minecraft:swim_one_cm":50013,"minecraft:interact_with_crafting_table":3,"minecraft:fly_one_cm":60811,"minecraft:open_barrel":2,"minecraft:open_chest":1,"minecraft:crouch_one_cm":2527,"minecraft:play_time":26889,"minecraft:deaths":2,"minecraft:sneak_time":987,"minecraft:walk_under_water_one_cm":8727,"minecraft:jump":396,"minecraft:walk_on_water_one_cm":4442,"minecraft:time_since_death":1844,"minecraft:total_world_time":26889,"minecraft:climb_one_cm":140,"minecraft:hex":0,"minecraft:fall_one_cm":14748},"minecraft:used":{"minecraft:wooden_axe":3,"minecraft:stone_pickaxe":12,"minecraft:wooden_pickaxe":17,"minecraft:dirt":7,"minecraft:wooden_sword":4,"minecraft:crafting_table":2},"minecraft:killed":{"naturalist:snail":1},"minecraft:dropped":{"universal_graves:grave_compass":1}},"DataVersion":3465}