{"stats":{"minecraft:custom":{"minecraft:jump":23,"minecraft:time_since_rest":2889,"minecraft:crouch_one_cm":271,"minecraft:walk_on_water_one_cm":120,"minecraft:sprint_one_cm":9486,"minecraft:play_time":2889,"minecraft:damage_taken":50,"minecraft:time_since_death":2889,"minecraft:walk_one_cm":2965,"minecraft:sneak_time":119,"minecraft:total_world_time":2889,"minecraft:walk_under_water_one_cm":605,"minecraft:hex":0,"minecraft:swim_one_cm":1823,"minecraft:fall_one_cm":2752,"minecraft:fly_one_cm":10258}},"DataVersion":3465}