{"stats":{"minecraft:mined":{"minecraft:deepslate_tiles":1,"minecraft:dead_bubble_coral":1,"iceandfire:silver_ore":1,"minecraft:candle":2,"minecraft:jungle_leaves":4,"dungeonnowloading:dungeon_wall_torch":2,"minecraft:cave_vines_plant":1,"minecraft:clay":1,"minecraft:crafting_table":4,"minecraft:torch":8,"minecraft:granite":32,"minecraft:grass_block":9,"minecraft:jungle_log":4,"minecraft:tall_grass":2,"minecraft:copper_ore":8,"minecraft:deepslate_tile_stairs":4,"clutter:small_red_lupine":1,"minecraft:moss_block":3,"clutter:small_blue_lupine":1,"minecraft:wall_torch":11,"minecraft:spawner":1,"minecraft:deepslate_copper_ore":1,"supplementaries:urn":3,"minecraft:birch_log":13,"minecraft:iron_ore":33,"minecraft:gray_wall_banner":2,"minecraft:birch_leaves":5,"minecraft:grass":4,"dungeonnowloading:wooden_wall_rack":2,"dungeonnowloading:wooden_wall_platform":1,"graveyard:sarcophagus":2,"minecraft:oak_log":5,"minecraft:coal_ore":58,"minecraft:cave_vines":1,"minecraft:deepslate_iron_ore":5,"minecraft:vine":1,"minecraft:iron_bars":2,"minecraft:flower_pot":1,"minecraft:gravel":8,"minecraft:dirt":31,"minecraft:cobweb":2,"minecraft:stone":270,"minecraft:mossy_stone_bricks":2,"minecraft:deepslate":10,"minecraft:fern":1},"minecraft:killed_by":{"minecraft:skeleton":2,"minecraft:creeper":2,"dungeonnowloading:hollow":1},"minecraft:picked_up":{"minecraft:birch_log":13,"minecraft:crafting_table":5,"dungeonnowloading:wooden_wall_platform":1,"minecraft:flower_pot":1,"minecraft:clay_ball":4,"minecraft:jungle_log":4,"minecraft:oak_log":5,"minecraft:dirt":47,"minecraft:string":2,"minecraft:raw_copper":30,"graveyard:sarcophagus":2,"minecraft:bone":1,"minecraft:bow":1,"minecraft:deepslate_tiles":1,"minecraft:candle":2,"minecraft:cobbled_deepslate":10,"dungeonnowloading:dungeon_wall_torch":2,"minecraft:mossy_stone_bricks":2,"minecraft:moss_block":4,"naturalist:snail_shell":1,"minecraft:stick":1,"minecraft:raw_iron":38,"clutter:small_red_lupine":1,"minecraft:torch":20,"minecraft:gravel":26,"clutter:small_blue_lupine":1,"minecraft:deepslate_tile_stairs":4,"dungeonnowloading:wooden_wall_rack":2,"clutter:mossbloom_antler":8,"minecraft:dead_bubble_coral":1,"minecraft:rotten_flesh":14,"minecraft:slime_ball":1,"minecraft:gray_banner":2,"minecraft:granite":32,"supplementaries:ash":19,"minecraft:glow_berries":19,"minecraft:iron_bars":2,"minecraft:coal":58,"iceandfire:raw_silver":1,"minecraft:cobblestone":269},"minecraft:crafted":{"minecraft:wooden_sword":1,"minecraft:oak_planks":20,"minecraft:crafting_table":2,"minecraft:wooden_pickaxe":2,"minecraft:furnace":2,"minecraft:birch_planks":28,"minecraft:stick":20,"minecraft:stone_pickaxe":4,"minecraft:wooden_axe":1,"minecraft:stone_sword":1,"minecraft:torch":8},"minecraft:custom":{"minecraft:interact_with_furnace":3,"minecraft:mob_kills":3,"minecraft:interact_with_crafting_table":10,"minecraft:open_barrel":2,"minecraft:damage_dealt_resisted":20,"minecraft:time_since_death":7013,"minecraft:climb_one_cm":1749,"minecraft:hex":0,"minecraft:time_since_rest":7070,"minecraft:sprint_one_cm":90690,"minecraft:damage_taken":1880,"minecraft:walk_one_cm":208732,"minecraft:trigger_trapped_chest":3,"minecraft:drop":7,"minecraft:damage_dealt":423,"minecraft:swim_one_cm":69902,"minecraft:fly_one_cm":124918,"minecraft:open_chest":1,"minecraft:crouch_one_cm":12855,"minecraft:play_time":80889,"minecraft:deaths":6,"minecraft:sneak_time":4590,"minecraft:walk_under_water_one_cm":11811,"minecraft:jump":1186,"minecraft:walk_on_water_one_cm":13792,"minecraft:total_world_time":80889,"minecraft:fall_one_cm":23727},"minecraft:broken":{"minecraft:stone_pickaxe":2},"minecraft:used":{"minecraft:stone_sword":7,"graveyard:sarcophagus":1,"minecraft:stone_pickaxe":397,"minecraft:wooden_pickaxe":71,"minecraft:torch":28,"minecraft:glow_berries":16,"minecraft:dirt":15,"minecraft:crafting_table":5,"minecraft:wooden_axe":3,"minecraft:wooden_sword":4,"minecraft:cobblestone":9,"minecraft:furnace":2},"minecraft:killed":{"naturalist:snail":1,"minecraft:skeleton":1},"minecraft:dropped":{"minecraft:moss_block":4,"minecraft:crafting_table":1,"minecraft:rotten_flesh":14,"universal_graves:grave_compass":1,"minecraft:granite":32,"minecraft:mossy_stone_bricks":2}},"DataVersion":3465}