{"stats":{"minecraft:dropped":{"minecraft:iron_sword":1,"minecraft:lapis_lazuli":5,"minecraft:glow_ink_sac":6,"minecraft:crafting_table":1,"minecraft:item_frame":1,"minecraft:dirt":104,"assortedtools:amethyst_sword":2,"minecraft:bone":4,"minecraft:lever":2,"minecraft:iron_nugget":1,"minecraft:cobbled_deepslate":4,"minecraft:wheat":1,"minecraft:obsidian":1,"minecraft:rotten_flesh":68,"minecraft:oak_planks":4,"universal_graves:grave_compass":8,"minecraft:glowstone_dust":2,"supplementaries:flax_seeds":6,"iceandfire:ghost_chest":1,"minecraft:ladder":1,"iceandfire:crackled_cobblestone":1,"minecraft:crying_obsidian":3,"minecraft:stone_brick_stairs":3,"doggytalents:salmon_sushi":5,"minecraft:wheat_seeds":69,"minecraft:smooth_quartz_stairs":1,"minecraft:cobblestone":24,"minecraft:granite":32,"travelersbackpack:wolf":1,"minecraft:coal":2,"minecraft:chainmail_helmet":2,"minecraft:gray_wool":1,"minecraft:potion":1,"assortedtools:amethyst_shovel":1,"minecraft:string":1,"minecraft:stone_brick_slab":2,"naturalist:duck_egg":1,"minecraft:moss_carpet":8,"minecraft:bowl":2,"minecraft:clay_ball":4,"minecraft:big_dripleaf":2,"minecraft:stone_bricks":2,"minecraft:birch_boat":2,"minecraft:sandstone":1,"minecraft:bow":1,"iceandfire:crackled_stone":2,"minecraft:moss_block":63,"minecraft:birch_planks":59,"minecraft:cod":1,"minecraft:music_disc_13":1,"minecraft:cracked_polished_blackstone_bricks":13,"minecraft:mutton":4,"minecraft:cut_sandstone":1,"minecraft:snowball":8,"minecraft:gilded_blackstone":1,"minecraft:gravel":34,"minecraft:white_candle":4,"supplementaries:antique_ink":2,"minecraft:leather_chestplate":1,"minecraft:gunpowder":4,"doggytalents:rice_grains":1,"iceandfire:deathworm_chitin_yellow":3,"minecraft:netherrack":30,"minecraft:bread":1,"minecraft:stone_hoe":3,"paladins:iron_great_hammer":1,"clutter:mossbloom_antler":8,"minecraft:stick":1,"assortedtools:copper_pickaxe":2,"minecraft:diorite":34,"minecraft:fire_charge":2,"minecraft:iron_leggings":1,"minecraft:bucket":1,"minecraft:chiseled_sandstone":1,"minecraft:kelp":5,"minecraft:filled_map":1,"minecraft:andesite":2,"minecraft:mossy_stone_bricks":5,"minecraft:stone_pickaxe":1},"minecraft:mined":{"minecraft:dark_oak_planks":27,"iceandfire:copper_pile":6,"minecraft:jungle_leaves":5,"minecraft:red_nether_bricks":1,"minecraft:carved_pumpkin":1,"minecraft:obsidian":9,"minecraft:granite":39,"minecraft:chiseled_polished_blackstone":1,"minecraft:acacia_log":1,"clutter:deepslate_silver_ore":9,"minecraft:jungle_log":6,"minecraft:orange_candle":1,"minecraft:deepslate_tile_stairs":6,"automobility:auto_mechanic_table":1,"minecraft:spawner":4,"refurbished_furniture:spruce_chair":1,"minecraft:polished_blackstone_bricks":122,"minecraft:tall_seagrass":2,"minecraft:magma_block":12,"minecraft:mossy_cobblestone_stairs":1,"minecraft:barrel":3,"minecraft:sticky_piston":7,"minecraft:cobbled_deepslate":10,"minecraft:fire":76,"minecraft:moss_carpet":4,"minecraft:deepslate_lapis_ore":9,"minecraft:sculk_shrieker":3,"dungeonnowloading:wooden_wall_rack":2,"minecraft:cave_vines":15,"iceandfire:gold_pile":161,"minecraft:dirt_path":1,"minecraft:small_amethyst_bud":1,"illagerinvasion:magic_fire":2,"minecraft:deepslate_brick_stairs":2,"farmersdelight:rice_panicles":2,"minecraft:spruce_wood":9,"minecraft:player_head":2,"refurbished_furniture:light_ceiling_light":2,"minecraft:cut_sandstone":3,"minecraft:brown_mushroom":2,"minecraft:kelp_plant":5,"minecraft:amethyst_cluster":11,"minecraft:powder_snow":216,"minecraft:torch":33,"minecraft:blast_furnace":1,"minecraft:melon":3,"minecraft:green_concrete_powder":1,"minecraft:glass":13,"farmersdelight:cabbages":9,"minecraft:white_candle":1,"minecraft:sugar_cane":1,"minecraft:spruce_sign":2,"minecraft:amethyst_block":8,"minecraft:chain":1,"minecraft:repeater":4,"graveyard:oak_coffin":1,"minecraft:jungle_wood":4,"iceandfire:crackled_stone":1,"minecraft:wheat":432,"minecraft:black_bed":1,"minecraft:stone_brick_stairs":5,"minecraft:wither_rose":1,"minecraft:grass":186,"minecraft:smooth_basalt":13,"minecraft:stonecutter":1,"minecraft:red_mushroom_block":12,"minecraft:deepslate":196,"minecraft:deepslate_tiles":1,"minecraft:dead_bubble_coral":1,"iceandfire:silver_ore":8,"minecraft:mossy_cobblestone":5,"minecraft:dark_oak_log":117,"minecraft:spruce_fence":2,"minecraft:jungle_planks":6,"iceandfire:deepslate_silver_ore":4,"farmersdelight:wild_cabbages":3,"minecraft:moss_block":87,"minecraft:kelp":8,"minecraft:redstone_ore":16,"runes:crafting_altar":1,"minecraft:snow":1,"minecraft:andesite":36,"refurbished_furniture:spruce_desk":1,"graveyard:sarcophagus":3,"minecraft:potatoes":63,"minecraft:vine":15,"minecraft:smooth_quartz_stairs":1,"minecraft:bone_block":30,"minecraft:smithing_table":2,"minecraft:oak_slab":3,"minecraft:redstone_block":5,"minecraft:glass_pane":2,"minecraft:soul_sand":11,"minecraft:stone_brick_slab":2,"minecraft:dandelion":11,"minecraft:spruce_button":1,"minecraft:emerald_ore":1,"doggytalents:rice_mill":2,"minecraft:campfire":1,"minecraft:tall_grass":30,"minecraft:copper_ore":55,"minecraft:deepslate_gold_ore":24,"farmersdelight:wild_tomatoes":3,"minecraft:diorite":40,"clutter:small_blue_lupine":1,"minecraft:big_dripleaf":2,"minecraft:warped_wart_block":1,"minecraft:spruce_log":93,"minecraft:birch_leaves":90,"minecraft:magenta_candle":1,"minecraft:light_blue_candle":1,"minecraft:gravel":83,"minecraft:cobweb":6,"minecraft:stone_bricks":32,"minecraft:gold_ore":15,"minecraft:fern":1,"minecraft:large_amethyst_bud":4,"minecraft:spruce_planks":13,"farmersdelight:rich_soil":49,"minecraft:sculk_vein":4,"minecraft:cobblestone_stairs":12,"minecraft:brewing_stand":1,"minecraft:cave_vines_plant":14,"minecraft:budding_amethyst":1,"minecraft:stripped_crimson_hyphae":8,"minecraft:grass_block":840,"minecraft:cracked_polished_blackstone_bricks":39,"minecraft:soul_soil":1,"minecraft:frosted_ice":27,"minecraft:gilded_blackstone":1,"iceandfire:crackled_cobblestone":3,"minecraft:glowstone":54,"minecraft:sculk_catalyst":2,"supplementaries:ash":1,"automobility:automobile_assembler":2,"farmersdelight:wild_rice":6,"farmersdelight:rice":1,"minecraft:iron_ore":120,"minecraft:brown_bed":4,"minecraft:dark_oak_stairs":10,"supplementaries:stick":2,"minecraft:pointed_dripstone":2,"minecraft:iron_bars":2,"clutter:silver_ore":22,"minecraft:azalea_leaves":1,"minecraft:spruce_slab":8,"minecraft:quartz_block":3,"minecraft:blackstone":80,"minecraft:medium_amethyst_bud":2,"minecraft:soul_lantern":2,"minecraft:clay":83,"dungeonnowloading:dungeon_wall_torch":2,"minecraft:calcite":9,"minecraft:poppy":18,"iceandfire:ghost_chest":1,"minecraft:chest":6,"supplementaries:wild_flax":2,"farmersdelight:brown_mushroom_colony":5,"minecraft:nether_quartz_ore":6,"minecraft:cobblestone":200,"minecraft:grindstone":1,"minecraft:oak_planks":37,"minecraft:wall_torch":21,"minecraft:deepslate_copper_ore":1,"minecraft:dark_oak_slab":5,"paladins:monk_workbench":1,"minecraft:birch_log":222,"refurbished_furniture:light_electricity_generator":1,"minecraft:oak_log":74,"minecraft:beetroots":1,"dungeonnowloading:wooden_wall_platform":1,"minecraft:dirt":1162,"minecraft:sand":792,"minecraft:crimson_planks":3,"minecraft:netherrack":1019,"minecraft:oak_leaves":47,"minecraft:cyan_candle":1,"minecraft:daylight_detector":1,"iceandfire:lightning_lily":3,"minecraft:nether_gold_ore":2,"minecraft:tuff":22,"minecraft:yellow_wall_banner":1,"minecraft:dark_oak_leaves":9,"minecraft:deepslate_diamond_ore":8,"minecraft:candle":3,"minecraft:lever":2,"minecraft:glow_lichen":1,"minecraft:purple_terracotta":7,"minecraft:yellow_candle":1,"iceandfire:chared_dirt":1,"farmersdelight:tomatoes":4,"minecraft:spruce_leaves":28,"clutter:small_red_lupine":1,"minecraft:sandstone":19,"minecraft:hay_block":56,"minecraft:spruce_sapling":1,"minecraft:furnace":4,"minecraft:chiseled_sandstone":1,"minecraft:gray_wall_banner":2,"minecraft:stripped_spruce_log":63,"minecraft:chiseled_deepslate":1,"minecraft:gold_block":3,"refurbished_furniture:red_grill":1,"minecraft:bookshelf":29,"minecraft:deepslate_iron_ore":26,"minecraft:lantern":10,"minecraft:stripped_oak_log":1,"minecraft:stone":3000,"minecraft:podzol":2,"doggytalents:rice_crop":8,"minecraft:flowering_azalea":1,"minecraft:snow_block":9,"minecraft:basalt":3,"minecraft:oak_fence":2,"minecraft:crafting_table":7,"minecraft:sculk_sensor":18,"minecraft:stone_slab":1,"minecraft:deepslate_coal_ore":2,"minecraft:lapis_ore":7,"minecraft:sculk":10,"supplementaries:urn":38,"minecraft:spruce_stairs":11,"farmersdelight:wild_beetroots":7,"minecraft:gray_wool":2,"minecraft:birch_planks":31,"minecraft:cactus":1,"minecraft:beehive":6,"iceandfire:pixie_house_mushroom_red":1,"iceandfire:ash":2,"minecraft:bee_nest":2,"minecraft:coal_ore":363,"minecraft:flower_pot":2,"minecraft:cracked_stone_bricks":2,"minecraft:mossy_stone_bricks":16,"minecraft:birch_fence":2},"minecraft:crafted":{"minecraft:black_dye":1,"minecraft:smooth_stone":19,"minecraft:birch_boat":22,"automobility:auto_mechanic_table":1,"minecraft:bookshelf":30,"naturalist:cooked_bass":1,"minecraft:cooked_mutton":7,"minecraft:iron_bars":16,"minecraft:glass":708,"assortedtools:amethyst_sword":1,"minecraft:birch_fence_gate":1,"whisperwoods:wisp_lantern_orange":1,"iceandfire:deathworm_yellow_helmet":1,"minecraft:birch_door":3,"clutter:silver_leggings":3,"automobility:crowbar":1,"minecraft:emerald":2,"minecraft:cooked_porkchop":6,"farmersdelight:flint_knife":1,"iceandfire:armor_red_chestplate":1,"minecraft:smithing_table":1,"refurbished_furniture:spruce_chair":5,"minecraft:copper_ingot":115,"iceandfire:armor_green_chestplate":1,"travelersbackpack:emerald":2,"minecraft:iron_pickaxe":1,"minecraft:iron_block":3,"refurbished_furniture:light_lightswitch":3,"minecraft:gold_ingot":156,"refurbished_furniture:television":1,"minecraft:stone_shovel":2,"iceandfire:armor_green_leggings":1,"minecraft:iron_nugget":9,"doggytalents:rice_mill":1,"refurbished_furniture:computer":1,"minecraft:bone_meal":126,"clutter:silver_helmet":5,"travelersbackpack:blank_upgrade":4,"travelersbackpack:gold_tier_upgrade":1,"minecraft:spruce_stairs":148,"refurbished_furniture:workbench":1,"minecraft:ladder":3,"minecraft:stone_pickaxe":9,"minecraft:spruce_boat":1,"refurbished_furniture:doorbell":1,"minecraft:redstone_block":2,"refurbished_furniture:black_sofa":2,"minecraft:dark_oak_planks":472,"clutter:silver_boots":4,"minecraft:wheat":450,"refurbished_furniture:light_ceiling_light":16,"paladins:iron_kite_shield":1,"minecraft:enchanting_table":1,"refurbished_furniture:red_grill":1,"minecraft:wooden_axe":1,"minecraft:iron_leggings":1,"doggytalents:rice_grains":9,"doggytalents:salmon_sushi":4,"naturalist:cooked_duck":7,"minecraft:oak_planks":268,"doggytalents:rice_bowl":6,"minecraft:cobblestone_slab":2,"assortedtools:wood_bucket":1,"iceandfire:tide_deepblue_chestplate":1,"minecraft:stone":66,"refurbished_furniture:spruce_desk":5,"assortedtools:amethyst_shovel":1,"minecraft:dark_oak_door":3,"runes:healing_stone":4,"iceandfire:armor_green_helmet":1,"archers:mechanic_shortbow":1,"minecraft:chest":38,"minecraft:stone_hoe":2,"minecraft:smoker":3,"refurbished_furniture:light_electricity_generator":1,"farmersdelight:tomato_seeds":1,"travelersbackpack:iron_tier_upgrade":1,"minecraft:arrow":4,"minecraft:cauldron":4,"minecraft:crafting_table":8,"iceandfire:blindfold":1,"minecraft:spruce_planks":348,"minecraft:baked_potato":128,"minecraft:wooden_pickaxe":2,"paladins:iron_claymore":1,"minecraft:birch_planks":840,"minecraft:spruce_trapdoor":2,"minecraft:dark_oak_slab":6,"minecraft:iron_chestplate":1,"refurbished_furniture:light_fridge":1,"minecraft:shield":2,"minecraft:birch_fence":3,"minecraft:stick":140,"minecraft:iron_ingot":142,"minecraft:stone_sword":1,"minecraft:shears":1,"assortedtools:copper_shovel":9,"minecraft:wooden_sword":1,"minecraft:redstone":9,"minecraft:fishing_rod":1,"clutter:silver_ingot":98,"minecraft:furnace":15,"minecraft:blast_furnace":6,"assortedtools:amethyst_axe":2,"paladins:wooden_great_hammer":1,"automobility:automobile_assembler":1,"doggytalents:uncooked_rice_bowl":2,"assortedtools:copper_pickaxe":18,"clutter:silver_chestplate":5,"minecraft:red_dye":1,"iceandfire:silver_ingot":10,"minecraft:spruce_sign":3,"minecraft:dark_oak_stairs":68,"travelersbackpack:backpack_tank":2,"iceandfire:tide_trident":1,"refurbished_furniture:spruce_table":1,"minecraft:iron_sword":1,"minecraft:bowl":4,"minecraft:bucket":3,"minecraft:air":0,"minecraft:bread":271,"minecraft:jungle_planks":12,"refurbished_furniture:wrench":1,"minecraft:oak_boat":1,"iceandfire:bestiary":1,"assortedtools:emerald_pickaxe":3,"minecraft:anvil":1,"minecraft:stonecutter":1,"minecraft:acacia_planks":4,"minecraft:torch":172,"iceandfire:armor_green_boots":1,"assortedtools:emerald_sword":2},"minecraft:custom":{"minecraft:interact_with_crafting_table":266,"minecraft:open_barrel":87,"goblintraders:trade_with_goblin":2,"minecraft:eat_cake_slice":2,"minecraft:leave_game":18,"minecraft:time_since_death":3827,"minecraft:damage_blocked_by_shield":8105,"minecraft:play_time":1859519,"minecraft:deaths":69,"minecraft:jump":24726,"minecraft:enchant_item":8,"minecraft:interact_with_furnace":213,"minecraft:traded_with_villager":1,"minecraft:sleep_in_bed":30,"minecraft:damage_dealt":58205,"minecraft:interact_with_smoker":37,"minecraft:use_cauldron":4,"minecraft:interact_with_smithing_table":13,"minecraft:interact_with_anvil":2,"minecraft:sneak_time":63560,"minecraft:interact_with_blast_furnace":18,"minecraft:total_world_time":1859519,"minecraft:interact_with_stonecutter":7,"minecraft:time_since_rest":3861,"minecraft:swim_one_cm":871901,"minecraft:fly_one_cm":4082118,"minecraft:open_chest":1493,"minecraft:fish_caught":7,"minecraft:fall_one_cm":776771,"minecraft:damage_resisted":528,"minecraft:sprint_one_cm":3259124,"minecraft:drop":156,"minecraft:talked_to_villager":12,"minecraft:walk_on_water_one_cm":426397,"minecraft:crouch_one_cm":225407,"minecraft:mob_kills":271,"minecraft:damage_dealt_resisted":1050,"minecraft:climb_one_cm":68305,"minecraft:walk_one_cm":4604016,"minecraft:walk_under_water_one_cm":284098,"minecraft:boat_one_cm":4622058,"minecraft:pot_flower":1,"minecraft:hex":0,"minecraft:damage_taken":2147483647,"minecraft:damage_absorbed":4079,"minecraft:trigger_trapped_chest":7},"minecraft:used":{"whisperwoods:wisp_lantern_orange":3,"minecraft:moss_block":3,"farmersdelight:cabbage_seeds":15,"minecraft:ladder":6,"minecraft:chest":37,"minecraft:stone":44,"paladins:priest_robe_head":1,"minecraft:rotten_flesh":37,"refurbished_furniture:doorbell":1,"naturalist:cooked_bass":2,"minecraft:snowball":4,"travelersbackpack:emerald":3,"automobility:automobile_assembler":3,"minecraft:stripped_spruce_log":22,"minecraft:spruce_boat":1,"minecraft:lava_bucket":3,"refurbished_furniture:spruce_chair":6,"minecraft:bow":264,"minecraft:furnace":8,"minecraft:oak_sapling":12,"minecraft:egg":1,"minecraft:potato":90,"minecraft:diorite":12,"minecraft:blackstone":54,"minecraft:wooden_pickaxe":79,"naturalist:duck_egg":115,"minecraft:cookie":17,"minecraft:glow_berries":45,"minecraft:sand":3,"minecraft:cut_sandstone_slab":1,"minecraft:blast_furnace":6,"farmersdelight:rice":7,"minecraft:purple_terracotta":4,"minecraft:pumpkin_seeds":2,"minecraft:birch_fence":1,"automobility:auto_mechanic_table":2,"assortedtools:amethyst_axe":828,"assortedtools:emerald_sword":369,"assortedtools:emerald_pickaxe":2164,"doggytalents:salmon_sushi":1,"assortedtools:amethyst_sword":56,"minecraft:soul_lantern":1,"minecraft:wooden_sword":4,"minecraft:smithing_table":3,"minecraft:oak_boat":1,"minecraft:enchanting_table":1,"minecraft:stone_sword":10,"minecraft:armor_stand":6,"refurbished_furniture:light_fridge":1,"minecraft:cooked_salmon":1,"minecraft:netherrack":181,"minecraft:stick":1,"minecraft:torch":255,"minecraft:anvil":1,"farmersdelight:flint_knife":10,"paladins:paladin_armor_legs":1,"clutter:silver_chestplate":1,"minecraft:melon_seeds":3,"farmersdelight:tomato_seeds":7,"minecraft:cobbled_deepslate":69,"minecraft:pointed_dripstone":3,"minecraft:wheat_seeds":417,"minecraft:water_bucket":83,"minecraft:birch_planks":340,"minecraft:cauldron":4,"minecraft:crafting_table":12,"refurbished_furniture:black_sofa":2,"minecraft:spruce_log":13,"assortedtools:copper_shovel":1275,"runes:crafting_altar":1,"majruszsdifficulty:undead_army_treasure_bag":2,"minecraft:iron_pickaxe":289,"minecraft:spruce_trapdoor":2,"minecraft:spruce_sapling":5,"paladins:iron_great_hammer":183,"minecraft:cobblestone":1137,"minecraft:cooked_porkchop":6,"minecraft:kelp":9,"naturalist:cooked_catfish":2,"minecraft:shield":65,"minecraft:iron_sword":74,"doggytalents:rice_grains":18,"assortedtools:copper_pickaxe":2655,"minecraft:iron_chestplate":1,"minecraft:mutton":2,"minecraft:jungle_planks":3,"minecraft:tuff":2,"minecraft:glass":625,"minecraft:lantern":11,"paladins:iron_claymore":150,"minecraft:stone_bricks":11,"archers:mechanic_shortbow":68,"minecraft:beetroot_seeds":6,"assortedtools:amethyst_shovel":1351,"minecraft:golden_boots":1,"minecraft:dark_oak_stairs":51,"minecraft:stone_pickaxe":1097,"minecraft:oak_planks":209,"refurbished_furniture:spruce_desk":6,"paladins:iron_kite_shield":66,"minecraft:shears":2,"refurbished_furniture:computer":1,"minecraft:birch_fence_gate":1,"minecraft:bread":329,"minecraft:melon_slice":1,"refurbished_furniture:spruce_table":1,"iceandfire:dragon_skull_fire":2,"naturalist:cooked_duck":7,"minecraft:bone_meal":127,"minecraft:experience_bottle":5,"minecraft:cobweb":4,"graveyard:sarcophagus":2,"doggytalents:rice_mill":3,"minecraft:stone_shovel":263,"minecraft:spruce_planks":1,"minecraft:stone_hoe":176,"minecraft:dirt":610,"minecraft:spruce_stairs":139,"refurbished_furniture:television":1,"minecraft:spruce_fence":1,"minecraft:wooden_axe":3,"minecraft:birch_door":2,"minecraft:dark_oak_planks":282,"minecraft:bookshelf":30,"minecraft:iron_boots":1,"minecraft:crimson_planks":2,"refurbished_furniture:light_lightswitch":3,"minecraft:deepslate_tile_stairs":2,"minecraft:iron_leggings":1,"minecraft:brown_bed":3,"minecraft:cooked_mutton":7,"minecraft:cobblestone_stairs":74,"minecraft:baked_potato":141,"minecraft:birch_boat":26,"minecraft:spruce_sign":4,"minecraft:stonecutter":1,"refurbished_furniture:red_grill":2,"paladins:monk_workbench":1,"minecraft:dark_oak_door":2,"minecraft:smoker":3,"minecraft:flower_pot":2,"minecraft:apple":12,"minecraft:cracked_polished_blackstone_bricks":11,"refurbished_furniture:light_ceiling_light":18,"refurbished_furniture:light_electricity_generator":2,"minecraft:fishing_rod":15,"refurbished_furniture:workbench":1,"minecraft:bucket":90,"minecraft:pumpkin_pie":5,"rogues:warrior_armor_chest":1},"minecraft:killed":{"iceandfire:gorgon":1,"minecraft:skeleton":35,"majruszsdifficulty:tank":4,"mutantmonsters:mutant_skeleton":1,"minecraft:pillager":17,"minecraft:zombie":65,"iceandfire:sea_serpent":1,"minecraft:cow":5,"minecraft:vindicator":20,"naturalist:duck":11,"naturalist:coral_snake":1,"iceandfire:siren":12,"minecraft:husk":17,"graveyard:ghoul":4,"majruszsdifficulty:cursed_armor":3,"whisperwoods:zotzpyre":1,"iceandfire:ghost":2,"minecraft:enderman":2,"graveyard:skeleton_creeper":1,"creeperoverhaul:beach_creeper":1,"minecraft:spider":9,"naturalist:snail":1,"minecraft:bee":2,"whisperwoods:wisp":4,"illagerinvasion:provoker":1,"minecraft:piglin_brute":1,"artifacts:mimic":1,"minecraft:piglin":9,"minecraft:sheep":4,"minecraft:stray":7,"minecraft:ghast":3,"iceandfire:pixie":4,"iceandfire:stone_statue":1,"iceandfire:fire_dragon":1,"minecraft:drowned":5,"iceandfire:deathworm":2,"minecraft:squid":2,"naturalist:finch":1,"minecraft:wither_skeleton":3},"minecraft:broken":{"paladins:iron_kite_shield":1,"rogues:warrior_armor_chest":1,"minecraft:iron_boots":4,"minecraft:iron_chestplate":1,"minecraft:iron_leggings":1,"clutter:silver_helmet":5,"clutter:silver_boots":3,"assortedtools:copper_pickaxe":17,"clutter:silver_leggings":2,"paladins:paladin_armor_chest":1,"minecraft:stone_hoe":1,"minecraft:wooden_pickaxe":1,"minecraft:shield":1,"iceandfire:deathworm_yellow_helmet":1,"minecraft:iron_pickaxe":1,"minecraft:iron_helmet":2,"minecraft:stone_pickaxe":8,"paladins:paladin_armor_feet":1,"minecraft:stone_shovel":2,"assortedtools:copper_shovel":8,"paladins:paladin_armor_head":1,"iceandfire:armor_red_chestplate":1,"rogues:rogue_armor_head":1},"minecraft:killed_by":{"creeperoverhaul:bamboo_creeper":1,"minecraft:piglin_brute":3,"iceandfire:siren":3,"minecraft:vindicator":2,"minecraft:zombie":3,"minecraft:husk":1,"minecraft:stray":2,"minecraft:warden":5,"whisperwoods:hidebehind":1,"iceandfire:ghost":1,"minecraft:creeper":2,"minecraft:drowned":1,"graveyard:skeleton_creeper":2,"iceandfire:sea_serpent":2,"minecraft:piglin":1,"majruszsdifficulty:cerberus":2,"iceandfire:fire_dragon":7,"minecraft:player":3,"iceandfire:deathworm":1,"whisperwoods:zotzpyre":5,"dungeonnowloading:hollow":1,"iceandfire:gorgon":2,"minecraft:skeleton":9,"iceandfire:lightning_dragon":3},"minecraft:picked_up":{"minecraft:seagrass":1,"minecraft:birch_door":1,"minecraft:flower_pot":8,"minecraft:prismarine_shard":16,"archers:mechanic_shortbow":1,"minecraft:smithing_table":2,"minecraft:brown_bed":4,"minecraft:wither_rose":2,"minecraft:enchanted_book":5,"minecraft:brewing_stand":1,"minecraft:amethyst_block":4,"minecraft:string":21,"graveyard:sarcophagus":4,"minecraft:pufferfish":3,"minecraft:beetroot":3,"minecraft:gold_nugget":1654,"minecraft:cobbled_deepslate":195,"minecraft:spruce_planks":12,"naturalist:cooked_catfish":1,"paladins:iron_great_hammer":1,"minecraft:melon_slice":30,"minecraft:golden_helmet":1,"minecraft:beehive":6,"minecraft:big_dripleaf":8,"clutter:red_lupine":2,"minecraft:acacia_log":1,"minecraft:deepslate_tile_stairs":10,"paladins:monk_workbench":1,"mutantmonsters:mutant_skeleton_pelvis":1,"minecraft:yellow_banner":1,"iceandfire:lightning_lily":3,"clutter:coin_pouch":2,"minecraft:tropical_fish":1,"iceandfire:deathworm_chitin_yellow":11,"iceandfire:fire_dragon_heart":5,"minecraft:carved_pumpkin":1,"supplementaries:ash":96,"minecraft:iron_bars":4,"minecraft:snowball":49,"minecraft:birch_log":222,"minecraft:magma_block":12,"minecraft:feather":13,"farmersdelight:rice":8,"minecraft:jungle_log":6,"minecraft:green_concrete_powder":1,"minecraft:jungle_wood":1,"minecraft:flint":7,"clutter:yellow_lupine":1,"farmersdelight:tomato":25,"minecraft:lantern":13,"minecraft:stonecutter":1,"dungeonnowloading:dungeon_wall_torch":4,"minecraft:glowstone_dust":168,"minecraft:moss_block":143,"naturalist:snail_shell":1,"minecraft:magenta_candle":1,"minecraft:honeycomb":3,"minecraft:chiseled_polished_blackstone":1,"iceandfire:dragon_skull_fire":7,"iceandfire:shiny_scales":46,"minecraft:stripped_spruce_log":55,"minecraft:ink_sac":3,"minecraft:dark_oak_log":129,"minecraft:barrel":3,"naturalist:duck_egg":125,"graveyard:oak_coffin":1,"minecraft:white_candle":8,"iceandfire:crackled_stone":2,"assortedtools:copper_pickaxe":2,"minecraft:lever":2,"minecraft:granite":36,"clutter:small_purple_lupine":2,"minecraft:spruce_button":5,"minecraft:chainmail_helmet":3,"minecraft:bread":1,"iceandfire:gorgon_head":1,"minecraft:light_blue_candle":2,"iceandfire:raw_silver":12,"iceandfire:dragon_skull_lightning":1,"minecraft:crafting_table":8,"dungeonnowloading:wooden_wall_platform":2,"iceandfire:witherbone":2,"minecraft:clay_ball":308,"runes:crafting_altar":1,"minecraft:yellow_candle":2,"doggytalents:rice_mill":2,"dungeonnowloading:spawner_fragment":8,"clutter:raw_silver":98,"minecraft:cracked_stone_bricks":2,"minecraft:beef":11,"minecraft:iron_nugget":1,"minecraft:poppy":19,"minecraft:spruce_slab":11,"minecraft:chest":6,"minecraft:birch_sapling":46,"minecraft:egg":2,"minecraft:sandstone":16,"naturalist:duck":11,"minecraft:spruce_fence":2,"minecraft:fire_charge":2,"farmersdelight:tomato_seeds":7,"iceandfire:deathworm_chitin_white":12,"minecraft:carrot":2,"whisperwoods:wisp_lantern_orange":2,"minecraft:redstone":83,"minecraft:prismarine_crystals":36,"iceandfire:dragon_skull_ice":1,"minecraft:tnt":2,"refurbished_furniture:red_grill":1,"minecraft:beetroot_seeds":9,"iceandfire:dragonscales_silver":2,"minecraft:hay_block":56,"majruszsdifficulty:soul_jar":1,"minecraft:gold_ingot":23,"minecraft:glow_berries":47,"minecraft:mutton":6,"minecraft:bone_block":29,"minecraft:white_wool":3,"minecraft:stripped_oak_log":1,"iceandfire:sea_serpent_fang":12,"majruszsdifficulty:cloth":15,"minecraft:red_mushroom":2,"minecraft:filled_map":1,"doggytalents:rice_grains":21,"minecraft:oak_log":74,"minecraft:lily_pad":1,"minecraft:golden_boots":2,"mutantmonsters:mutant_skeleton_limb":7,"iceandfire:pixie_house_mushroom_red":1,"minecraft:apple":6,"minecraft:stone_bricks":13,"minecraft:kelp":63,"majruszsdifficulty:tattered_leggings":1,"automobility:auto_mechanic_table":1,"minecraft:stone_pickaxe":1,"minecraft:cobweb":19,"minecraft:iron_sword":3,"minecraft:flowering_azalea":2,"minecraft:dark_oak_stairs":10,"iceandfire:copper_nugget":80,"minecraft:dark_oak_slab":4,"minecraft:daylight_detector":1,"clutter:small_red_lupine":3,"runes:arcane_stone":1,"minecraft:gravel":154,"minecraft:spruce_sapling":8,"minecraft:spruce_log":90,"minecraft:orange_candle":2,"minecraft:crying_obsidian":3,"minecraft:leather_helmet":1,"travelersbackpack:wolf":1,"minecraft:slime_ball":1,"runes:frost_stone":1,"minecraft:gray_wool":2,"iceandfire:ice_dragon_flesh":3,"minecraft:melon_seeds":3,"minecraft:ender_pearl":5,"minecraft:chiseled_deepslate":1,"refurbished_furniture:spruce_desk":1,"minecraft:wheat":403,"minecraft:redstone_block":5,"minecraft:potion":1,"minecraft:gilded_blackstone":1,"minecraft:nether_brick":7,"minecraft:stone_brick_stairs":4,"minecraft:crimson_planks":3,"travelersbackpack:emerald":1,"minecraft:raw_copper":181,"mutantmonsters:mutant_skeleton_skull":1,"minecraft:iron_leggings":2,"minecraft:armor_stand":6,"minecraft:sticky_piston":7,"universal_graves:grave_compass":2,"minecraft:purple_banner":1,"minecraft:experience_bottle":2,"minecraft:deepslate_tiles":2,"minecraft:bucket":1,"farmersdelight:cabbage":6,"minecraft:azalea":3,"minecraft:smooth_quartz_stairs":2,"iceandfire:dragonscales_red":13,"farmersdelight:cabbage_seeds":18,"minecraft:iron_boots":1,"minecraft:furnace":4,"assortedtools:amethyst_shovel":1,"minecraft:tipped_arrow":68,"iceandfire:pixie_dust":5,"minecraft:stick":62,"iceandfire:ghost_chest":2,"farmersdelight:rotten_tomato":1,"minecraft:oak_fence":1,"minecraft:torch":117,"minecraft:spruce_stairs":9,"minecraft:pointed_dripstone":3,"minecraft:diorite":53,"minecraft:quartz_block":3,"minecraft:cactus":2,"minecraft:rotten_flesh":122,"supplementaries:antique_ink":5,"mutantmonsters:mutant_skeleton_shoulder_pad":1,"minecraft:deepslate_brick_stairs":1,"minecraft:obsidian":10,"minecraft:cod":3,"minecraft:cobblestone":3185,"minecraft:leather_chestplate":2,"minecraft:repeater":4,"minecraft:andesite":29,"minecraft:golden_leggings":1,"minecraft:potato":217,"minecraft:tuff":22,"supplementaries:flax_seeds":12,"minecraft:cut_sandstone_slab":1,"artifacts:pickaxe_heater":1,"minecraft:lapis_lazuli":110,"minecraft:dirt":1869,"iceandfire:dragonscales_bronze":22,"minecraft:leather_boots":1,"wizards:wand_novice":1,"minecraft:bone":122,"clutter:small_yellow_lupine":1,"minecraft:bow":7,"minecraft:wheat_seeds":1136,"minecraft:raw_gold":14,"paladins:acolyte_wand":1,"minecraft:grindstone":1,"minecraft:mossy_stone_bricks":15,"minecraft:stone_hoe":2,"minecraft:oak_planks":30,"minecraft:poisonous_potato":2,"minecraft:jungle_planks":6,"minecraft:sand":784,"minecraft:dead_bush":5,"dungeonnowloading:wooden_wall_rack":4,"minecraft:spectral_arrow":8,"minecraft:chiseled_sandstone":1,"minecraft:mossy_cobblestone":2,"assortedtools:amethyst_sword":2,"minecraft:diamond":8,"minecraft:soul_lantern":2,"minecraft:cracked_polished_blackstone_bricks":37,"minecraft:crossbow":3,"minecraft:bone_meal":5,"minecraft:spruce_sign":2,"minecraft:emerald":29,"minecraft:oak_sapling":30,"minecraft:netherrack":635,"majruszsdifficulty:tattered_boots":2,"minecraft:fishing_rod":1,"minecraft:charcoal":2,"minecraft:ladder":4,"minecraft:turtle_helmet":1,"minecraft:brown_mushroom":32,"minecraft:wooden_pickaxe":1,"minecraft:gold_block":5,"doggytalents:rice_wheat":12,"minecraft:chain":1,"minecraft:moss_carpet":8,"minecraft:item_frame":14,"minecraft:birch_fence":2,"minecraft:blackstone":120,"minecraft:candle":7,"farmersdelight:straw":2,"refurbished_furniture:light_electricity_generator":1,"minecraft:player_head":2,"minecraft:sugar_cane":2,"iceandfire:ice_dragon_heart":1,"minecraft:dark_oak_sapling":6,"minecraft:stripped_crimson_hyphae":7,"minecraft:raw_iron":139,"iceandfire:dragonscales_gray":3,"iceandfire:dragonbone":52,"iceandfire:dragonscales_green":27,"minecraft:copper_ingot":37,"runes:fire_stone":1,"automobility:automobile_assembler":2,"minecraft:polished_blackstone_bricks":114,"clutter:small_blue_lupine":3,"minecraft:purple_terracotta":6,"minecraft:dark_oak_planks":27,"minecraft:arrow":77,"iceandfire:chared_dirt":1,"mutantmonsters:mutant_skeleton_rib":3,"minecraft:saddle":1,"majruszsdifficulty:cerberus_fang":3,"minecraft:skeleton_skull":2,"farmersdelight:rich_soil":46,"minecraft:glow_ink_sac":9,"minecraft:salmon":3,"minecraft:leather":8,"minecraft:cut_sandstone":1,"minecraft:birch_planks":59,"minecraft:chainmail_chestplate":1,"iceandfire:ectoplasm":4,"minecraft:gunpowder":31,"minecraft:cobblestone_stairs":12,"minecraft:spruce_wood":9,"minecraft:iron_ingot":34,"iceandfire:sea_serpent_scales_deepblue":15,"iceandfire:fire_dragon_flesh":22,"minecraft:soul_sand":14,"iceandfire:crackled_cobblestone":3,"minecraft:book":83,"minecraft:birch_boat":6,"doggytalents:salmon_sushi":2,"minecraft:stone_brick_slab":3,"minecraft:quartz":32,"minecraft:dandelion":13,"minecraft:amethyst_shard":22,"refurbished_furniture:light_ceiling_light":2,"minecraft:blast_furnace":1,"majruszsdifficulty:bandage":12,"minecraft:spider_eye":1,"clutter:mossbloom_antler":42,"minecraft:dead_bubble_coral":2,"minecraft:pumpkin_seeds":6,"minecraft:gray_banner":4,"minecraft:chainmail_leggings":2,"minecraft:iron_helmet":2,"minecraft:mossy_cobblestone_stairs":1,"refurbished_furniture:spruce_chair":1,"whisperwoods:ghost_light_fiery_orange":1,"majruszsdifficulty:tattered_chestplate":2,"minecraft:coal":466}},"DataVersion":3465}