{"stats":{"minecraft:broken":{"clutter:silver_helmet":5,"minecraft:stone_pickaxe":8,"clutter:silver_boots":3,"assortedtools:copper_pickaxe":17,"minecraft:stone_shovel":2,"clutter:silver_leggings":2,"paladins:paladin_armor_chest":1,"minecraft:wooden_pickaxe":1,"minecraft:shield":1,"assortedtools:copper_shovel":8,"minecraft:iron_pickaxe":1,"rogues:rogue_armor_head":1},"minecraft:killed_by":{"creeperoverhaul:bamboo_creeper":1,"minecraft:piglin_brute":3,"minecraft:creeper":2,"iceandfire:siren":2,"minecraft:drowned":1,"iceandfire:sea_serpent":1,"minecraft:vindicator":2,"minecraft:piglin":1,"minecraft:zombie":2,"iceandfire:fire_dragon":1,"minecraft:player":3,"dungeonnowloading:hollow":1,"minecraft:warden":4,"minecraft:skeleton":5,"iceandfire:lightning_dragon":3,"iceandfire:ghost":1},"minecraft:custom":{"minecraft:interact_with_crafting_table":161,"minecraft:open_barrel":26,"goblintraders:trade_with_goblin":2,"minecraft:eat_cake_slice":1,"minecraft:leave_game":7,"minecraft:time_since_death":14280,"minecraft:damage_resisted":151,"minecraft:sprint_one_cm":1772379,"minecraft:damage_blocked_by_shield":5729,"minecraft:drop":85,"minecraft:talked_to_villager":2,"minecraft:play_time":1044452,"minecraft:deaths":39,"minecraft:jump":15027,"minecraft:walk_on_water_one_cm":233599,"minecraft:enchant_item":2,"minecraft:interact_with_furnace":149,"minecraft:sleep_in_bed":20,"minecraft:damage_dealt":24298,"minecraft:crouch_one_cm":142671,"minecraft:interact_with_smoker":5,"minecraft:interact_with_smithing_table":4,"minecraft:mob_kills":123,"minecraft:damage_dealt_resisted":20,"minecraft:climb_one_cm":30856,"minecraft:walk_one_cm":2842942,"minecraft:sneak_time":43281,"minecraft:walk_under_water_one_cm":153368,"minecraft:boat_one_cm":1255495,"minecraft:interact_with_blast_furnace":1,"minecraft:total_world_time":1044452,"minecraft:hex":0,"minecraft:time_since_rest":14303,"minecraft:damage_absorbed":433,"minecraft:damage_taken":22359,"minecraft:trigger_trapped_chest":6,"minecraft:swim_one_cm":658227,"minecraft:fly_one_cm":1684933,"minecraft:open_chest":632,"minecraft:fall_one_cm":296889},"minecraft:killed":{"graveyard:skeleton_creeper":1,"minecraft:spider":5,"naturalist:snail":1,"minecraft:skeleton":21,"whisperwoods:wisp":4,"illagerinvasion:provoker":1,"minecraft:piglin_brute":1,"minecraft:piglin":5,"minecraft:sheep":4,"minecraft:pillager":5,"minecraft:zombie":27,"minecraft:stray":3,"minecraft:ghast":1,"iceandfire:pixie":2,"minecraft:cow":5,"minecraft:vindicator":10,"naturalist:duck":6,"naturalist:coral_snake":1,"iceandfire:siren":2,"minecraft:drowned":1,"minecraft:husk":4,"graveyard:ghoul":3,"majruszsdifficulty:cursed_armor":3,"naturalist:finch":1,"iceandfire:ghost":1,"minecraft:enderman":1},"minecraft:mined":{"minecraft:dark_oak_planks":4,"minecraft:large_amethyst_bud":4,"farmersdelight:rich_soil":41,"minecraft:spruce_planks":2,"minecraft:sculk_vein":3,"minecraft:jungle_leaves":4,"minecraft:obsidian":9,"minecraft:granite":39,"minecraft:cave_vines_plant":12,"minecraft:stripped_crimson_hyphae":8,"minecraft:budding_amethyst":1,"minecraft:chiseled_polished_blackstone":1,"minecraft:acacia_log":1,"minecraft:grass_block":806,"clutter:deepslate_silver_ore":9,"minecraft:jungle_log":4,"minecraft:cracked_polished_blackstone_bricks":39,"minecraft:orange_candle":1,"minecraft:soul_soil":1,"minecraft:deepslate_tile_stairs":4,"minecraft:frosted_ice":27,"minecraft:gilded_blackstone":1,"minecraft:spawner":3,"iceandfire:crackled_cobblestone":1,"minecraft:polished_blackstone_bricks":122,"minecraft:tall_seagrass":2,"minecraft:magma_block":12,"minecraft:mossy_cobblestone_stairs":1,"minecraft:sculk_catalyst":2,"supplementaries:ash":1,"minecraft:cobbled_deepslate":10,"minecraft:iron_ore":120,"minecraft:barrel":3,"minecraft:fire":26,"minecraft:moss_carpet":4,"minecraft:deepslate_lapis_ore":8,"minecraft:dark_oak_stairs":2,"minecraft:brown_bed":4,"minecraft:sculk_shrieker":3,"supplementaries:stick":2,"dungeonnowloading:wooden_wall_rack":2,"minecraft:cave_vines":10,"minecraft:dirt_path":1,"minecraft:iron_bars":2,"minecraft:small_amethyst_bud":1,"illagerinvasion:magic_fire":2,"clutter:silver_ore":22,"minecraft:spruce_wood":9,"minecraft:azalea_leaves":1,"minecraft:brown_mushroom":2,"minecraft:quartz_block":3,"minecraft:blackstone":80,"minecraft:kelp_plant":4,"minecraft:medium_amethyst_bud":2,"minecraft:amethyst_cluster":11,"minecraft:soul_lantern":2,"minecraft:powder_snow":216,"minecraft:clay":83,"dungeonnowloading:dungeon_wall_torch":2,"minecraft:torch":24,"minecraft:calcite":9,"minecraft:poppy":3,"minecraft:melon":3,"minecraft:green_concrete_powder":1,"iceandfire:ghost_chest":1,"minecraft:chest":6,"minecraft:white_candle":1,"farmersdelight:brown_mushroom_colony":5,"minecraft:glass":1,"farmersdelight:cabbages":2,"minecraft:nether_quartz_ore":6,"minecraft:cobblestone":134,"minecraft:grindstone":1,"minecraft:oak_planks":37,"minecraft:wall_torch":20,"minecraft:amethyst_block":8,"minecraft:deepslate_copper_ore":1,"minecraft:chain":1,"graveyard:oak_coffin":1,"minecraft:dark_oak_slab":5,"paladins:monk_workbench":1,"minecraft:birch_log":180,"minecraft:wheat":432,"minecraft:grass":65,"minecraft:oak_log":74,"dungeonnowloading:wooden_wall_platform":1,"minecraft:dirt":1152,"minecraft:sand":38,"minecraft:smooth_basalt":13,"minecraft:stonecutter":1,"minecraft:red_mushroom_block":9,"minecraft:netherrack":934,"minecraft:oak_leaves":38,"minecraft:deepslate":141,"minecraft:nether_gold_ore":2,"minecraft:deepslate_tiles":1,"minecraft:tuff":6,"minecraft:dead_bubble_coral":1,"iceandfire:silver_ore":8,"minecraft:mossy_cobblestone":1,"minecraft:dark_oak_leaves":9,"minecraft:deepslate_diamond_ore":4,"minecraft:candle":3,"minecraft:dark_oak_log":117,"minecraft:glow_lichen":1,"minecraft:spruce_fence":2,"minecraft:yellow_candle":1,"iceandfire:deepslate_silver_ore":3,"farmersdelight:tomatoes":4,"minecraft:spruce_leaves":14,"clutter:small_red_lupine":1,"minecraft:moss_block":80,"minecraft:kelp":2,"minecraft:hay_block":56,"minecraft:redstone_ore":16,"minecraft:spruce_sapling":1,"minecraft:furnace":4,"runes:crafting_altar":1,"minecraft:snow":1,"minecraft:gray_wall_banner":2,"minecraft:andesite":34,"minecraft:stripped_spruce_log":63,"minecraft:gold_block":3,"graveyard:sarcophagus":3,"minecraft:potatoes":26,"minecraft:deepslate_iron_ore":20,"minecraft:vine":10,"minecraft:lantern":10,"minecraft:stone":2834,"minecraft:podzol":2,"minecraft:smithing_table":2,"minecraft:oak_slab":3,"minecraft:flowering_azalea":1,"minecraft:glass_pane":2,"minecraft:soul_sand":11,"minecraft:snow_block":9,"minecraft:basalt":3,"minecraft:crafting_table":7,"minecraft:emerald_ore":1,"minecraft:sculk_sensor":18,"minecraft:campfire":1,"minecraft:stone_slab":1,"minecraft:tall_grass":11,"minecraft:copper_ore":55,"minecraft:deepslate_coal_ore":2,"minecraft:deepslate_gold_ore":6,"minecraft:lapis_ore":7,"minecraft:big_dripleaf":2,"minecraft:sculk":10,"minecraft:diorite":40,"clutter:small_blue_lupine":1,"minecraft:warped_wart_block":1,"supplementaries:urn":27,"minecraft:spruce_stairs":2,"farmersdelight:wild_beetroots":4,"minecraft:gray_wool":1,"minecraft:spruce_log":81,"minecraft:birch_leaves":67,"minecraft:magenta_candle":1,"minecraft:bee_nest":1,"minecraft:coal_ore":331,"minecraft:light_blue_candle":1,"minecraft:flower_pot":2,"minecraft:gravel":78,"minecraft:cobweb":2,"minecraft:gold_ore":10,"minecraft:mossy_stone_bricks":2,"minecraft:fern":1},"minecraft:picked_up":{"minecraft:birch_door":1,"minecraft:wheat":403,"minecraft:prismarine_shard":1,"minecraft:flower_pot":8,"archers:mechanic_shortbow":1,"minecraft:smithing_table":2,"minecraft:brown_bed":4,"minecraft:potion":1,"minecraft:gilded_blackstone":1,"minecraft:nether_brick":7,"minecraft:amethyst_block":4,"travelersbackpack:emerald":1,"minecraft:string":17,"minecraft:raw_copper":181,"graveyard:sarcophagus":4,"universal_graves:grave_compass":1,"minecraft:pufferfish":1,"minecraft:experience_bottle":2,"minecraft:beetroot":2,"minecraft:deepslate_tiles":2,"minecraft:gold_nugget":26,"minecraft:cobbled_deepslate":141,"naturalist:cooked_catfish":1,"minecraft:spruce_planks":1,"minecraft:azalea":3,"minecraft:melon_slice":13,"iceandfire:ghost_chest":2,"minecraft:furnace":4,"farmersdelight:cabbage_seeds":1,"minecraft:tipped_arrow":1,"iceandfire:pixie_dust":4,"minecraft:stick":58,"minecraft:big_dripleaf":8,"clutter:red_lupine":2,"minecraft:torch":87,"minecraft:acacia_log":1,"minecraft:spruce_stairs":1,"minecraft:diorite":53,"paladins:monk_workbench":1,"minecraft:deepslate_tile_stairs":8,"minecraft:quartz_block":3,"clutter:coin_pouch":2,"minecraft:rotten_flesh":64,"supplementaries:antique_ink":5,"supplementaries:ash":86,"minecraft:obsidian":10,"minecraft:iron_bars":4,"minecraft:cod":1,"minecraft:snowball":45,"minecraft:cobblestone":2953,"minecraft:birch_log":180,"minecraft:magma_block":12,"minecraft:feather":5,"minecraft:andesite":27,"minecraft:jungle_log":4,"minecraft:green_concrete_powder":1,"minecraft:potato":84,"clutter:yellow_lupine":1,"minecraft:flint":5,"minecraft:tuff":6,"supplementaries:flax_seeds":8,"minecraft:lapis_lazuli":97,"minecraft:dirt":1828,"minecraft:lantern":10,"wizards:wand_novice":1,"minecraft:bone":56,"clutter:small_yellow_lupine":1,"minecraft:stonecutter":1,"minecraft:bow":4,"minecraft:wheat_seeds":1115,"minecraft:grindstone":1,"minecraft:raw_gold":14,"paladins:acolyte_wand":1,"dungeonnowloading:dungeon_wall_torch":4,"minecraft:mossy_stone_bricks":2,"minecraft:honeycomb":3,"minecraft:moss_block":137,"naturalist:snail_shell":1,"minecraft:magenta_candle":1,"minecraft:oak_planks":30,"minecraft:chiseled_polished_blackstone":1,"iceandfire:shiny_scales":4,"minecraft:sand":37,"minecraft:stripped_spruce_log":55,"minecraft:dead_bush":5,"minecraft:dark_oak_log":129,"dungeonnowloading:wooden_wall_rack":4,"minecraft:spectral_arrow":8,"minecraft:barrel":3,"naturalist:duck_egg":85,"graveyard:oak_coffin":1,"minecraft:white_candle":4,"assortedtools:amethyst_sword":2,"minecraft:diamond":4,"minecraft:soul_lantern":2,"assortedtools:copper_pickaxe":2,"minecraft:cracked_polished_blackstone_bricks":37,"minecraft:granite":36,"minecraft:bone_meal":5,"clutter:small_purple_lupine":2,"minecraft:emerald":20,"minecraft:bread":1,"minecraft:oak_sapling":30,"minecraft:netherrack":563,"minecraft:light_blue_candle":2,"iceandfire:raw_silver":11,"majruszsdifficulty:tattered_boots":2,"minecraft:charcoal":2,"minecraft:crafting_table":8,"dungeonnowloading:wooden_wall_platform":2,"minecraft:ladder":3,"minecraft:clay_ball":308,"minecraft:brown_mushroom":32,"runes:crafting_altar":1,"minecraft:gold_block":5,"minecraft:chain":1,"minecraft:yellow_candle":2,"minecraft:moss_carpet":8,"minecraft:item_frame":9,"minecraft:blackstone":120,"dungeonnowloading:spawner_fragment":8,"clutter:raw_silver":98,"minecraft:candle":7,"minecraft:beef":11,"minecraft:poppy":3,"minecraft:iron_nugget":1,"minecraft:chest":6,"minecraft:birch_sapling":43,"minecraft:egg":2,"minecraft:dark_oak_sapling":6,"minecraft:stripped_crimson_hyphae":7,"minecraft:raw_iron":139,"naturalist:duck":6,"minecraft:copper_ingot":37,"runes:fire_stone":1,"minecraft:spruce_fence":2,"minecraft:fire_charge":2,"minecraft:polished_blackstone_bricks":114,"clutter:small_blue_lupine":3,"farmersdelight:tomato_seeds":4,"whisperwoods:wisp_lantern_orange":2,"minecraft:redstone":82,"minecraft:prismarine_crystals":5,"minecraft:dark_oak_planks":4,"minecraft:tnt":2,"minecraft:arrow":57,"minecraft:beetroot_seeds":5,"minecraft:hay_block":56,"majruszsdifficulty:soul_jar":1,"minecraft:saddle":1,"minecraft:glow_berries":37,"minecraft:mutton":4,"minecraft:skeleton_skull":1,"minecraft:white_wool":3,"farmersdelight:rich_soil":39,"minecraft:glow_ink_sac":6,"minecraft:leather":8,"minecraft:red_mushroom":2,"doggytalents:rice_grains":3,"minecraft:birch_planks":19,"minecraft:oak_log":74,"iceandfire:ectoplasm":4,"minecraft:gunpowder":9,"minecraft:apple":5,"minecraft:kelp":47,"minecraft:spruce_wood":9,"minecraft:iron_ingot":1,"minecraft:stone_pickaxe":1,"minecraft:cobweb":19,"minecraft:dark_oak_stairs":2,"minecraft:iron_sword":1,"minecraft:flowering_azalea":2,"minecraft:soul_sand":14,"iceandfire:crackled_cobblestone":1,"minecraft:dark_oak_slab":4,"minecraft:birch_boat":4,"clutter:small_red_lupine":3,"runes:arcane_stone":1,"minecraft:quartz":32,"minecraft:gravel":151,"minecraft:amethyst_shard":22,"minecraft:spruce_sapling":7,"minecraft:spruce_log":78,"minecraft:orange_candle":2,"minecraft:crying_obsidian":3,"clutter:mossbloom_antler":32,"minecraft:dead_bubble_coral":2,"minecraft:pumpkin_seeds":2,"minecraft:slime_ball":1,"runes:frost_stone":1,"minecraft:gray_banner":4,"minecraft:mossy_cobblestone_stairs":1,"minecraft:gray_wool":1,"whisperwoods:ghost_light_fiery_orange":1,"minecraft:melon_seeds":3,"minecraft:coal":415,"majruszsdifficulty:tattered_chestplate":2,"minecraft:ender_pearl":4},"minecraft:dropped":{"minecraft:iron_sword":1,"minecraft:moss_block":63,"minecraft:birch_planks":19,"minecraft:glow_ink_sac":3,"minecraft:crafting_table":1,"minecraft:cod":1,"minecraft:item_frame":1,"minecraft:cracked_polished_blackstone_bricks":13,"minecraft:dirt":101,"minecraft:mutton":4,"assortedtools:amethyst_sword":2,"minecraft:snowball":8,"minecraft:gilded_blackstone":1,"minecraft:gravel":34,"minecraft:iron_nugget":1,"minecraft:cobbled_deepslate":3,"minecraft:wheat":1,"minecraft:obsidian":1,"minecraft:white_candle":4,"minecraft:rotten_flesh":41,"minecraft:oak_planks":2,"universal_graves:grave_compass":5,"supplementaries:antique_ink":2,"supplementaries:flax_seeds":6,"iceandfire:ghost_chest":1,"iceandfire:crackled_cobblestone":1,"doggytalents:rice_grains":1,"minecraft:crying_obsidian":3,"minecraft:netherrack":30,"minecraft:bread":1,"minecraft:wheat_seeds":69,"minecraft:cobblestone":23,"minecraft:granite":32,"clutter:mossbloom_antler":4,"minecraft:gray_wool":1,"assortedtools:copper_pickaxe":2,"minecraft:diorite":34,"minecraft:fire_charge":2,"minecraft:potion":1,"minecraft:string":1,"naturalist:duck_egg":1,"minecraft:moss_carpet":8,"minecraft:kelp":5,"minecraft:clay_ball":4,"minecraft:big_dripleaf":2,"minecraft:andesite":2,"minecraft:mossy_stone_bricks":2,"minecraft:stone_pickaxe":1},"minecraft:used":{"whisperwoods:wisp_lantern_orange":3,"minecraft:moss_block":3,"minecraft:chest":36,"minecraft:shield":65,"minecraft:stone":16,"minecraft:iron_sword":74,"minecraft:rotten_flesh":28,"minecraft:iron_chestplate":1,"assortedtools:copper_pickaxe":2655,"naturalist:cooked_bass":2,"minecraft:tuff":2,"travelersbackpack:emerald":1,"minecraft:glass":1,"paladins:iron_claymore":54,"archers:mechanic_shortbow":63,"minecraft:furnace":7,"minecraft:oak_sapling":12,"assortedtools:amethyst_shovel":533,"minecraft:egg":1,"minecraft:potato":26,"minecraft:dark_oak_stairs":50,"minecraft:diorite":12,"minecraft:stone_pickaxe":1097,"minecraft:oak_planks":209,"minecraft:blackstone":54,"minecraft:wooden_pickaxe":79,"naturalist:duck_egg":79,"minecraft:glow_berries":35,"minecraft:blast_furnace":6,"paladins:iron_kite_shield":27,"minecraft:shears":1,"minecraft:birch_fence":1,"minecraft:birch_fence_gate":1,"minecraft:bread":221,"minecraft:melon_slice":1,"assortedtools:amethyst_axe":631,"assortedtools:emerald_sword":208,"assortedtools:emerald_pickaxe":1334,"assortedtools:amethyst_sword":56,"minecraft:soul_lantern":1,"minecraft:wooden_sword":4,"naturalist:cooked_duck":2,"minecraft:smithing_table":3,"minecraft:oak_boat":1,"minecraft:bone_meal":106,"minecraft:experience_bottle":2,"minecraft:stone_sword":10,"graveyard:sarcophagus":2,"minecraft:stone_shovel":263,"minecraft:spruce_planks":1,"minecraft:stone_hoe":96,"minecraft:netherrack":126,"minecraft:stick":1,"minecraft:torch":225,"minecraft:dirt":597,"minecraft:spruce_stairs":1,"minecraft:spruce_fence":1,"clutter:silver_chestplate":1,"minecraft:birch_door":1,"minecraft:wooden_axe":3,"minecraft:dark_oak_planks":181,"minecraft:cobbled_deepslate":38,"minecraft:iron_leggings":1,"minecraft:brown_bed":3,"minecraft:wheat_seeds":411,"minecraft:cooked_mutton":7,"minecraft:water_bucket":25,"minecraft:birch_planks":2,"minecraft:baked_potato":8,"minecraft:birch_boat":13,"minecraft:crafting_table":9,"minecraft:spruce_log":13,"minecraft:smoker":3,"assortedtools:copper_shovel":1275,"minecraft:flower_pot":1,"majruszsdifficulty:undead_army_treasure_bag":1,"minecraft:cracked_polished_blackstone_bricks":11,"minecraft:iron_pickaxe":251,"minecraft:spruce_sapling":5,"minecraft:cobblestone":536,"minecraft:bucket":28,"minecraft:kelp":9},"minecraft:crafted":{"naturalist:cooked_duck":2,"minecraft:smooth_stone":19,"minecraft:oak_planks":236,"minecraft:birch_boat":9,"minecraft:stone":51,"naturalist:cooked_bass":1,"assortedtools:amethyst_shovel":1,"minecraft:cooked_mutton":7,"minecraft:glass":37,"assortedtools:amethyst_sword":1,"runes:healing_stone":4,"minecraft:birch_fence_gate":1,"whisperwoods:wisp_lantern_orange":1,"archers:mechanic_shortbow":1,"minecraft:chest":37,"minecraft:birch_door":3,"minecraft:stone_hoe":2,"minecraft:smoker":3,"clutter:silver_leggings":3,"travelersbackpack:iron_tier_upgrade":1,"minecraft:emerald":2,"minecraft:arrow":4,"minecraft:crafting_table":5,"minecraft:wooden_pickaxe":2,"paladins:iron_claymore":1,"minecraft:smithing_table":1,"minecraft:copper_ingot":115,"minecraft:birch_planks":352,"minecraft:iron_chestplate":1,"minecraft:shield":2,"minecraft:birch_fence":3,"minecraft:stick":132,"minecraft:iron_pickaxe":1,"minecraft:iron_ingot":142,"minecraft:stone_sword":1,"minecraft:gold_ingot":41,"minecraft:shears":1,"assortedtools:copper_shovel":9,"minecraft:wooden_sword":1,"minecraft:stone_shovel":2,"clutter:silver_ingot":98,"minecraft:iron_nugget":9,"minecraft:blast_furnace":6,"minecraft:furnace":12,"minecraft:bone_meal":126,"assortedtools:amethyst_axe":2,"clutter:silver_helmet":5,"travelersbackpack:blank_upgrade":4,"assortedtools:copper_pickaxe":18,"clutter:silver_chestplate":5,"minecraft:stone_pickaxe":9,"minecraft:dark_oak_planks":464,"clutter:silver_boots":4,"minecraft:wheat":414,"paladins:iron_kite_shield":1,"iceandfire:silver_ingot":10,"minecraft:dark_oak_stairs":68,"travelersbackpack:backpack_tank":2,"minecraft:iron_sword":1,"minecraft:bucket":3,"minecraft:air":0,"minecraft:bread":250,"minecraft:oak_boat":1,"iceandfire:bestiary":1,"assortedtools:emerald_pickaxe":2,"minecraft:wooden_axe":1,"minecraft:iron_leggings":1,"minecraft:acacia_planks":4,"minecraft:torch":168,"assortedtools:emerald_sword":2}},"DataVersion":3465}