{
  "travelersbackpack:recipes/misc/bee": {
    "criteria": {
      "has_honey_bottle": "2024-11-12 02:48:52 +0000"
    },
    "done": true
  },
  "minecraft:recipes/decorations/brick_wall": {
    "criteria": {
      "has_bricks": "2024-11-12 02:45:24 +0000"
    },
    "done": true
  },
  "refurbished_furniture:recipes/misc/constructing/purple_stool": {
    "criteria": {
      "has_planks": "2024-11-12 02:40:48 +0000"
    },
    "done": true
  },
  "minecraft:recipes/decorations/ladder": {
    "criteria": {
      "has_stick": "2024-11-12 02:56:21 +0000"
    },
    "done": true
  },
  "vc_gliders:recipes/misc/reinforced_paper_diamond": {
    "criteria": {
      "has_crafting_table": "2024-11-12 02:40:14 +0000"
    },
    "done": true
  },
  "supplementaries:recipes/soap/map": {
    "criteria": {
      "has_filled_map": "2024-11-12 02:47:36 +0000"
    },
    "done": true
  },
  "mutantmonsters:root": {
    "criteria": {
      "killed_something": "2024-11-12 02:47:18 +0000"
    },
    "done": true
  },
  "rpg_series:root": {
    "criteria": {
      "always": "2024-11-12 02:29:34 +0000"
    },
    "done": true
  },
  "refurbished_furniture:recipes/misc/constructing/oak_toilet": {
    "criteria": {
      "has_oak_planks": "2024-11-12 02:40:48 +0000"
    },
    "done": true
  },
  "refurbished_furniture:recipes/misc/constructing/crimson_lattice_fence": {
    "criteria": {
      "has_stick": "2024-11-12 02:56:21 +0000"
    },
    "done": true
  },
  "minecraft:recipes/building_blocks/brick_stairs": {
    "criteria": {
      "has_bricks": "2024-11-12 02:45:24 +0000"
    },
    "done": true
  },
  "clutter:recipes/decorations/oak_table": {
    "criteria": {
      "has_oak_log": "2024-11-12 02:40:26 +0000"
    },
    "done": true
  },
  "refurbished_furniture:recipes/misc/constructing/jungle_lattice_fence": {
    "criteria": {
      "has_stick": "2024-11-12 02:56:21 +0000"
    },
    "done": true
  },
  "refurbished_furniture:recipes/misc/constructing/spruce_table": {
    "criteria": {
      "has_spruce_planks": "2024-11-12 02:58:52 +0000"
    },
    "done": true
  },
  "refurbished_furniture:recipes/misc/constructing/spruce_lattice_fence_gate": {
    "criteria": {
      "has_stick": "2024-11-12 02:56:21 +0000"
    },
    "done": true
  },
  "refurbished_furniture:recipes/misc/constructing/green_stool": {
    "criteria": {
      "has_planks": "2024-11-12 02:40:48 +0000"
    },
    "done": true
  },
  "refurbished_furniture:recipes/misc/constructing/yellow_lamp": {
    "criteria": {
      "has_planks": "2024-11-12 02:40:48 +0000"
    },
    "done": true
  },
  "majruszsdifficulty:recipes/misc/bandage": {
    "criteria": {
      "has_string": "2024-11-12 02:42:11 +0000"
    },
    "done": true
  },
  "refurbished_furniture:recipes/misc/constructing/oak_kitchen_drawer": {
    "criteria": {
      "has_oak_planks": "2024-11-12 02:40:48 +0000"
    },
    "done": true
  },
  "minecraft:recipes/tools/golden_axe": {
    "criteria": {
      "has_gold_ingot": "2024-11-12 02:46:03 +0000"
    },
    "done": true
  },
  "assortedtools:recipes/tools/wood_boomerang": {
    "criteria": {
      "has_planks": "2024-11-12 02:40:48 +0000"
    },
    "done": true
  },
  "refurbished_furniture:recipes/misc/constructing/spruce_kitchen_sink": {
    "criteria": {
      "has_spruce_planks": "2024-11-12 02:58:52 +0000"
    },
    "done": true
  },
  "minecraft:recipes/decorations/oak_sign": {
    "criteria": {
      "has_planks": "2024-11-12 02:40:48 +0000"
    },
    "done": true
  },
  "spellbladenext:spellblades/root": {
    "criteria": {
      "always": "2024-11-12 02:29:34 +0000"
    },
    "done": true
  },
  "refurbished_furniture:recipes/misc/spatula": {
    "criteria": {
      "has_string": "2024-11-12 02:42:11 +0000"
    },
    "done": true
  },
  "minecraft:recipes/tools/golden_pickaxe": {
    "criteria": {
      "has_gold_ingot": "2024-11-12 02:46:03 +0000"
    },
    "done": true
  },
  "refurbished_furniture:recipes/misc/constructing/red_lamp": {
    "criteria": {
      "has_planks": "2024-11-12 02:40:48 +0000"
    },
    "done": true
  },
  "refurbished_furniture:recipes/misc/constructing/orange_lamp": {
    "criteria": {
      "has_planks": "2024-11-12 02:40:48 +0000"
    },
    "done": true
  },
  "refurbished_furniture:recipes/misc/constructing/dark_oak_lattice_fence_gate": {
    "criteria": {
      "has_stick": "2024-11-12 02:56:21 +0000"
    },
    "done": true
  },
  "supplementaries:recipes/flags/flag_orange": {
    "criteria": {
      "has_stick": "2024-11-12 02:56:21 +0000"
    },
    "done": true
  },
  "minecraft:recipes/misc/gold_nugget": {
    "criteria": {
      "has_gold_ingot": "2024-11-12 02:46:03 +0000"
    },
    "done": true
  },
  "supplementaries:recipes/flags/flag_magenta": {
    "criteria": {
      "has_stick": "2024-11-12 02:56:21 +0000"
    },
    "done": true
  },
  "doggytalents:recipes/decorations/pianist_suit": {
    "criteria": {
      "has_string": "2024-11-12 02:42:11 +0000"
    },
    "done": true
  },
  "minecraft:recipes/tools/golden_shovel": {
    "criteria": {
      "has_gold_ingot": "2024-11-12 02:46:03 +0000"
    },
    "done": true
  },
  "assortedtools:recipes/tools/gold_shears": {
    "criteria": {
      "has_item": "2024-11-12 02:46:03 +0000"
    },
    "done": true
  },
  "doggytalents:recipes/decorations/bowtie": {
    "criteria": {
      "has_string": "2024-11-12 02:42:11 +0000"
    },
    "done": true
  },
  "minecraft:recipes/food/beetroot_soup": {
    "criteria": {
      "has_beetroot": "2024-11-12 02:42:05 +0000"
    },
    "done": true
  },
  "minecraft:recipes/food/golden_apple": {
    "criteria": {
      "has_gold_ingot": "2024-11-12 02:46:03 +0000"
    },
    "done": true
  },
  "refurbished_furniture:recipes/misc/constructing/orange_trampoline": {
    "criteria": {
      "has_string": "2024-11-12 02:42:11 +0000"
    },
    "done": true
  },
  "doggytalents:recipes/decorations/sunglasses": {
    "criteria": {
      "has_stick": "2024-11-12 02:56:21 +0000"
    },
    "done": true
  },
  "minecraft:recipes/decorations/end_crystal": {
    "criteria": {
      "has_ender_eye": "2024-11-12 02:46:02 +0000"
    },
    "done": true
  },
  "refurbished_furniture:recipes/misc/constructing/cyan_trampoline": {
    "criteria": {
      "has_string": "2024-11-12 02:42:11 +0000"
    },
    "done": true
  },
  "supplementaries:recipes/lock_block": {
    "criteria": {
      "minecraft:planks": "2024-11-12 02:40:48 +0000"
    },
    "done": true
  },
  "minecraft:recipes/combat/golden_boots": {
    "criteria": {
      "has_gold_ingot": "2024-11-12 02:46:03 +0000"
    },
    "done": true
  },
  "minecraft:recipes/tools/wooden_axe": {
    "criteria": {
      "has_stick": "2024-11-12 02:56:21 +0000"
    },
    "done": true
  },
  "refurbished_furniture:recipes/misc/constructing/spruce_kitchen_drawer": {
    "criteria": {
      "has_spruce_planks": "2024-11-12 02:58:52 +0000"
    },
    "done": true
  },
  "refurbished_furniture:recipes/misc/constructing/white_lamp": {
    "criteria": {
      "has_planks": "2024-11-12 02:40:48 +0000"
    },
    "done": true
  },
  "clutter:recipes/decorations/oak_short_bench": {
    "criteria": {
      "has_oak_log": "2024-11-12 02:40:26 +0000"
    },
    "done": true
  },
  "clutter:recipes/decorations/stripped_oak_table": {
    "criteria": {
      "has_oak_planks": "2024-11-12 02:40:48 +0000"
    },
    "done": true
  },
  "refurbished_furniture:recipes/misc/constructing/yellow_sofa": {
    "criteria": {
      "has_planks": "2024-11-12 02:40:48 +0000"
    },
    "done": true
  },
  "doggytalents:recipes/decorations/giant_stick": {
    "criteria": {
      "has_stick": "2024-11-12 02:56:21 +0000"
    },
    "done": true
  },
  "travelersbackpack:recipes/misc/crafting_upgrade": {
    "criteria": {
      "has_crafting_table": "2024-11-12 02:40:14 +0000"
    },
    "done": true
  },
  "minecraft:recipes/building_blocks/brick_stairs_from_bricks_stonecutting": {
    "criteria": {
      "has_bricks": "2024-11-12 02:45:24 +0000"
    },
    "done": true
  },
  "refurbished_furniture:recipes/misc/constructing/orange_sofa": {
    "criteria": {
      "has_planks": "2024-11-12 02:40:48 +0000"
    },
    "done": true
  },
  "minecraft:recipes/decorations/crafting_table": {
    "criteria": {
      "unlock_right_away": "2024-11-12 02:29:34 +0000"
    },
    "done": true
  },
  "minecraft:recipes/decorations/chest": {
    "criteria": {
      "has_lots_of_items": "2024-11-12 02:42:43 +0000"
    },
    "done": true
  },
  "minecraft:recipes/misc/stick": {
    "criteria": {
      "has_planks": "2024-11-12 02:40:48 +0000"
    },
    "done": true
  },
  "minecraft:recipes/building_blocks/mossy_cobblestone_stairs_from_mossy_cobblestone_stonecutting": {
    "criteria": {
      "has_mossy_cobblestone": "2024-11-12 02:42:10 +0000"
    },
    "done": true
  },
  "naturalist:recipes/food/cooked_egg": {
    "criteria": {
      "has_eggs": "2024-11-12 02:36:57 +0000"
    },
    "done": true
  },
  "refurbished_furniture:recipes/misc/constructing/oak_crate": {
    "criteria": {
      "has_oak_planks": "2024-11-12 02:40:48 +0000"
    },
    "done": true
  },
  "refurbished_furniture:recipes/misc/constructing/spruce_kitchen_storage_cabinet": {
    "criteria": {
      "has_spruce_planks": "2024-11-12 02:58:52 +0000"
    },
    "done": true
  },
  "vc_gliders:recipes/transportation/paraglider_iron": {
    "criteria": {
      "has_crafting_table": "2024-11-12 02:40:14 +0000"
    },
    "done": true
  },
  "minecraft:recipes/transportation/cherry_boat": {
    "criteria": {
      "in_water": "2024-11-12 02:29:56 +0000"
    },
    "done": true
  },
  "minecraft:adventure/kill_all_mobs": {
    "criteria": {
      "minecraft:skeleton": "2024-11-12 02:50:44 +0000",
      "minecraft:phantom": "2024-11-12 02:50:22 +0000"
    },
    "done": false
  },
  "refurbished_furniture:recipes/misc/constructing/oak_light_ceiling_fan": {
    "criteria": {
      "has_oak_planks": "2024-11-12 02:40:48 +0000"
    },
    "done": true
  },
  "refurbished_furniture:recipes/misc/constructing/brown_trampoline": {
    "criteria": {
      "has_string": "2024-11-12 02:42:11 +0000"
    },
    "done": true
  },
  "refurbished_furniture:recipes/misc/constructing/spruce_bath": {
    "criteria": {
      "has_spruce_planks": "2024-11-12 02:58:52 +0000"
    },
    "done": true
  },
  "minecraft:recipes/combat/golden_chestplate": {
    "criteria": {
      "has_gold_ingot": "2024-11-12 02:46:03 +0000"
    },
    "done": true
  },
  "travelersbackpack:recipes/misc/gold": {
    "criteria": {
      "has_gold_ingot": "2024-11-12 02:46:03 +0000"
    },
    "done": true
  },
  "minecraft:recipes/redstone/tripwire_hook": {
    "criteria": {
      "has_string": "2024-11-12 02:42:11 +0000"
    },
    "done": true
  },
  "refurbished_furniture:recipes/misc/constructing/oak_lattice_fence_gate": {
    "criteria": {
      "has_oak_planks": "2024-11-12 02:40:48 +0000"
    },
    "done": true
  },
  "minecraft:recipes/transportation/bamboo_raft": {
    "criteria": {
      "in_water": "2024-11-12 02:29:56 +0000"
    },
    "done": true
  },
  "supplementaries:recipes/bomb": {
    "criteria": {
      "has_string": "2024-11-12 02:42:11 +0000"
    },
    "done": true
  },
  "refurbished_furniture:recipes/misc/constructing/light_blue_trampoline": {
    "criteria": {
      "has_string": "2024-11-12 02:42:11 +0000"
    },
    "done": true
  },
  "refurbished_furniture:recipes/misc/constructing/spruce_storage_jar": {
    "criteria": {
      "has_spruce_planks": "2024-11-12 02:58:52 +0000"
    },
    "done": true
  },
  "doggytalents:recipes/decorations/wig": {
    "criteria": {
      "has_string": "2024-11-12 02:42:11 +0000"
    },
    "done": true
  },
  "refurbished_furniture:recipes/misc/constructing/magenta_stool": {
    "criteria": {
      "has_planks": "2024-11-12 02:40:48 +0000"
    },
    "done": true
  },
  "farmersdelight:recipes/combat/golden_knife": {
    "criteria": {
      "has_gold_ingot": "2024-11-12 02:46:03 +0000"
    },
    "done": true
  },
  "minecraft:recipes/decorations/candle": {
    "criteria": {
      "has_string": "2024-11-12 02:42:11 +0000"
    },
    "done": true
  },
  "minecraft:recipes/food/bread": {
    "criteria": {
      "has_wheat": "2024-11-12 02:47:35 +0000"
    },
    "done": true
  },
  "refurbished_furniture:recipes/misc/constructing/oak_drawer": {
    "criteria": {
      "has_oak_planks": "2024-11-12 02:40:48 +0000"
    },
    "done": true
  },
  "vc_gliders:recipes/misc/reinforced_paper": {
    "criteria": {
      "has_crafting_table": "2024-11-12 02:40:14 +0000"
    },
    "done": true
  },
  "assortedtools:recipes/combat/emerald_leggings": {
    "criteria": {
      "has_item": "2024-11-12 02:42:03 +0000"
    },
    "done": true
  },
  "clutter:recipes/misc/butterfly_wings": {
    "criteria": {
      "has_string": "2024-11-12 02:42:11 +0000"
    },
    "done": true
  },
  "minecraft:recipes/building_blocks/hay_block": {
    "criteria": {
      "has_wheat": "2024-11-12 02:47:35 +0000"
    },
    "done": true
  },
  "refurbished_furniture:recipes/misc/constructing/birch_lattice_fence": {
    "criteria": {
      "has_stick": "2024-11-12 02:56:21 +0000"
    },
    "done": true
  },
  "clutter:recipes/decorations/spruce_cupboard": {
    "criteria": {
      "has_spruce_planks": "2024-11-12 02:58:52 +0000"
    },
    "done": true
  },
  "refurbished_furniture:recipes/misc/constructing/spruce_light_ceiling_fan": {
    "criteria": {
      "has_spruce_planks": "2024-11-12 02:58:52 +0000"
    },
    "done": true
  },
  "assortedtools:recipes/combat/wood_spear_alt": {
    "criteria": {
      "has_item": "2024-11-12 02:40:48 +0000"
    },
    "done": true
  },
  "minecraft:recipes/decorations/spruce_fence": {
    "criteria": {
      "has_planks": "2024-11-12 02:58:52 +0000"
    },
    "done": true
  },
  "refurbished_furniture:recipes/misc/constructing/brown_cooler": {
    "criteria": {
      "has_planks": "2024-11-12 02:40:48 +0000"
    },
    "done": true
  },
  "minecraft:recipes/redstone/light_weighted_pressure_plate": {
    "criteria": {
      "has_gold_ingot": "2024-11-12 02:46:03 +0000"
    },
    "done": true
  },
  "minecraft:recipes/building_blocks/mossy_cobblestone_slab": {
    "criteria": {
      "has_mossy_cobblestone": "2024-11-12 02:42:10 +0000"
    },
    "done": true
  },
  "minecraft:recipes/building_blocks/polished_andesite_stairs_from_polished_andesite_stonecutting": {
    "criteria": {
      "has_polished_andesite": "2024-11-12 02:45:25 +0000"
    },
    "done": true
  },
  "assortedtools:recipes/tools/emerald_multitool": {
    "criteria": {
      "has_item": "2024-11-12 02:42:03 +0000"
    },
    "done": true
  },
  "refurbished_furniture:recipes/misc/constructing/purple_cooler": {
    "criteria": {
      "has_planks": "2024-11-12 02:40:48 +0000"
    },
    "done": true
  },
  "doggytalents:recipes/decorations/locator_orb_shin": {
    "criteria": {
      "has_string": "2024-11-12 02:42:11 +0000"
    },
    "done": true
  },
  "refurbished_furniture:recipes/misc/constructing/red_trampoline": {
    "criteria": {
      "has_string": "2024-11-12 02:42:11 +0000"
    },
    "done": true
  },
  "refurbished_furniture:recipes/misc/constructing/cyan_cooler": {
    "criteria": {
      "has_planks": "2024-11-12 02:40:48 +0000"
    },
    "done": true
  },
  "clutter:recipes/decorations/oak_wall_cupboard": {
    "criteria": {
      "has_oak_planks": "2024-11-12 02:40:48 +0000"
    },
    "done": true
  },
  "refurbished_furniture:recipes/misc/constructing/light_gray_cooler": {
    "criteria": {
      "has_planks": "2024-11-12 02:40:48 +0000"
    },
    "done": true
  },
  "refurbished_furniture:recipes/misc/constructing/red_sofa": {
    "criteria": {
      "has_planks": "2024-11-12 02:40:48 +0000"
    },
    "done": true
  },
  "refurbished_furniture:recipes/misc/constructing/blue_trampoline": {
    "criteria": {
      "has_string": "2024-11-12 02:42:11 +0000"
    },
    "done": true
  },
  "minecraft:recipes/building_blocks/mossy_cobblestone_stairs": {
    "criteria": {
      "has_mossy_cobblestone": "2024-11-12 02:42:10 +0000"
    },
    "done": true
  },
  "clutter:recipes/misc/brick_kiln": {
    "criteria": {
      "has_bricks": "2024-11-12 02:45:24 +0000"
    },
    "done": true
  },
  "iceandfire:iceandfire/root": {
    "criteria": {
      "tick": "2024-11-12 02:29:34 +0000"
    },
    "done": true
  },
  "minecraft:recipes/redstone/spruce_button": {
    "criteria": {
      "has_planks": "2024-11-12 02:58:52 +0000"
    },
    "done": true
  },
  "clutter:recipes/decorations/stripped_spruce_table": {
    "criteria": {
      "has_spruce_planks": "2024-11-12 02:58:52 +0000"
    },
    "done": true
  },
  "assortedtools:recipes/tools/emerald_pickaxe": {
    "criteria": {
      "has_item": "2024-11-12 02:42:03 +0000"
    },
    "done": true
  },
  "supplementaries:recipes/sign_post_spruce": {
    "criteria": {
      "has_the_recipe": "2024-11-12 02:58:52 +0000"
    },
    "done": true
  },
  "doggytalents:recipes/decorations/bach_wig": {
    "criteria": {
      "has_string": "2024-11-12 02:42:11 +0000"
    },
    "done": true
  },
  "refurbished_furniture:recipes/misc/constructing/spruce_mail_box": {
    "criteria": {
      "has_spruce_planks": "2024-11-12 02:58:52 +0000"
    },
    "done": true
  },
  "doggytalents:recipes/decorations/baker_hat": {
    "criteria": {
      "has_bread": "2024-11-12 02:42:09 +0000"
    },
    "done": true
  },
  "assortedtools:recipes/tools/emerald_shears_alt": {
    "criteria": {
      "has_item": "2024-11-12 02:42:03 +0000"
    },
    "done": true
  },
  "refurbished_furniture:recipes/misc/constructing/lime_stool": {
    "criteria": {
      "has_planks": "2024-11-12 02:40:48 +0000"
    },
    "done": true
  },
  "vc_gliders:recipes/transportation/paraglider_gold": {
    "criteria": {
      "has_crafting_table": "2024-11-12 02:40:14 +0000"
    },
    "done": true
  },
  "assortedtools:recipes/tools/gold_shears_alt": {
    "criteria": {
      "has_item": "2024-11-12 02:46:03 +0000"
    },
    "done": true
  },
  "refurbished_furniture:recipes/misc/constructing/magenta_lamp": {
    "criteria": {
      "has_planks": "2024-11-12 02:40:48 +0000"
    },
    "done": true
  },
  "minecraft:recipes/building_blocks/oak_slab": {
    "criteria": {
      "has_planks": "2024-11-12 02:40:48 +0000"
    },
    "done": true
  },
  "clutter:recipes/decorations/oak_bench": {
    "criteria": {
      "has_oak_log": "2024-11-12 02:40:26 +0000"
    },
    "done": true
  },
  "supplementaries:recipes/flags/flag_pink": {
    "criteria": {
      "has_stick": "2024-11-12 02:56:21 +0000"
    },
    "done": true
  },
  "minecraft:recipes/redstone/spruce_pressure_plate": {
    "criteria": {
      "has_planks": "2024-11-12 02:58:52 +0000"
    },
    "done": true
  },
  "travelersbackpack:recipes/misc/skeleton": {
    "criteria": {
      "has_arrow": "2024-11-12 02:51:04 +0000"
    },
    "done": true
  },
  "refurbished_furniture:recipes/misc/constructing/light_gray_sofa": {
    "criteria": {
      "has_planks": "2024-11-12 02:40:48 +0000"
    },
    "done": true
  },
  "assortedtools:recipes/tools/emerald_hoe_alt": {
    "criteria": {
      "has_item": "2024-11-12 02:42:03 +0000"
    },
    "done": true
  },
  "dungeons_arise:wda_root": {
    "criteria": {
      "WDA": "2024-11-12 02:29:34 +0000"
    },
    "done": true
  },
  "minecraft:recipes/building_blocks/brick_slab": {
    "criteria": {
      "has_bricks": "2024-11-12 02:45:24 +0000"
    },
    "done": true
  },
  "assortedtools:recipes/tools/wood_shears_alt": {
    "criteria": {
      "has_item": "2024-11-12 02:40:48 +0000"
    },
    "done": true
  },
  "clutter:recipes/misc/tiara": {
    "criteria": {
      "has_emerald": "2024-11-12 02:42:03 +0000"
    },
    "done": true
  },
  "refurbished_furniture:recipes/misc/constructing/spruce_crate": {
    "criteria": {
      "has_spruce_planks": "2024-11-12 02:58:52 +0000"
    },
    "done": true
  },
  "clutter:recipes/misc/crown": {
    "criteria": {
      "has_emerald": "2024-11-12 02:42:03 +0000"
    },
    "done": true
  },
  "vc_gliders:recipes/transportation/paraglider_netherite": {
    "criteria": {
      "has_crafting_table": "2024-11-12 02:40:14 +0000"
    },
    "done": true
  },
  "minecraft:recipes/decorations/campfire": {
    "criteria": {
      "has_stick": "2024-11-12 02:56:21 +0000"
    },
    "done": true
  },
  "refurbished_furniture:recipes/misc/constructing/dark_oak_lattice_fence": {
    "criteria": {
      "has_stick": "2024-11-12 02:56:21 +0000"
    },
    "done": true
  },
  "minecraft:recipes/misc/red_dye_from_beetroot": {
    "criteria": {
      "has_beetroot": "2024-11-12 02:42:05 +0000"
    },
    "done": true
  },
  "minecraft:recipes/tools/wooden_hoe": {
    "criteria": {
      "has_stick": "2024-11-12 02:56:21 +0000"
    },
    "done": true
  },
  "minecraft:recipes/redstone/oak_fence_gate": {
    "criteria": {
      "has_planks": "2024-11-12 02:40:48 +0000"
    },
    "done": true
  },
  "clutter:recipes/misc/viking_helmet": {
    "criteria": {
      "has_bone": "2024-11-12 02:47:35 +0000"
    },
    "done": true
  },
  "minecraft:recipes/misc/charcoal": {
    "criteria": {
      "has_log": "2024-11-12 02:40:26 +0000"
    },
    "done": true
  },
  "refurbished_furniture:recipes/misc/constructing/acacia_lattice_fence": {
    "criteria": {
      "has_stick": "2024-11-12 02:56:21 +0000"
    },
    "done": true
  },
  "assortedtools:recipes/combat/wood_spear": {
    "criteria": {
      "has_item": "2024-11-12 02:40:48 +0000"
    },
    "done": true
  },
  "assortedtools:recipes/tools/emerald_hammer": {
    "criteria": {
      "has_item": "2024-11-12 02:42:03 +0000"
    },
    "done": true
  },
  "doggytalents:recipes/decorations/wool_collar": {
    "criteria": {
      "has_string": "2024-11-12 02:42:11 +0000"
    },
    "done": true
  },
  "naturescompass:natures_compass_log": {
    "criteria": {
      "has_log": "2024-11-12 02:40:26 +0000"
    },
    "done": true
  },
  "doggytalents:recipes/misc/gender_bone": {
    "criteria": {
      "has_string": "2024-11-12 02:42:11 +0000"
    },
    "done": true
  },
  "refurbished_furniture:recipes/misc/constructing/white_trampoline": {
    "criteria": {
      "has_string": "2024-11-12 02:42:11 +0000"
    },
    "done": true
  },
  "assortedtools:recipes/tools/building_wand": {
    "criteria": {
      "has_gold": "2024-11-12 02:46:03 +0000"
    },
    "done": true
  },
  "refurbished_furniture:recipes/misc/constructing/oak_kitchen_storage_cabinet": {
    "criteria": {
      "has_oak_planks": "2024-11-12 02:40:48 +0000"
    },
    "done": true
  },
  "supplementaries:recipes/slingshot": {
    "criteria": {
      "has_string": "2024-11-12 02:42:11 +0000"
    },
    "done": true
  },
  "refurbished_furniture:recipes/misc/constructing/oak_kitchen_cabinetry": {
    "criteria": {
      "has_oak_planks": "2024-11-12 02:40:48 +0000"
    },
    "done": true
  },
  "supplementaries:recipes/candy": {
    "criteria": {
      "has_honey_bottle": "2024-11-12 02:48:52 +0000"
    },
    "done": true
  },
  "clutter:recipes/decorations/spruce_wall_cupboard": {
    "criteria": {
      "has_spruce_planks": "2024-11-12 02:58:52 +0000"
    },
    "done": true
  },
  "minecraft:recipes/redstone/oak_door": {
    "criteria": {
      "has_planks": "2024-11-12 02:40:48 +0000"
    },
    "done": true
  },
  "assortedtools:recipes/combat/emerald_spear": {
    "criteria": {
      "has_item": "2024-11-12 02:42:03 +0000"
    },
    "done": true
  },
  "refurbished_furniture:recipes/misc/constructing/oak_desk": {
    "criteria": {
      "has_oak_planks": "2024-11-12 02:40:48 +0000"
    },
    "done": true
  },
  "supplementaries:recipes/turn_table": {
    "criteria": {
      "minecraft:planks": "2024-11-12 02:40:48 +0000"
    },
    "done": true
  },
  "minecraft:recipes/building_blocks/polished_andesite_slab": {
    "criteria": {
      "has_polished_andesite": "2024-11-12 02:45:25 +0000"
    },
    "done": true
  },
  "clutter:recipes/decorations/stripped_spruce_chair": {
    "criteria": {
      "has_spruce_planks": "2024-11-12 02:58:52 +0000"
    },
    "done": true
  },
  "minecraft:recipes/combat/golden_sword": {
    "criteria": {
      "has_gold_ingot": "2024-11-12 02:46:03 +0000"
    },
    "done": true
  },
  "minecraft:recipes/tools/wooden_shovel": {
    "criteria": {
      "has_stick": "2024-11-12 02:56:21 +0000"
    },
    "done": true
  },
  "minecraft:recipes/building_blocks/mossy_cobblestone_slab_from_mossy_cobblestone_stonecutting": {
    "criteria": {
      "has_mossy_cobblestone": "2024-11-12 02:42:10 +0000"
    },
    "done": true
  },
  "naturescompass:natures_compass_sapling": {
    "criteria": {
      "has_recipe": "2024-11-12 02:40:26 +0000"
    },
    "done": true
  },
  "refurbished_furniture:recipes/misc/constructing/post_box": {
    "criteria": {
      "has_planks": "2024-11-12 02:40:48 +0000"
    },
    "done": true
  },
  "clutter:recipes/decorations/oak_chair": {
    "criteria": {
      "has_oak_log": "2024-11-12 02:40:26 +0000"
    },
    "done": true
  },
  "minecraft:recipes/building_blocks/gold_block": {
    "criteria": {
      "has_gold_ingot": "2024-11-12 02:46:03 +0000"
    },
    "done": true
  },
  "minecraft:recipes/transportation/acacia_boat": {
    "criteria": {
      "in_water": "2024-11-12 02:29:56 +0000"
    },
    "done": true
  },
  "minecraft:adventure/root": {
    "criteria": {
      "killed_something": "2024-11-12 02:47:18 +0000"
    },
    "done": true
  },
  "refurbished_furniture:recipes/misc/constructing/green_lamp": {
    "criteria": {
      "has_planks": "2024-11-12 02:40:48 +0000"
    },
    "done": true
  },
  "supplementaries:recipes/clock_block": {
    "criteria": {
      "minecraft:planks": "2024-11-12 02:40:48 +0000"
    },
    "done": true
  },
  "supplementaries:recipes/flags/flag_black": {
    "criteria": {
      "has_stick": "2024-11-12 02:56:21 +0000"
    },
    "done": true
  },
  "refurbished_furniture:recipes/misc/constructing/magenta_sofa": {
    "criteria": {
      "has_planks": "2024-11-12 02:40:48 +0000"
    },
    "done": true
  },
  "assortedtools:recipes/combat/emerald_boots": {
    "criteria": {
      "has_item": "2024-11-12 02:42:03 +0000"
    },
    "done": true
  },
  "minecraft:recipes/combat/wooden_sword": {
    "criteria": {
      "has_stick": "2024-11-12 02:56:21 +0000"
    },
    "done": true
  },
  "minecraft:recipes/building_blocks/oak_planks": {
    "criteria": {
      "has_logs": "2024-11-12 02:40:26 +0000"
    },
    "done": true
  },
  "doggytalents:recipes/decorations/hot_dog": {
    "criteria": {
      "has_bread": "2024-11-12 02:42:09 +0000"
    },
    "done": true
  },
  "minecraft:recipes/combat/crossbow": {
    "criteria": {
      "has_string": "2024-11-12 02:42:11 +0000"
    },
    "done": true
  },
  "refurbished_furniture:recipes/misc/constructing/oak_storage_jar": {
    "criteria": {
      "has_oak_planks": "2024-11-12 02:40:48 +0000"
    },
    "done": true
  },
  "assortedtools:recipes/combat/emerald_helmet": {
    "criteria": {
      "has_item": "2024-11-12 02:42:03 +0000"
    },
    "done": true
  },
  "farmersdelight:recipes/cooking/beetroot_soup": {
    "criteria": {
      "has_beetroot": "2024-11-12 02:42:05 +0000"
    },
    "done": true
  },
  "vc_gliders:recipes/misc/copper_upgrade": {
    "criteria": {
      "has_crafting_table": "2024-11-12 02:40:14 +0000"
    },
    "done": true
  },
  "minecraft:recipes/decorations/barrel": {
    "criteria": {
      "has_planks": "2024-11-12 02:40:48 +0000"
    },
    "done": true
  },
  "clutter:recipes/misc/beach_hat": {
    "criteria": {
      "has_wheat": "2024-11-12 02:47:35 +0000"
    },
    "done": true
  },
  "refurbished_furniture:recipes/misc/constructing/oak_cutting_board": {
    "criteria": {
      "has_oak_planks": "2024-11-12 02:40:48 +0000"
    },
    "done": true
  },
  "supplementaries:recipes/flags/flag_green": {
    "criteria": {
      "has_stick": "2024-11-12 02:56:21 +0000"
    },
    "done": true
  },
  "refurbished_furniture:recipes/misc/constructing/cyan_stool": {
    "criteria": {
      "has_planks": "2024-11-12 02:40:48 +0000"
    },
    "done": true
  },
  "vc_gliders:recipes/misc/nether_upgrade": {
    "criteria": {
      "has_crafting_table": "2024-11-12 02:40:14 +0000"
    },
    "done": true
  },
  "farmersdelight:recipes/food/pie_crust": {
    "criteria": {
      "has_wheat": "2024-11-12 02:47:35 +0000"
    },
    "done": true
  },
  "refurbished_furniture:recipes/misc/constructing/green_sofa": {
    "criteria": {
      "has_planks": "2024-11-12 02:40:48 +0000"
    },
    "done": true
  },
  "supplementaries:recipes/sack": {
    "criteria": {
      "has_string": "2024-11-12 02:42:11 +0000"
    },
    "done": true
  },
  "minecraft:recipes/decorations/ender_chest": {
    "criteria": {
      "has_ender_eye": "2024-11-12 02:46:02 +0000"
    },
    "done": true
  },
  "supplementaries:recipes/flags/flag_purple": {
    "criteria": {
      "has_stick": "2024-11-12 02:56:21 +0000"
    },
    "done": true
  },
  "assortedtools:recipes/tools/emerald_bucket": {
    "criteria": {
      "has_item": "2024-11-12 02:42:03 +0000"
    },
    "done": true
  },
  "refurbished_furniture:recipes/misc/constructing/yellow_trampoline": {
    "criteria": {
      "has_string": "2024-11-12 02:42:11 +0000"
    },
    "done": true
  },
  "assortedtools:recipes/tools/emerald_hoe": {
    "criteria": {
      "has_item": "2024-11-12 02:42:03 +0000"
    },
    "done": true
  },
  "refurbished_furniture:recipes/misc/constructing/mangrove_lattice_fence_gate": {
    "criteria": {
      "has_stick": "2024-11-12 02:56:21 +0000"
    },
    "done": true
  },
  "refurbished_furniture:recipes/misc/constructing/light_gray_lamp": {
    "criteria": {
      "has_planks": "2024-11-12 02:40:48 +0000"
    },
    "done": true
  },
  "minecraft:recipes/building_blocks/oak_wood": {
    "criteria": {
      "has_log": "2024-11-12 02:40:26 +0000"
    },
    "done": true
  },
  "refurbished_furniture:recipes/misc/slicing/bread_slice_from_bread": {
    "criteria": {
      "has_bread": "2024-11-12 02:42:09 +0000"
    },
    "done": true
  },
  "minecraft:clutter/root": {
    "criteria": {
      "requirement": "2024-11-12 02:29:34 +0000"
    },
    "done": true
  },
  "supplementaries:recipes/flags/flag_white": {
    "criteria": {
      "has_stick": "2024-11-12 02:56:21 +0000"
    },
    "done": true
  },
  "minecraft:recipes/transportation/jungle_boat": {
    "criteria": {
      "in_water": "2024-11-12 02:29:56 +0000"
    },
    "done": true
  },
  "supplementaries:recipes/hourglass": {
    "criteria": {
      "has_gold_ingot": "2024-11-12 02:46:03 +0000"
    },
    "done": true
  },
  "refurbished_furniture:recipes/misc/constructing/jungle_lattice_fence_gate": {
    "criteria": {
      "has_stick": "2024-11-12 02:56:21 +0000"
    },
    "done": true
  },
  "doggytalents:recipes/decorations/locator_orb_dyable": {
    "criteria": {
      "has_string": "2024-11-12 02:42:11 +0000"
    },
    "done": true
  },
  "travelersbackpack:recipes/misc/hay": {
    "criteria": {
      "has_wheat": "2024-11-12 02:47:35 +0000"
    },
    "done": true
  },
  "refurbished_furniture:recipes/misc/constructing/magenta_trampoline": {
    "criteria": {
      "has_string": "2024-11-12 02:42:11 +0000"
    },
    "done": true
  },
  "refurbished_furniture:recipes/misc/constructing/blue_stool": {
    "criteria": {
      "has_planks": "2024-11-12 02:40:48 +0000"
    },
    "done": true
  },
  "assortedtools:recipes/combat/emerald_chestplate": {
    "criteria": {
      "has_item": "2024-11-12 02:42:03 +0000"
    },
    "done": true
  },
  "assortedtools:recipes/tools/gold_hammer": {
    "criteria": {
      "has_item": "2024-11-12 02:46:03 +0000"
    },
    "done": true
  },
  "assortedtools:recipes/tools/wood_shears": {
    "criteria": {
      "has_item": "2024-11-12 02:40:48 +0000"
    },
    "done": true
  },
  "clutter:recipes/decorations/stripped_spruce_bench": {
    "criteria": {
      "has_spruce_planks": "2024-11-12 02:58:52 +0000"
    },
    "done": true
  },
  "minecraft:story/obtain_armor": {
    "criteria": {
      "iron_helmet": "2024-11-12 02:47:35 +0000"
    },
    "done": true
  },
  "refurbished_furniture:recipes/misc/constructing/gray_trampoline": {
    "criteria": {
      "has_string": "2024-11-12 02:42:11 +0000"
    },
    "done": true
  },
  "refurbished_furniture:recipes/misc/constructing/brown_stool": {
    "criteria": {
      "has_planks": "2024-11-12 02:40:48 +0000"
    },
    "done": true
  },
  "dungeons_arise:find_thornborn_towers": {
    "criteria": {
      "location0": "2024-11-12 02:39:30 +0000"
    },
    "done": true
  },
  "refurbished_furniture:recipes/misc/constructing/oak_kitchen_sink": {
    "criteria": {
      "has_oak_planks": "2024-11-12 02:40:48 +0000"
    },
    "done": true
  },
  "refurbished_furniture:recipes/misc/constructing/orange_stool": {
    "criteria": {
      "has_planks": "2024-11-12 02:40:48 +0000"
    },
    "done": true
  },
  "minecraft:recipes/misc/iron_nugget_from_smelting": {
    "criteria": {
      "has_chainmail_leggings": "2024-11-12 02:42:09 +0000"
    },
    "done": true
  },
  "vc_gliders:recipes/transportation/paraglider_diamond": {
    "criteria": {
      "has_crafting_table": "2024-11-12 02:40:14 +0000"
    },
    "done": true
  },
  "doggytalents:recipes/tools/shrinking_mallet": {
    "criteria": {
      "has_gold_ingot": "2024-11-12 02:46:03 +0000"
    },
    "done": true
  },
  "refurbished_furniture:recipes/misc/constructing/spruce_kitchen_cabinetry": {
    "criteria": {
      "has_spruce_planks": "2024-11-12 02:58:52 +0000"
    },
    "done": true
  },
  "minecraft:recipes/redstone/oak_trapdoor": {
    "criteria": {
      "has_planks": "2024-11-12 02:40:48 +0000"
    },
    "done": true
  },
  "refurbished_furniture:recipes/misc/constructing/black_cooler": {
    "criteria": {
      "has_planks": "2024-11-12 02:40:48 +0000"
    },
    "done": true
  },
  "refurbished_furniture:recipes/misc/constructing/lime_lamp": {
    "criteria": {
      "has_planks": "2024-11-12 02:40:48 +0000"
    },
    "done": true
  },
  "assortedtools:recipes/combat/gold_spear_alt": {
    "criteria": {
      "has_item": "2024-11-12 02:46:03 +0000"
    },
    "done": true
  },
  "assortedtools:recipes/tools/wooden_multitool": {
    "criteria": {
      "has_item": "2024-11-12 02:40:48 +0000"
    },
    "done": true
  },
  "farmersdelight:recipes/food/wheat_dough_from_eggs": {
    "criteria": {
      "has_wheat": "2024-11-12 02:47:35 +0000"
    },
    "done": true
  },
  "supplementaries:recipes/flags/flag_brown": {
    "criteria": {
      "has_stick": "2024-11-12 02:56:21 +0000"
    },
    "done": true
  },
  "supplementaries:recipes/flags/flag_gray": {
    "criteria": {
      "has_stick": "2024-11-12 02:56:21 +0000"
    },
    "done": true
  },
  "farmersdelight:recipes/combat/flint_knife": {
    "criteria": {
      "has_stick": "2024-11-12 02:56:21 +0000"
    },
    "done": true
  },
  "clutter:recipes/decorations/spruce_table": {
    "criteria": {
      "has_spruce_planks": "2024-11-12 02:58:52 +0000"
    },
    "done": true
  },
  "clutter:recipes/decorations/spruce_chair": {
    "criteria": {
      "has_spruce_planks": "2024-11-12 02:58:52 +0000"
    },
    "done": true
  },
  "supplementaries:recipes/flower_box": {
    "criteria": {
      "has_dirt": "2024-11-12 02:36:57 +0000"
    },
    "done": true
  },
  "minecraft:recipes/combat/bow": {
    "criteria": {
      "has_string": "2024-11-12 02:42:11 +0000"
    },
    "done": true
  },
  "refurbished_furniture:recipes/misc/slicing/bone_meal_from_bone": {
    "criteria": {
      "has_bone": "2024-11-12 02:47:35 +0000"
    },
    "done": true
  },
  "farmersdelight:recipes/food/honey_cookie": {
    "criteria": {
      "has_honey_bottle": "2024-11-12 02:48:52 +0000"
    },
    "done": true
  },
  "clutter:recipes/misc/cardboard_box": {
    "criteria": {
      "has_chest": "2024-11-12 02:47:36 +0000"
    },
    "done": true
  },
  "majruszsdifficulty:game_stage_normal": {
    "criteria": {
      "is_triggered": "2024-11-12 02:29:34 +0000"
    },
    "done": true
  },
  "minecraft:recipes/decorations/spruce_sign": {
    "criteria": {
      "has_planks": "2024-11-12 02:58:52 +0000"
    },
    "done": true
  },
  "refurbished_furniture:recipes/misc/constructing/magenta_cooler": {
    "criteria": {
      "has_planks": "2024-11-12 02:40:48 +0000"
    },
    "done": true
  },
  "refurbished_furniture:recipes/misc/constructing/spruce_lattice_fence": {
    "criteria": {
      "has_stick": "2024-11-12 02:56:21 +0000"
    },
    "done": true
  },
  "refurbished_furniture:recipes/misc/constructing/light_blue_cooler": {
    "criteria": {
      "has_planks": "2024-11-12 02:40:48 +0000"
    },
    "done": true
  },
  "minecraft:recipes/combat/golden_helmet": {
    "criteria": {
      "has_gold_ingot": "2024-11-12 02:46:03 +0000"
    },
    "done": true
  },
  "supplementaries:recipes/gold_trapdoor": {
    "criteria": {
      "has_gold_ingot": "2024-11-12 02:46:03 +0000"
    },
    "done": true
  },
  "minecraft:recipes/building_blocks/brick_slab_from_bricks_stonecutting": {
    "criteria": {
      "has_bricks": "2024-11-12 02:45:24 +0000"
    },
    "done": true
  },
  "refurbished_furniture:recipes/misc/constructing/oak_mail_box": {
    "criteria": {
      "has_oak_planks": "2024-11-12 02:40:48 +0000"
    },
    "done": true
  },
  "refurbished_furniture:recipes/misc/constructing/pink_sofa": {
    "criteria": {
      "has_planks": "2024-11-12 02:40:48 +0000"
    },
    "done": true
  },
  "refurbished_furniture:recipes/misc/constructing/oak_bath": {
    "criteria": {
      "has_oak_planks": "2024-11-12 02:40:48 +0000"
    },
    "done": true
  },
  "refurbished_furniture:recipes/misc/constructing/brown_lamp": {
    "criteria": {
      "has_planks": "2024-11-12 02:40:48 +0000"
    },
    "done": true
  },
  "doggytalents:recipes/decorations/guard_suit": {
    "criteria": {
      "has_string": "2024-11-12 02:42:11 +0000"
    },
    "done": true
  },
  "refurbished_furniture:recipes/misc/constructing/crimson_lattice_fence_gate": {
    "criteria": {
      "has_stick": "2024-11-12 02:56:21 +0000"
    },
    "done": true
  },
  "minecraft:recipes/tools/fishing_rod": {
    "criteria": {
      "has_string": "2024-11-12 02:42:11 +0000"
    },
    "done": true
  },
  "supplementaries:recipes/bed_from_feather_block": {
    "criteria": {
      "minecraft:planks": "2024-11-12 02:40:48 +0000"
    },
    "done": true
  },
  "assortedtools:recipes/tools/emerald_axe": {
    "criteria": {
      "has_item": "2024-11-12 02:42:03 +0000"
    },
    "done": true
  },
  "minecraft:recipes/building_blocks/emerald_block": {
    "criteria": {
      "has_emerald": "2024-11-12 02:42:03 +0000"
    },
    "done": true
  },
  "refurbished_furniture:recipes/misc/constructing/lime_sofa": {
    "criteria": {
      "has_planks": "2024-11-12 02:40:48 +0000"
    },
    "done": true
  },
  "doggytalents:recipes/tools/throw_bone": {
    "criteria": {
      "has_bone": "2024-11-12 02:47:35 +0000"
    },
    "done": true
  },
  "assortedtools:recipes/tools/golden_multitool": {
    "criteria": {
      "has_item": "2024-11-12 02:46:03 +0000"
    },
    "done": true
  },
  "refurbished_furniture:recipes/misc/constructing/light_gray_trampoline": {
    "criteria": {
      "has_string": "2024-11-12 02:42:11 +0000"
    },
    "done": true
  },
  "minecraft:recipes/building_blocks/oak_stairs": {
    "criteria": {
      "has_planks": "2024-11-12 02:40:48 +0000"
    },
    "done": true
  },
  "farmersdelight:recipes/food/wheat_dough_from_water": {
    "criteria": {
      "has_wheat": "2024-11-12 02:47:35 +0000"
    },
    "done": true
  },
  "refurbished_furniture:recipes/misc/constructing/red_cooler": {
    "criteria": {
      "has_planks": "2024-11-12 02:40:48 +0000"
    },
    "done": true
  },
  "refurbished_furniture:recipes/misc/constructing/green_trampoline": {
    "criteria": {
      "has_string": "2024-11-12 02:42:11 +0000"
    },
    "done": true
  },
  "minecraft:recipes/decorations/oak_fence": {
    "criteria": {
      "has_planks": "2024-11-12 02:40:48 +0000"
    },
    "done": true
  },
  "refurbished_furniture:recipes/misc/constructing/oak_basin": {
    "criteria": {
      "has_oak_planks": "2024-11-12 02:40:48 +0000"
    },
    "done": true
  },
  "refurbished_furniture:recipes/misc/constructing/lime_trampoline": {
    "criteria": {
      "has_string": "2024-11-12 02:42:11 +0000"
    },
    "done": true
  },
  "doggytalents:recipes/decorations/locator_orb_rei": {
    "criteria": {
      "has_string": "2024-11-12 02:42:11 +0000"
    },
    "done": true
  },
  "minecraft:recipes/misc/bone_meal": {
    "criteria": {
      "has_bone": "2024-11-12 02:47:35 +0000"
    },
    "done": true
  },
  "doggytalents:recipes/tools/magnifying_bone": {
    "criteria": {
      "has_gold_ingot": "2024-11-12 02:46:03 +0000"
    },
    "done": true
  },
  "travelersbackpack:recipes/misc/emerald": {
    "criteria": {
      "has_emerald": "2024-11-12 02:42:03 +0000"
    },
    "done": true
  },
  "travelersbackpack:recipes/misc/spider": {
    "criteria": {
      "has_string": "2024-11-12 02:42:11 +0000"
    },
    "done": true
  },
  "iceandfire:recipes/misc/earplugs": {
    "criteria": {
      "has_item": "2024-11-12 02:40:48 +0000"
    },
    "done": true
  },
  "travelersbackpack:recipes/misc/end": {
    "criteria": {
      "has_ender_eye": "2024-11-12 02:46:02 +0000"
    },
    "done": true
  },
  "minecraft:recipes/misc/sugar_from_honey_bottle": {
    "criteria": {
      "has_honey_bottle": "2024-11-12 02:48:52 +0000"
    },
    "done": true
  },
  "supplementaries:recipes/speaker_block": {
    "criteria": {
      "minecraft:planks": "2024-11-12 02:40:48 +0000"
    },
    "done": true
  },
  "refurbished_furniture:recipes/misc/constructing/black_trampoline": {
    "criteria": {
      "has_string": "2024-11-12 02:42:11 +0000"
    },
    "done": true
  },
  "supplementaries:recipes/decorations/sign_post_spruce": {
    "criteria": {
      "has_planks": "2024-11-12 02:58:52 +0000"
    },
    "done": true
  },
  "vc_gliders:recipes/misc/reinforced_paper_gold": {
    "criteria": {
      "has_crafting_table": "2024-11-12 02:40:14 +0000"
    },
    "done": true
  },
  "assortedtools:recipes/combat/gold_spear": {
    "criteria": {
      "has_item": "2024-11-12 02:46:03 +0000"
    },
    "done": true
  },
  "assortedtools:recipes/tools/wood_bucket": {
    "criteria": {
      "has_item": "2024-11-12 02:40:48 +0000"
    },
    "done": true
  },
  "supplementaries:recipes/flags/flag_light_blue": {
    "criteria": {
      "has_stick": "2024-11-12 02:56:21 +0000"
    },
    "done": true
  },
  "minecraft:recipes/redstone/honey_block": {
    "criteria": {
      "has_honey_bottle": "2024-11-12 02:48:52 +0000"
    },
    "done": true
  },
  "minecraft:recipes/transportation/spruce_boat": {
    "criteria": {
      "in_water": "2024-11-12 02:29:56 +0000"
    },
    "done": true
  },
  "doggytalents:recipes/decorations/wool_collar_thicc": {
    "criteria": {
      "has_string": "2024-11-12 02:42:11 +0000"
    },
    "done": true
  },
  "doggytalents:recipes/tools/canine_tracker": {
    "criteria": {
      "has_gold_ingot": "2024-11-12 02:46:03 +0000"
    },
    "done": true
  },
  "refurbished_furniture:recipes/misc/constructing/green_cooler": {
    "criteria": {
      "has_planks": "2024-11-12 02:40:48 +0000"
    },
    "done": true
  },
  "refurbished_furniture:recipes/misc/knife": {
    "criteria": {
      "has_string": "2024-11-12 02:42:11 +0000"
    },
    "done": true
  },
  "refurbished_furniture:recipes/misc/workbench": {
    "criteria": {
      "has_planks": "2024-11-12 02:40:48 +0000"
    },
    "done": true
  },
  "refurbished_furniture:recipes/misc/constructing/brown_sofa": {
    "criteria": {
      "has_planks": "2024-11-12 02:40:48 +0000"
    },
    "done": true
  },
  "refurbished_furniture:recipes/misc/constructing/door_mat": {
    "criteria": {
      "has_wheat": "2024-11-12 02:47:35 +0000"
    },
    "done": true
  },
  "vc_gliders:recipes/transportation/paraglider_wood": {
    "criteria": {
      "has_crafting_table": "2024-11-12 02:40:14 +0000"
    },
    "done": true
  },
  "minecraft:husbandry/root": {
    "criteria": {
      "consumed_item": "2024-11-12 02:43:05 +0000"
    },
    "done": true
  },
  "minecraft:recipes/transportation/birch_boat": {
    "criteria": {
      "in_water": "2024-11-12 02:29:56 +0000"
    },
    "done": true
  },
  "refurbished_furniture:recipes/misc/constructing/light_blue_lamp": {
    "criteria": {
      "has_planks": "2024-11-12 02:40:48 +0000"
    },
    "done": true
  },
  "clutter:recipes/decorations/spruce_bench": {
    "criteria": {
      "has_spruce_planks": "2024-11-12 02:58:52 +0000"
    },
    "done": true
  },
  "refurbished_furniture:recipes/misc/constructing/blue_sofa": {
    "criteria": {
      "has_planks": "2024-11-12 02:40:48 +0000"
    },
    "done": true
  },
  "minecraft:recipes/transportation/oak_boat": {
    "criteria": {
      "in_water": "2024-11-12 02:29:56 +0000"
    },
    "done": true
  },
  "refurbished_furniture:recipes/misc/constructing/doorbell": {
    "criteria": {
      "has_gold_ingot": "2024-11-12 02:46:03 +0000"
    },
    "done": true
  },
  "refurbished_furniture:recipes/misc/constructing/light_blue_stool": {
    "criteria": {
      "has_planks": "2024-11-12 02:40:48 +0000"
    },
    "done": true
  },
  "refurbished_furniture:recipes/misc/constructing/cherry_lattice_fence": {
    "criteria": {
      "has_stick": "2024-11-12 02:56:21 +0000"
    },
    "done": true
  },
  "minecraft:recipes/building_blocks/spruce_slab": {
    "criteria": {
      "has_planks": "2024-11-12 02:58:52 +0000"
    },
    "done": true
  },
  "dungeonnowloading:story/root": {
    "criteria": {
      "obtain_crafting_table": "2024-11-12 02:40:14 +0000"
    },
    "done": true
  },
  "refurbished_furniture:recipes/misc/constructing/oak_chair": {
    "criteria": {
      "has_oak_planks": "2024-11-12 02:40:48 +0000"
    },
    "done": true
  },
  "minecraft:recipes/redstone/oak_button": {
    "criteria": {
      "has_planks": "2024-11-12 02:40:48 +0000"
    },
    "done": true
  },
  "refurbished_furniture:recipes/misc/constructing/white_cooler": {
    "criteria": {
      "has_planks": "2024-11-12 02:40:48 +0000"
    },
    "done": true
  },
  "refurbished_furniture:recipes/misc/constructing/spruce_cutting_board": {
    "criteria": {
      "has_spruce_planks": "2024-11-12 02:58:52 +0000"
    },
    "done": true
  },
  "assortedtools:recipes/tools/gold_bucket": {
    "criteria": {
      "has_item": "2024-11-12 02:46:03 +0000"
    },
    "done": true
  },
  "refurbished_furniture:recipes/misc/constructing/blue_lamp": {
    "criteria": {
      "has_planks": "2024-11-12 02:40:48 +0000"
    },
    "done": true
  },
  "doggytalents:recipes/tools/empty_locator_orb": {
    "criteria": {
      "has_string": "2024-11-12 02:42:11 +0000"
    },
    "done": true
  },
  "refurbished_furniture:recipes/misc/constructing/spruce_toilet": {
    "criteria": {
      "has_spruce_planks": "2024-11-12 02:58:52 +0000"
    },
    "done": true
  },
  "refurbished_furniture:recipes/misc/constructing/red_stool": {
    "criteria": {
      "has_planks": "2024-11-12 02:40:48 +0000"
    },
    "done": true
  },
  "minecraft:recipes/transportation/mangrove_boat": {
    "criteria": {
      "in_water": "2024-11-12 02:29:56 +0000"
    },
    "done": true
  },
  "supplementaries:recipes/flags/flag_blue": {
    "criteria": {
      "has_stick": "2024-11-12 02:56:21 +0000"
    },
    "done": true
  },
  "vc_gliders:recipes/misc/reinforced_paper_iron": {
    "criteria": {
      "has_crafting_table": "2024-11-12 02:40:14 +0000"
    },
    "done": true
  },
  "travelersbackpack:recipes/misc/standard": {
    "criteria": {
      "has_chest": "2024-11-12 02:47:36 +0000"
    },
    "done": true
  },
  "refurbished_furniture:recipes/misc/wrench": {
    "criteria": {
      "has_string": "2024-11-12 02:42:11 +0000"
    },
    "done": true
  },
  "doggytalents:recipes/decorations/tengu_mask": {
    "criteria": {
      "has_string": "2024-11-12 02:42:11 +0000"
    },
    "done": true
  },
  "supplementaries:recipes/notice_board": {
    "criteria": {
      "minecraft:planks": "2024-11-12 02:40:48 +0000"
    },
    "done": true
  },
  "refurbished_furniture:recipes/misc/constructing/gray_lamp": {
    "criteria": {
      "has_planks": "2024-11-12 02:40:48 +0000"
    },
    "done": true
  },
  "refurbished_furniture:recipes/misc/constructing/warped_lattice_fence_gate": {
    "criteria": {
      "has_stick": "2024-11-12 02:56:21 +0000"
    },
    "done": true
  },
  "refurbished_furniture:recipes/misc/constructing/spruce_basin": {
    "criteria": {
      "has_spruce_planks": "2024-11-12 02:58:52 +0000"
    },
    "done": true
  },
  "assortedtools:recipes/tools/emerald_axe_alt": {
    "criteria": {
      "has_item": "2024-11-12 02:42:03 +0000"
    },
    "done": true
  },
  "supplementaries:recipes/key": {
    "criteria": {
      "has_gold_ingot": "2024-11-12 02:46:03 +0000"
    },
    "done": true
  },
  "refurbished_furniture:recipes/misc/constructing/light_blue_sofa": {
    "criteria": {
      "has_planks": "2024-11-12 02:40:48 +0000"
    },
    "done": true
  },
  "refurbished_furniture:recipes/misc/constructing/pink_trampoline": {
    "criteria": {
      "has_string": "2024-11-12 02:42:11 +0000"
    },
    "done": true
  },
  "refurbished_furniture:recipes/misc/constructing/black_sofa": {
    "criteria": {
      "has_planks": "2024-11-12 02:40:48 +0000"
    },
    "done": true
  },
  "clutter:recipes/decorations/stripped_oak_chair": {
    "criteria": {
      "has_oak_planks": "2024-11-12 02:40:48 +0000"
    },
    "done": true
  },
  "refurbished_furniture:recipes/misc/constructing/purple_sofa": {
    "criteria": {
      "has_planks": "2024-11-12 02:40:48 +0000"
    },
    "done": true
  },
  "minecraft:recipes/building_blocks/polished_andesite_stairs": {
    "criteria": {
      "has_polished_andesite": "2024-11-12 02:45:25 +0000"
    },
    "done": true
  },
  "travelersbackpack:recipes/misc/blank_upgrade": {
    "criteria": {
      "has_chest": "2024-11-12 02:47:36 +0000"
    },
    "done": true
  },
  "refurbished_furniture:recipes/misc/constructing/oak_lattice_fence": {
    "criteria": {
      "has_oak_planks": "2024-11-12 02:40:48 +0000"
    },
    "done": true
  },
  "minecraft:recipes/decorations/mossy_cobblestone_wall": {
    "criteria": {
      "has_mossy_cobblestone": "2024-11-12 02:42:10 +0000"
    },
    "done": true
  },
  "refurbished_furniture:recipes/misc/constructing/gray_cooler": {
    "criteria": {
      "has_planks": "2024-11-12 02:40:48 +0000"
    },
    "done": true
  },
  "doggytalents:recipes/decorations/locator_orb_jin": {
    "criteria": {
      "has_string": "2024-11-12 02:42:11 +0000"
    },
    "done": true
  },
  "minecraft:recipes/tools/wooden_pickaxe": {
    "criteria": {
      "has_stick": "2024-11-12 02:56:21 +0000"
    },
    "done": true
  },
  "farmersdelight:main/root": {
    "criteria": {
      "seeds": "2024-11-12 02:36:57 +0000"
    },
    "done": true
  },
  "supplementaries:recipes/flags/flag_cyan": {
    "criteria": {
      "has_stick": "2024-11-12 02:56:21 +0000"
    },
    "done": true
  },
  "clutter:recipes/decorations/spruce_short_bench": {
    "criteria": {
      "has_spruce_planks": "2024-11-12 02:58:52 +0000"
    },
    "done": true
  },
  "refurbished_furniture:recipes/misc/constructing/light_gray_stool": {
    "criteria": {
      "has_planks": "2024-11-12 02:40:48 +0000"
    },
    "done": true
  },
  "farmersdelight:recipes/cooking/bone_broth": {
    "criteria": {
      "has_bone": "2024-11-12 02:47:35 +0000"
    },
    "done": true
  },
  "travelersbackpack:recipes/misc/wolf": {
    "criteria": {
      "has_bone": "2024-11-12 02:47:35 +0000"
    },
    "done": true
  },
  "refurbished_furniture:recipes/misc/constructing/white_stool": {
    "criteria": {
      "has_planks": "2024-11-12 02:40:48 +0000"
    },
    "done": true
  },
  "minecraft:recipes/redstone/oak_pressure_plate": {
    "criteria": {
      "has_planks": "2024-11-12 02:40:48 +0000"
    },
    "done": true
  },
  "doggytalents:recipes/decorations/kitsune_mask": {
    "criteria": {
      "has_string": "2024-11-12 02:42:11 +0000"
    },
    "done": true
  },
  "refurbished_furniture:recipes/misc/constructing/mangrove_lattice_fence": {
    "criteria": {
      "has_stick": "2024-11-12 02:56:21 +0000"
    },
    "done": true
  },
  "refurbished_furniture:recipes/misc/constructing/cherry_lattice_fence_gate": {
    "criteria": {
      "has_stick": "2024-11-12 02:56:21 +0000"
    },
    "done": true
  },
  "supplementaries:recipes/flags/flag_yellow": {
    "criteria": {
      "has_stick": "2024-11-12 02:56:21 +0000"
    },
    "done": true
  },
  "refurbished_furniture:recipes/misc/constructing/yellow_stool": {
    "criteria": {
      "has_planks": "2024-11-12 02:40:48 +0000"
    },
    "done": true
  },
  "refurbished_furniture:recipes/misc/constructing/black_lamp": {
    "criteria": {
      "has_planks": "2024-11-12 02:40:48 +0000"
    },
    "done": true
  },
  "minecraft:recipes/redstone/spruce_trapdoor": {
    "criteria": {
      "has_planks": "2024-11-12 02:58:52 +0000"
    },
    "done": true
  },
  "assortedtools:recipes/tools/emerald_shovel": {
    "criteria": {
      "has_item": "2024-11-12 02:42:03 +0000"
    },
    "done": true
  },
  "minecraft:recipes/redstone/spruce_door": {
    "criteria": {
      "has_planks": "2024-11-12 02:58:52 +0000"
    },
    "done": true
  },
  "minecraft:recipes/redstone/spruce_fence_gate": {
    "criteria": {
      "has_planks": "2024-11-12 02:58:52 +0000"
    },
    "done": true
  },
  "supplementaries:recipes/flags/flag_light_gray": {
    "criteria": {
      "has_stick": "2024-11-12 02:56:21 +0000"
    },
    "done": true
  },
  "assortedtools:recipes/combat/emerald_spear_alt": {
    "criteria": {
      "has_item": "2024-11-12 02:42:03 +0000"
    },
    "done": true
  },
  "farmersdelight:recipes/cooking/ratatouille": {
    "criteria": {
      "has_any_ingredient": "2024-11-12 02:42:05 +0000"
    },
    "done": true
  },
  "refurbished_furniture:recipes/misc/constructing/pink_lamp": {
    "criteria": {
      "has_planks": "2024-11-12 02:40:48 +0000"
    },
    "done": true
  },
  "refurbished_furniture:recipes/misc/constructing/spruce_desk": {
    "criteria": {
      "has_spruce_planks": "2024-11-12 02:58:52 +0000"
    },
    "done": true
  },
  "refurbished_furniture:recipes/misc/constructing/lime_cooler": {
    "criteria": {
      "has_planks": "2024-11-12 02:40:48 +0000"
    },
    "done": true
  },
  "refurbished_furniture:recipes/misc/constructing/oak_storage_cabinet": {
    "criteria": {
      "has_oak_planks": "2024-11-12 02:40:48 +0000"
    },
    "done": true
  },
  "refurbished_furniture:recipes/misc/constructing/spruce_storage_cabinet": {
    "criteria": {
      "has_spruce_planks": "2024-11-12 02:58:52 +0000"
    },
    "done": true
  },
  "minecraft:recipes/building_blocks/white_wool_from_string": {
    "criteria": {
      "has_string": "2024-11-12 02:42:11 +0000"
    },
    "done": true
  },
  "refurbished_furniture:recipes/misc/constructing/gray_stool": {
    "criteria": {
      "has_planks": "2024-11-12 02:40:48 +0000"
    },
    "done": true
  },
  "minecraft:recipes/decorations/brick_wall_from_bricks_stonecutting": {
    "criteria": {
      "has_bricks": "2024-11-12 02:45:24 +0000"
    },
    "done": true
  },
  "refurbished_furniture:recipes/misc/constructing/spruce_chair": {
    "criteria": {
      "has_spruce_planks": "2024-11-12 02:58:52 +0000"
    },
    "done": true
  },
  "assortedtools:recipes/tools/emerald_shears": {
    "criteria": {
      "has_item": "2024-11-12 02:42:03 +0000"
    },
    "done": true
  },
  "whisperwoods:recipes/whisperwoods/hand_of_fate": {
    "criteria": {
      "has_blaze_powder": "2024-11-12 02:36:57 +0000"
    },
    "done": true
  },
  "doggytalents:recipes/decorations/locator_orb_chu": {
    "criteria": {
      "has_string": "2024-11-12 02:42:11 +0000"
    },
    "done": true
  },
  "doggytalents:recipes/decorations/locator_orb_chi": {
    "criteria": {
      "has_string": "2024-11-12 02:42:11 +0000"
    },
    "done": true
  },
  "clutter:recipes/decorations/oak_cupboard": {
    "criteria": {
      "has_oak_planks": "2024-11-12 02:40:48 +0000"
    },
    "done": true
  },
  "refurbished_furniture:recipes/misc/constructing/acacia_lattice_fence_gate": {
    "criteria": {
      "has_stick": "2024-11-12 02:56:21 +0000"
    },
    "done": true
  },
  "refurbished_furniture:recipes/misc/constructing/pink_cooler": {
    "criteria": {
      "has_planks": "2024-11-12 02:40:48 +0000"
    },
    "done": true
  },
  "supplementaries:recipes/flags/flag_red": {
    "criteria": {
      "has_stick": "2024-11-12 02:56:21 +0000"
    },
    "done": true
  },
  "clutter:recipes/decorations/stripped_oak_bench": {
    "criteria": {
      "has_oak_planks": "2024-11-12 02:40:48 +0000"
    },
    "done": true
  },
  "refurbished_furniture:recipes/misc/constructing/white_sofa": {
    "criteria": {
      "has_planks": "2024-11-12 02:40:48 +0000"
    },
    "done": true
  },
  "minecraft:recipes/misc/iron_nugget_from_blasting": {
    "criteria": {
      "has_chainmail_leggings": "2024-11-12 02:42:09 +0000"
    },
    "done": true
  },
  "minecraft:adventure/kill_a_mob": {
    "criteria": {
      "minecraft:phantom": "2024-11-12 02:50:22 +0000"
    },
    "done": true
  },
  "doggytalents:recipes/tools/conducting_bone": {
    "criteria": {
      "has_bone": "2024-11-12 02:47:35 +0000"
    },
    "done": true
  },
  "doggytalents:recipes/decorations/locator_orb_tei": {
    "criteria": {
      "has_string": "2024-11-12 02:42:11 +0000"
    },
    "done": true
  },
  "minecraft:adventure/adventuring_time": {
    "criteria": {
      "minecraft:birch_forest": "2024-11-12 02:35:12 +0000",
      "minecraft:river": "2024-11-12 02:35:10 +0000",
      "minecraft:forest": "2024-11-12 02:39:07 +0000",
      "minecraft:jungle": "2024-11-12 02:45:49 +0000",
      "minecraft:old_growth_birch_forest": "2024-11-12 02:29:35 +0000"
    },
    "done": false
  },
  "assortedtools:recipes/combat/emerald_sword": {
    "criteria": {
      "has_item": "2024-11-12 02:42:03 +0000"
    },
    "done": true
  },
  "refurbished_furniture:recipes/misc/constructing/oak_table": {
    "criteria": {
      "has_oak_planks": "2024-11-12 02:40:48 +0000"
    },
    "done": true
  },
  "travelersbackpack:recipes/misc/gold_tier_upgrade": {
    "criteria": {
      "has_gold_ingot": "2024-11-12 02:46:03 +0000"
    },
    "done": true
  },
  "minecraft:recipes/building_blocks/polished_andesite_slab_from_polished_andesite_stonecutting": {
    "criteria": {
      "has_polished_andesite": "2024-11-12 02:45:25 +0000"
    },
    "done": true
  },
  "supplementaries:recipes/pulley": {
    "criteria": {
      "minecraft:planks": "2024-11-12 02:40:48 +0000"
    },
    "done": true
  },
  "refurbished_furniture:recipes/misc/constructing/cyan_sofa": {
    "criteria": {
      "has_planks": "2024-11-12 02:40:48 +0000"
    },
    "done": true
  },
  "refurbished_furniture:recipes/misc/constructing/yellow_cooler": {
    "criteria": {
      "has_planks": "2024-11-12 02:40:48 +0000"
    },
    "done": true
  },
  "minecraft:recipes/tools/golden_hoe": {
    "criteria": {
      "has_gold_ingot": "2024-11-12 02:46:03 +0000"
    },
    "done": true
  },
  "farmersdelight:recipes/decorations/cutting_board": {
    "criteria": {
      "has_stick": "2024-11-12 02:56:21 +0000"
    },
    "done": true
  },
  "minecraft:husbandry/balanced_diet": {
    "criteria": {
      "bread": "2024-11-12 02:43:05 +0000"
    },
    "done": false
  },
  "assortedtools:recipes/tools/wood_hammer": {
    "criteria": {
      "has_item": "2024-11-12 02:40:48 +0000"
    },
    "done": true
  },
  "supplementaries:recipes/gold_door": {
    "criteria": {
      "has_gold_ingot": "2024-11-12 02:46:03 +0000"
    },
    "done": true
  },
  "refurbished_furniture:recipes/misc/constructing/black_stool": {
    "criteria": {
      "has_planks": "2024-11-12 02:40:48 +0000"
    },
    "done": true
  },
  "supplementaries:recipes/daub": {
    "criteria": {
      "supplementaries:straw": "2024-11-12 02:47:35 +0000"
    },
    "done": true
  },
  "minecraft:recipes/decorations/mossy_cobblestone_wall_from_mossy_cobblestone_stonecutting": {
    "criteria": {
      "has_mossy_cobblestone": "2024-11-12 02:42:10 +0000"
    },
    "done": true
  },
  "vc_gliders:recipes/misc/reinforced_paper_netherite": {
    "criteria": {
      "has_crafting_table": "2024-11-12 02:40:14 +0000"
    },
    "done": true
  },
  "refurbished_furniture:recipes/misc/constructing/blue_cooler": {
    "criteria": {
      "has_planks": "2024-11-12 02:40:48 +0000"
    },
    "done": true
  },
  "doggytalents:recipes/decorations/locator_orb_ko": {
    "criteria": {
      "has_string": "2024-11-12 02:42:11 +0000"
    },
    "done": true
  },
  "refurbished_furniture:recipes/misc/constructing/warped_lattice_fence": {
    "criteria": {
      "has_stick": "2024-11-12 02:56:21 +0000"
    },
    "done": true
  },
  "minecraft:recipes/building_blocks/spruce_stairs": {
    "criteria": {
      "has_planks": "2024-11-12 02:58:52 +0000"
    },
    "done": true
  },
  "refurbished_furniture:recipes/misc/constructing/orange_cooler": {
    "criteria": {
      "has_planks": "2024-11-12 02:40:48 +0000"
    },
    "done": true
  },
  "refurbished_furniture:recipes/misc/constructing/spruce_drawer": {
    "criteria": {
      "has_spruce_planks": "2024-11-12 02:58:52 +0000"
    },
    "done": true
  },
  "refurbished_furniture:recipes/misc/constructing/purple_trampoline": {
    "criteria": {
      "has_string": "2024-11-12 02:42:11 +0000"
    },
    "done": true
  },
  "minecraft:recipes/decorations/loom": {
    "criteria": {
      "has_string": "2024-11-12 02:42:11 +0000"
    },
    "done": true
  },
  "refurbished_furniture:recipes/misc/constructing/birch_lattice_fence_gate": {
    "criteria": {
      "has_stick": "2024-11-12 02:56:21 +0000"
    },
    "done": true
  },
  "farmersdelight:recipes/cooking/vegetable_soup": {
    "criteria": {
      "has_any_ingredient": "2024-11-12 02:42:05 +0000"
    },
    "done": true
  },
  "refurbished_furniture:recipes/misc/constructing/cyan_lamp": {
    "criteria": {
      "has_planks": "2024-11-12 02:40:48 +0000"
    },
    "done": true
  },
  "doggytalents:recipes/decorations/locator_orb_gi": {
    "criteria": {
      "has_string": "2024-11-12 02:42:11 +0000"
    },
    "done": true
  },
  "refurbished_furniture:recipes/misc/constructing/gray_sofa": {
    "criteria": {
      "has_planks": "2024-11-12 02:40:48 +0000"
    },
    "done": true
  },
  "minecraft:story/root": {
    "criteria": {
      "crafting_table": "2024-11-12 02:40:14 +0000"
    },
    "done": true
  },
  "refurbished_furniture:recipes/misc/constructing/purple_lamp": {
    "criteria": {
      "has_planks": "2024-11-12 02:40:48 +0000"
    },
    "done": true
  },
  "minecraft:recipes/transportation/dark_oak_boat": {
    "criteria": {
      "in_water": "2024-11-12 02:29:56 +0000"
    },
    "done": true
  },
  "supplementaries:recipes/flags/flag_lime": {
    "criteria": {
      "has_stick": "2024-11-12 02:56:21 +0000"
    },
    "done": true
  },
  "minecraft:recipes/combat/golden_leggings": {
    "criteria": {
      "has_gold_ingot": "2024-11-12 02:46:03 +0000"
    },
    "done": true
  },
  "refurbished_furniture:recipes/misc/constructing/pink_stool": {
    "criteria": {
      "has_planks": "2024-11-12 02:40:48 +0000"
    },
    "done": true
  },
  "DataVersion": 3465
}