{
  "rpg_series:root": {
    "criteria": {
      "always": "2024-11-10 20:28:24 +0000"
    },
    "done": true
  },
  "spellbladenext:spellblades/root": {
    "criteria": {
      "always": "2024-11-10 20:28:24 +0000"
    },
    "done": true
  },
  "minecraft:recipes/decorations/crafting_table": {
    "criteria": {
      "unlock_right_away": "2024-11-10 20:28:24 +0000"
    },
    "done": true
  },
  "iceandfire:iceandfire/root": {
    "criteria": {
      "tick": "2024-11-10 20:28:24 +0000"
    },
    "done": true
  },
  "dungeons_arise:wda_root": {
    "criteria": {
      "WDA": "2024-11-10 20:28:24 +0000"
    },
    "done": true
  },
  "minecraft:clutter/root": {
    "criteria": {
      "requirement": "2024-11-10 20:28:24 +0000"
    },
    "done": true
  },
  "majruszsdifficulty:game_stage_normal": {
    "criteria": {
      "is_triggered": "2024-11-10 20:28:24 +0000"
    },
    "done": true
  },
  "minecraft:adventure/adventuring_time": {
    "criteria": {
      "minecraft:taiga": "2024-11-11 02:45:11 +0000",
      "minecraft:deep_ocean": "2024-11-10 22:41:32 +0000",
      "minecraft:birch_forest": "2024-11-10 20:29:41 +0000",
      "minecraft:dark_forest": "2024-11-11 02:37:19 +0000",
      "minecraft:river": "2024-11-10 20:29:37 +0000",
      "minecraft:stony_shore": "2024-11-10 20:30:31 +0000",
      "minecraft:grove": "2024-11-10 20:52:25 +0000",
      "minecraft:jagged_peaks": "2024-11-10 20:29:48 +0000",
      "minecraft:cold_ocean": "2024-11-11 02:43:31 +0000",
      "minecraft:forest": "2024-11-11 02:41:22 +0000",
      "minecraft:ocean": "2024-11-10 20:31:45 +0000",
      "minecraft:old_growth_birch_forest": "2024-11-10 20:28:25 +0000",
      "minecraft:plains": "2024-11-10 20:38:48 +0000"
    },
    "done": false
  },
  "naturalist:recipes/food/cooked_egg": {
    "criteria": {
      "has_eggs": "2024-11-10 20:31:20 +0000"
    },
    "done": true
  },
  "farmersdelight:main/root": {
    "criteria": {
      "seeds": "2024-11-10 20:31:20 +0000"
    },
    "done": true
  },
  "whisperwoods:recipes/whisperwoods/hand_of_fate": {
    "criteria": {
      "has_blaze_powder": "2024-11-10 20:31:20 +0000"
    },
    "done": true
  },
  "minecraft:recipes/transportation/cherry_boat": {
    "criteria": {
      "in_water": "2024-11-10 20:32:22 +0000"
    },
    "done": true
  },
  "minecraft:recipes/transportation/bamboo_raft": {
    "criteria": {
      "in_water": "2024-11-10 20:32:22 +0000"
    },
    "done": true
  },
  "minecraft:recipes/transportation/acacia_boat": {
    "criteria": {
      "in_water": "2024-11-10 20:32:22 +0000"
    },
    "done": true
  },
  "minecraft:recipes/transportation/jungle_boat": {
    "criteria": {
      "in_water": "2024-11-10 20:32:22 +0000"
    },
    "done": true
  },
  "minecraft:recipes/transportation/spruce_boat": {
    "criteria": {
      "in_water": "2024-11-10 20:32:22 +0000"
    },
    "done": true
  },
  "minecraft:recipes/transportation/birch_boat": {
    "criteria": {
      "in_water": "2024-11-10 20:32:22 +0000"
    },
    "done": true
  },
  "minecraft:recipes/transportation/oak_boat": {
    "criteria": {
      "in_water": "2024-11-10 20:32:22 +0000"
    },
    "done": true
  },
  "minecraft:recipes/transportation/mangrove_boat": {
    "criteria": {
      "in_water": "2024-11-10 20:32:22 +0000"
    },
    "done": true
  },
  "minecraft:recipes/transportation/dark_oak_boat": {
    "criteria": {
      "in_water": "2024-11-10 20:32:22 +0000"
    },
    "done": true
  },
  "minecraft:recipes/food/cooked_cod_from_smoking": {
    "criteria": {
      "has_cod": "2024-11-10 20:38:11 +0000"
    },
    "done": true
  },
  "farmersdelight:recipes/cooking/baked_cod_stew": {
    "criteria": {
      "has_any_ingredient": "2024-11-10 20:38:11 +0000"
    },
    "done": true
  },
  "farmersdelight:recipes/cooking/fish_stew": {
    "criteria": {
      "has_any_ingredient": "2024-11-10 20:38:11 +0000"
    },
    "done": true
  },
  "travelersbackpack:recipes/misc/ocelot": {
    "criteria": {
      "has_cod": "2024-11-10 20:38:11 +0000"
    },
    "done": true
  },
  "minecraft:recipes/food/cooked_cod_from_campfire_cooking": {
    "criteria": {
      "has_cod": "2024-11-10 20:38:11 +0000"
    },
    "done": true
  },
  "minecraft:recipes/food/cooked_cod": {
    "criteria": {
      "has_cod": "2024-11-10 20:38:11 +0000"
    },
    "done": true
  },
  "minecraft:husbandry/tame_an_animal": {
    "criteria": {
      "tamed_animal": "2024-11-10 20:39:47 +0000"
    },
    "done": true
  },
  "iceandfire:iceandfire/tame_hippogryph": {
    "criteria": {
      "tame_rat": "2024-11-10 20:39:47 +0000"
    },
    "done": true
  },
  "minecraft:recipes/decorations/chest": {
    "criteria": {
      "has_lots_of_items": "2024-11-10 20:40:14 +0000"
    },
    "done": true
  },
  "doggytalents:recipes/food/uncooked_rice_bowl": {
    "criteria": {
      "has_dtn_rice_grains": "2024-11-10 21:07:42 +0000"
    },
    "done": true
  },
  "doggytalents:recipes/food/training_treat": {
    "criteria": {
      "has_dtn_rice_grains": "2024-11-10 21:07:42 +0000"
    },
    "done": true
  },
  "refurbished_furniture:recipes/misc/constructing/oak_hedge": {
    "criteria": {
      "has_oak_leaves": "2024-11-10 21:12:31 +0000"
    },
    "done": true
  },
  "refurbished_furniture:recipes/misc/constructing/spruce_hedge": {
    "criteria": {
      "has_spruce_leaves": "2024-11-10 21:14:10 +0000"
    },
    "done": true
  },
  "refurbished_furniture:recipes/misc/constructing/birch_hedge": {
    "criteria": {
      "has_birch_leaves": "2024-11-10 21:14:11 +0000"
    },
    "done": true
  },
  "refurbished_furniture:recipes/misc/constructing/jungle_hedge": {
    "criteria": {
      "has_jungle_leaves": "2024-11-10 21:14:13 +0000"
    },
    "done": true
  },
  "minecraft:recipes/misc/iron_ingot_from_iron_block": {
    "criteria": {
      "has_iron_block": "2024-11-10 21:20:22 +0000"
    },
    "done": true
  },
  "minecraft:recipes/decorations/anvil": {
    "criteria": {
      "has_iron_block": "2024-11-10 21:20:22 +0000"
    },
    "done": true
  },
  "minecraft:nether/create_beacon": {
    "criteria": {
      "beacon": "2024-11-10 21:21:02 +0000"
    },
    "done": true
  },
  "minecraft:recipes/decorations/light_blue_stained_glass_pane": {
    "criteria": {
      "has_glass": "2024-11-10 21:21:54 +0000"
    },
    "done": true
  },
  "refurbished_furniture:recipes/misc/slicing/pink_dye_from_pink_petals": {
    "criteria": {
      "has_pink_petals": "2024-11-10 21:40:23 +0000"
    },
    "done": true
  },
  "minecraft:recipes/misc/pink_dye_from_pink_petals": {
    "criteria": {
      "has_pink_petals": "2024-11-10 21:40:23 +0000"
    },
    "done": true
  },
  "minecraft:recipes/misc/red_dye_from_tulip": {
    "criteria": {
      "has_red_flower": "2024-11-10 21:40:42 +0000"
    },
    "done": true
  },
  "refurbished_furniture:recipes/misc/slicing/red_dye_from_red_tulip": {
    "criteria": {
      "has_red_tulip": "2024-11-10 21:40:42 +0000"
    },
    "done": true
  },
  "minecraft:recipes/misc/magenta_dye_from_lilac": {
    "criteria": {
      "has_lilac": "2024-11-10 21:40:44 +0000"
    },
    "done": true
  },
  "refurbished_furniture:recipes/misc/slicing/magenta_dye_from_lilac": {
    "criteria": {
      "has_lilac": "2024-11-10 21:40:44 +0000"
    },
    "done": true
  },
  "minecraft:recipes/misc/red_dye_from_rose_bush": {
    "criteria": {
      "has_rose_bush": "2024-11-10 21:40:45 +0000"
    },
    "done": true
  },
  "refurbished_furniture:recipes/misc/slicing/red_dye_from_rose_bush": {
    "criteria": {
      "has_rose_bush": "2024-11-10 21:40:45 +0000"
    },
    "done": true
  },
  "naturescompass:natures_compass_log": {
    "criteria": {
      "has_recipe": "2024-11-10 21:45:18 +0000"
    },
    "done": true
  },
  "naturescompass:natures_compass_sapling": {
    "criteria": {
      "has_sapling": "2024-11-10 21:45:18 +0000"
    },
    "done": true
  },
  "refurbished_furniture:recipes/misc/constructing/purple_stool": {
    "criteria": {
      "has_planks": "2024-11-10 21:47:58 +0000"
    },
    "done": true
  },
  "refurbished_furniture:recipes/misc/constructing/oak_toilet": {
    "criteria": {
      "has_oak_planks": "2024-11-10 21:47:58 +0000"
    },
    "done": true
  },
  "clutter:recipes/decorations/oak_table": {
    "criteria": {
      "has_oak_planks": "2024-11-10 21:47:58 +0000"
    },
    "done": true
  },
  "refurbished_furniture:recipes/misc/constructing/green_stool": {
    "criteria": {
      "has_planks": "2024-11-10 21:47:58 +0000"
    },
    "done": true
  },
  "refurbished_furniture:recipes/misc/constructing/yellow_lamp": {
    "criteria": {
      "has_planks": "2024-11-10 21:47:58 +0000"
    },
    "done": true
  },
  "refurbished_furniture:recipes/misc/constructing/oak_kitchen_drawer": {
    "criteria": {
      "has_oak_planks": "2024-11-10 21:47:58 +0000"
    },
    "done": true
  },
  "assortedtools:recipes/tools/wood_boomerang": {
    "criteria": {
      "has_planks": "2024-11-10 21:47:58 +0000"
    },
    "done": true
  },
  "minecraft:recipes/decorations/oak_sign": {
    "criteria": {
      "has_planks": "2024-11-10 21:47:58 +0000"
    },
    "done": true
  },
  "refurbished_furniture:recipes/misc/constructing/red_lamp": {
    "criteria": {
      "has_planks": "2024-11-10 21:47:58 +0000"
    },
    "done": true
  },
  "refurbished_furniture:recipes/misc/constructing/orange_lamp": {
    "criteria": {
      "has_planks": "2024-11-10 21:47:58 +0000"
    },
    "done": true
  },
  "supplementaries:recipes/lock_block": {
    "criteria": {
      "minecraft:planks": "2024-11-10 21:47:58 +0000"
    },
    "done": true
  },
  "refurbished_furniture:recipes/misc/constructing/white_lamp": {
    "criteria": {
      "has_planks": "2024-11-10 21:47:58 +0000"
    },
    "done": true
  },
  "clutter:recipes/decorations/oak_short_bench": {
    "criteria": {
      "has_oak_planks": "2024-11-10 21:47:58 +0000"
    },
    "done": true
  },
  "clutter:recipes/decorations/stripped_oak_table": {
    "criteria": {
      "has_oak_planks": "2024-11-10 21:47:58 +0000"
    },
    "done": true
  },
  "refurbished_furniture:recipes/misc/constructing/yellow_sofa": {
    "criteria": {
      "has_planks": "2024-11-10 21:47:58 +0000"
    },
    "done": true
  },
  "refurbished_furniture:recipes/misc/constructing/orange_sofa": {
    "criteria": {
      "has_planks": "2024-11-10 21:47:58 +0000"
    },
    "done": true
  },
  "minecraft:recipes/misc/stick": {
    "criteria": {
      "has_planks": "2024-11-10 21:47:58 +0000"
    },
    "done": true
  },
  "refurbished_furniture:recipes/misc/constructing/oak_crate": {
    "criteria": {
      "has_oak_planks": "2024-11-10 21:47:58 +0000"
    },
    "done": true
  },
  "refurbished_furniture:recipes/misc/constructing/oak_light_ceiling_fan": {
    "criteria": {
      "has_oak_planks": "2024-11-10 21:47:58 +0000"
    },
    "done": true
  },
  "refurbished_furniture:recipes/misc/constructing/oak_lattice_fence_gate": {
    "criteria": {
      "has_oak_planks": "2024-11-10 21:47:58 +0000"
    },
    "done": true
  },
  "refurbished_furniture:recipes/misc/constructing/magenta_stool": {
    "criteria": {
      "has_planks": "2024-11-10 21:47:58 +0000"
    },
    "done": true
  },
  "refurbished_furniture:recipes/misc/constructing/oak_drawer": {
    "criteria": {
      "has_oak_planks": "2024-11-10 21:47:58 +0000"
    },
    "done": true
  },
  "assortedtools:recipes/combat/wood_spear_alt": {
    "criteria": {
      "has_item": "2024-11-10 21:47:58 +0000"
    },
    "done": true
  },
  "refurbished_furniture:recipes/misc/constructing/brown_cooler": {
    "criteria": {
      "has_planks": "2024-11-10 21:47:58 +0000"
    },
    "done": true
  },
  "refurbished_furniture:recipes/misc/constructing/purple_cooler": {
    "criteria": {
      "has_planks": "2024-11-10 21:47:58 +0000"
    },
    "done": true
  },
  "refurbished_furniture:recipes/misc/constructing/cyan_cooler": {
    "criteria": {
      "has_planks": "2024-11-10 21:47:58 +0000"
    },
    "done": true
  },
  "clutter:recipes/decorations/oak_wall_cupboard": {
    "criteria": {
      "has_oak_planks": "2024-11-10 21:47:58 +0000"
    },
    "done": true
  },
  "refurbished_furniture:recipes/misc/constructing/light_gray_cooler": {
    "criteria": {
      "has_planks": "2024-11-10 21:47:58 +0000"
    },
    "done": true
  },
  "refurbished_furniture:recipes/misc/constructing/red_sofa": {
    "criteria": {
      "has_planks": "2024-11-10 21:47:58 +0000"
    },
    "done": true
  },
  "refurbished_furniture:recipes/misc/constructing/lime_stool": {
    "criteria": {
      "has_planks": "2024-11-10 21:47:58 +0000"
    },
    "done": true
  },
  "refurbished_furniture:recipes/misc/constructing/magenta_lamp": {
    "criteria": {
      "has_planks": "2024-11-10 21:47:58 +0000"
    },
    "done": true
  },
  "minecraft:recipes/building_blocks/oak_slab": {
    "criteria": {
      "has_planks": "2024-11-10 21:47:58 +0000"
    },
    "done": true
  },
  "clutter:recipes/decorations/oak_bench": {
    "criteria": {
      "has_oak_planks": "2024-11-10 21:47:58 +0000"
    },
    "done": true
  },
  "refurbished_furniture:recipes/misc/constructing/light_gray_sofa": {
    "criteria": {
      "has_planks": "2024-11-10 21:47:58 +0000"
    },
    "done": true
  },
  "assortedtools:recipes/tools/wood_shears_alt": {
    "criteria": {
      "has_item": "2024-11-10 21:47:58 +0000"
    },
    "done": true
  },
  "minecraft:recipes/redstone/oak_fence_gate": {
    "criteria": {
      "has_planks": "2024-11-10 21:47:58 +0000"
    },
    "done": true
  },
  "assortedtools:recipes/combat/wood_spear": {
    "criteria": {
      "has_item": "2024-11-10 21:47:58 +0000"
    },
    "done": true
  },
  "refurbished_furniture:recipes/misc/constructing/oak_kitchen_storage_cabinet": {
    "criteria": {
      "has_oak_planks": "2024-11-10 21:47:58 +0000"
    },
    "done": true
  },
  "refurbished_furniture:recipes/misc/constructing/oak_kitchen_cabinetry": {
    "criteria": {
      "has_oak_planks": "2024-11-10 21:47:58 +0000"
    },
    "done": true
  },
  "minecraft:recipes/redstone/oak_door": {
    "criteria": {
      "has_planks": "2024-11-10 21:47:58 +0000"
    },
    "done": true
  },
  "refurbished_furniture:recipes/misc/constructing/oak_desk": {
    "criteria": {
      "has_oak_planks": "2024-11-10 21:47:58 +0000"
    },
    "done": true
  },
  "supplementaries:recipes/turn_table": {
    "criteria": {
      "minecraft:planks": "2024-11-10 21:47:58 +0000"
    },
    "done": true
  },
  "refurbished_furniture:recipes/misc/constructing/post_box": {
    "criteria": {
      "has_planks": "2024-11-10 21:47:58 +0000"
    },
    "done": true
  },
  "clutter:recipes/decorations/oak_chair": {
    "criteria": {
      "has_oak_planks": "2024-11-10 21:47:58 +0000"
    },
    "done": true
  },
  "refurbished_furniture:recipes/misc/constructing/green_lamp": {
    "criteria": {
      "has_planks": "2024-11-10 21:47:58 +0000"
    },
    "done": true
  },
  "supplementaries:recipes/clock_block": {
    "criteria": {
      "minecraft:planks": "2024-11-10 21:47:58 +0000"
    },
    "done": true
  },
  "refurbished_furniture:recipes/misc/constructing/magenta_sofa": {
    "criteria": {
      "has_planks": "2024-11-10 21:47:58 +0000"
    },
    "done": true
  },
  "refurbished_furniture:recipes/misc/constructing/oak_storage_jar": {
    "criteria": {
      "has_oak_planks": "2024-11-10 21:47:58 +0000"
    },
    "done": true
  },
  "minecraft:recipes/decorations/barrel": {
    "criteria": {
      "has_planks": "2024-11-10 21:47:58 +0000"
    },
    "done": true
  },
  "refurbished_furniture:recipes/misc/constructing/oak_cutting_board": {
    "criteria": {
      "has_oak_planks": "2024-11-10 21:47:58 +0000"
    },
    "done": true
  },
  "refurbished_furniture:recipes/misc/constructing/cyan_stool": {
    "criteria": {
      "has_planks": "2024-11-10 21:47:58 +0000"
    },
    "done": true
  },
  "refurbished_furniture:recipes/misc/constructing/green_sofa": {
    "criteria": {
      "has_planks": "2024-11-10 21:47:58 +0000"
    },
    "done": true
  },
  "refurbished_furniture:recipes/misc/constructing/light_gray_lamp": {
    "criteria": {
      "has_planks": "2024-11-10 21:47:58 +0000"
    },
    "done": true
  },
  "refurbished_furniture:recipes/misc/constructing/blue_stool": {
    "criteria": {
      "has_planks": "2024-11-10 21:47:58 +0000"
    },
    "done": true
  },
  "assortedtools:recipes/tools/wood_shears": {
    "criteria": {
      "has_item": "2024-11-10 21:47:58 +0000"
    },
    "done": true
  },
  "refurbished_furniture:recipes/misc/constructing/brown_stool": {
    "criteria": {
      "has_planks": "2024-11-10 21:47:58 +0000"
    },
    "done": true
  },
  "refurbished_furniture:recipes/misc/constructing/oak_kitchen_sink": {
    "criteria": {
      "has_oak_planks": "2024-11-10 21:47:58 +0000"
    },
    "done": true
  },
  "refurbished_furniture:recipes/misc/constructing/orange_stool": {
    "criteria": {
      "has_planks": "2024-11-10 21:47:58 +0000"
    },
    "done": true
  },
  "minecraft:recipes/redstone/oak_trapdoor": {
    "criteria": {
      "has_planks": "2024-11-10 21:47:58 +0000"
    },
    "done": true
  },
  "refurbished_furniture:recipes/misc/constructing/black_cooler": {
    "criteria": {
      "has_planks": "2024-11-10 21:47:58 +0000"
    },
    "done": true
  },
  "refurbished_furniture:recipes/misc/constructing/lime_lamp": {
    "criteria": {
      "has_planks": "2024-11-10 21:47:58 +0000"
    },
    "done": true
  },
  "assortedtools:recipes/tools/wooden_multitool": {
    "criteria": {
      "has_item": "2024-11-10 21:47:58 +0000"
    },
    "done": true
  },
  "refurbished_furniture:recipes/misc/constructing/magenta_cooler": {
    "criteria": {
      "has_planks": "2024-11-10 21:47:58 +0000"
    },
    "done": true
  },
  "refurbished_furniture:recipes/misc/constructing/light_blue_cooler": {
    "criteria": {
      "has_planks": "2024-11-10 21:47:58 +0000"
    },
    "done": true
  },
  "refurbished_furniture:recipes/misc/constructing/oak_mail_box": {
    "criteria": {
      "has_oak_planks": "2024-11-10 21:47:58 +0000"
    },
    "done": true
  },
  "refurbished_furniture:recipes/misc/constructing/pink_sofa": {
    "criteria": {
      "has_planks": "2024-11-10 21:47:58 +0000"
    },
    "done": true
  },
  "refurbished_furniture:recipes/misc/constructing/oak_bath": {
    "criteria": {
      "has_oak_planks": "2024-11-10 21:47:58 +0000"
    },
    "done": true
  },
  "refurbished_furniture:recipes/misc/constructing/brown_lamp": {
    "criteria": {
      "has_planks": "2024-11-10 21:47:58 +0000"
    },
    "done": true
  },
  "supplementaries:recipes/bed_from_feather_block": {
    "criteria": {
      "minecraft:planks": "2024-11-10 21:47:58 +0000"
    },
    "done": true
  },
  "refurbished_furniture:recipes/misc/constructing/lime_sofa": {
    "criteria": {
      "has_planks": "2024-11-10 21:47:58 +0000"
    },
    "done": true
  },
  "minecraft:recipes/building_blocks/oak_stairs": {
    "criteria": {
      "has_planks": "2024-11-10 21:47:58 +0000"
    },
    "done": true
  },
  "refurbished_furniture:recipes/misc/constructing/red_cooler": {
    "criteria": {
      "has_planks": "2024-11-10 21:47:58 +0000"
    },
    "done": true
  },
  "minecraft:recipes/decorations/oak_fence": {
    "criteria": {
      "has_planks": "2024-11-10 21:47:58 +0000"
    },
    "done": true
  },
  "refurbished_furniture:recipes/misc/constructing/oak_basin": {
    "criteria": {
      "has_oak_planks": "2024-11-10 21:47:58 +0000"
    },
    "done": true
  },
  "iceandfire:recipes/misc/earplugs": {
    "criteria": {
      "has_item": "2024-11-10 21:47:58 +0000"
    },
    "done": true
  },
  "supplementaries:recipes/speaker_block": {
    "criteria": {
      "minecraft:planks": "2024-11-10 21:47:58 +0000"
    },
    "done": true
  },
  "assortedtools:recipes/tools/wood_bucket": {
    "criteria": {
      "has_item": "2024-11-10 21:47:58 +0000"
    },
    "done": true
  },
  "refurbished_furniture:recipes/misc/constructing/green_cooler": {
    "criteria": {
      "has_planks": "2024-11-10 21:47:58 +0000"
    },
    "done": true
  },
  "refurbished_furniture:recipes/misc/workbench": {
    "criteria": {
      "has_planks": "2024-11-10 21:47:58 +0000"
    },
    "done": true
  },
  "refurbished_furniture:recipes/misc/constructing/brown_sofa": {
    "criteria": {
      "has_planks": "2024-11-10 21:47:58 +0000"
    },
    "done": true
  },
  "refurbished_furniture:recipes/misc/constructing/light_blue_lamp": {
    "criteria": {
      "has_planks": "2024-11-10 21:47:58 +0000"
    },
    "done": true
  },
  "refurbished_furniture:recipes/misc/constructing/blue_sofa": {
    "criteria": {
      "has_planks": "2024-11-10 21:47:58 +0000"
    },
    "done": true
  },
  "refurbished_furniture:recipes/misc/constructing/light_blue_stool": {
    "criteria": {
      "has_planks": "2024-11-10 21:47:58 +0000"
    },
    "done": true
  },
  "refurbished_furniture:recipes/misc/constructing/oak_chair": {
    "criteria": {
      "has_oak_planks": "2024-11-10 21:47:58 +0000"
    },
    "done": true
  },
  "minecraft:recipes/redstone/oak_button": {
    "criteria": {
      "has_planks": "2024-11-10 21:47:58 +0000"
    },
    "done": true
  },
  "refurbished_furniture:recipes/misc/constructing/white_cooler": {
    "criteria": {
      "has_planks": "2024-11-10 21:47:58 +0000"
    },
    "done": true
  },
  "refurbished_furniture:recipes/misc/constructing/blue_lamp": {
    "criteria": {
      "has_planks": "2024-11-10 21:47:58 +0000"
    },
    "done": true
  },
  "refurbished_furniture:recipes/misc/constructing/red_stool": {
    "criteria": {
      "has_planks": "2024-11-10 21:47:58 +0000"
    },
    "done": true
  },
  "supplementaries:recipes/notice_board": {
    "criteria": {
      "minecraft:planks": "2024-11-10 21:47:58 +0000"
    },
    "done": true
  },
  "refurbished_furniture:recipes/misc/constructing/gray_lamp": {
    "criteria": {
      "has_planks": "2024-11-10 21:47:58 +0000"
    },
    "done": true
  },
  "refurbished_furniture:recipes/misc/constructing/light_blue_sofa": {
    "criteria": {
      "has_planks": "2024-11-10 21:47:58 +0000"
    },
    "done": true
  },
  "refurbished_furniture:recipes/misc/constructing/black_sofa": {
    "criteria": {
      "has_planks": "2024-11-10 21:47:58 +0000"
    },
    "done": true
  },
  "clutter:recipes/decorations/stripped_oak_chair": {
    "criteria": {
      "has_oak_planks": "2024-11-10 21:47:58 +0000"
    },
    "done": true
  },
  "refurbished_furniture:recipes/misc/constructing/purple_sofa": {
    "criteria": {
      "has_planks": "2024-11-10 21:47:58 +0000"
    },
    "done": true
  },
  "refurbished_furniture:recipes/misc/constructing/oak_lattice_fence": {
    "criteria": {
      "has_oak_planks": "2024-11-10 21:47:58 +0000"
    },
    "done": true
  },
  "refurbished_furniture:recipes/misc/constructing/gray_cooler": {
    "criteria": {
      "has_planks": "2024-11-10 21:47:58 +0000"
    },
    "done": true
  },
  "refurbished_furniture:recipes/misc/constructing/light_gray_stool": {
    "criteria": {
      "has_planks": "2024-11-10 21:47:58 +0000"
    },
    "done": true
  },
  "refurbished_furniture:recipes/misc/constructing/white_stool": {
    "criteria": {
      "has_planks": "2024-11-10 21:47:58 +0000"
    },
    "done": true
  },
  "minecraft:recipes/redstone/oak_pressure_plate": {
    "criteria": {
      "has_planks": "2024-11-10 21:47:58 +0000"
    },
    "done": true
  },
  "refurbished_furniture:recipes/misc/constructing/yellow_stool": {
    "criteria": {
      "has_planks": "2024-11-10 21:47:58 +0000"
    },
    "done": true
  },
  "refurbished_furniture:recipes/misc/constructing/black_lamp": {
    "criteria": {
      "has_planks": "2024-11-10 21:47:58 +0000"
    },
    "done": true
  },
  "refurbished_furniture:recipes/misc/constructing/pink_lamp": {
    "criteria": {
      "has_planks": "2024-11-10 21:47:58 +0000"
    },
    "done": true
  },
  "refurbished_furniture:recipes/misc/constructing/lime_cooler": {
    "criteria": {
      "has_planks": "2024-11-10 21:47:58 +0000"
    },
    "done": true
  },
  "refurbished_furniture:recipes/misc/constructing/oak_storage_cabinet": {
    "criteria": {
      "has_oak_planks": "2024-11-10 21:47:58 +0000"
    },
    "done": true
  },
  "refurbished_furniture:recipes/misc/constructing/gray_stool": {
    "criteria": {
      "has_planks": "2024-11-10 21:47:58 +0000"
    },
    "done": true
  },
  "clutter:recipes/decorations/oak_cupboard": {
    "criteria": {
      "has_oak_planks": "2024-11-10 21:47:58 +0000"
    },
    "done": true
  },
  "refurbished_furniture:recipes/misc/constructing/pink_cooler": {
    "criteria": {
      "has_planks": "2024-11-10 21:47:58 +0000"
    },
    "done": true
  },
  "clutter:recipes/decorations/stripped_oak_bench": {
    "criteria": {
      "has_oak_planks": "2024-11-10 21:47:58 +0000"
    },
    "done": true
  },
  "refurbished_furniture:recipes/misc/constructing/white_sofa": {
    "criteria": {
      "has_planks": "2024-11-10 21:47:58 +0000"
    },
    "done": true
  },
  "refurbished_furniture:recipes/misc/constructing/oak_table": {
    "criteria": {
      "has_oak_planks": "2024-11-10 21:47:58 +0000"
    },
    "done": true
  },
  "supplementaries:recipes/pulley": {
    "criteria": {
      "minecraft:planks": "2024-11-10 21:47:58 +0000"
    },
    "done": true
  },
  "refurbished_furniture:recipes/misc/constructing/cyan_sofa": {
    "criteria": {
      "has_planks": "2024-11-10 21:47:58 +0000"
    },
    "done": true
  },
  "refurbished_furniture:recipes/misc/constructing/yellow_cooler": {
    "criteria": {
      "has_planks": "2024-11-10 21:47:58 +0000"
    },
    "done": true
  },
  "assortedtools:recipes/tools/wood_hammer": {
    "criteria": {
      "has_item": "2024-11-10 21:47:58 +0000"
    },
    "done": true
  },
  "refurbished_furniture:recipes/misc/constructing/black_stool": {
    "criteria": {
      "has_planks": "2024-11-10 21:47:58 +0000"
    },
    "done": true
  },
  "refurbished_furniture:recipes/misc/constructing/blue_cooler": {
    "criteria": {
      "has_planks": "2024-11-10 21:47:58 +0000"
    },
    "done": true
  },
  "refurbished_furniture:recipes/misc/constructing/orange_cooler": {
    "criteria": {
      "has_planks": "2024-11-10 21:47:58 +0000"
    },
    "done": true
  },
  "refurbished_furniture:recipes/misc/constructing/cyan_lamp": {
    "criteria": {
      "has_planks": "2024-11-10 21:47:58 +0000"
    },
    "done": true
  },
  "refurbished_furniture:recipes/misc/constructing/gray_sofa": {
    "criteria": {
      "has_planks": "2024-11-10 21:47:58 +0000"
    },
    "done": true
  },
  "refurbished_furniture:recipes/misc/constructing/purple_lamp": {
    "criteria": {
      "has_planks": "2024-11-10 21:47:58 +0000"
    },
    "done": true
  },
  "refurbished_furniture:recipes/misc/constructing/pink_stool": {
    "criteria": {
      "has_planks": "2024-11-10 21:47:58 +0000"
    },
    "done": true
  },
  "supplementaries:recipes/sconce": {
    "criteria": {
      "has_torch": "2024-11-10 21:59:07 +0000"
    },
    "done": true
  },
  "minecraft:husbandry/root": {
    "criteria": {
      "consumed_item": "2024-11-10 22:05:34 +0000"
    },
    "done": true
  },
  "minecraft:husbandry/balanced_diet": {
    "criteria": {
      "dried_kelp": "2024-11-10 22:51:43 +0000",
      "cod": "2024-11-10 22:05:34 +0000",
      "cooked_salmon": "2024-11-10 22:31:17 +0000"
    },
    "done": false
  },
  "majruszsdifficulty:bleeding": {
    "criteria": {
      "bleeding_applied": "2024-11-10 22:06:21 +0000"
    },
    "done": true
  },
  "mutantmonsters:root": {
    "criteria": {
      "killed_by_something": "2024-11-10 22:06:50 +0000"
    },
    "done": true
  },
  "minecraft:adventure/root": {
    "criteria": {
      "killed_by_something": "2024-11-10 22:06:50 +0000"
    },
    "done": true
  },
  "minecraft:adventure/kill_all_mobs": {
    "criteria": {
      "minecraft:spider": "2024-11-10 22:30:57 +0000",
      "minecraft:zombie": "2024-11-10 22:13:37 +0000"
    },
    "done": false
  },
  "minecraft:adventure/kill_a_mob": {
    "criteria": {
      "minecraft:zombie": "2024-11-10 22:13:37 +0000"
    },
    "done": true
  },
  "supplementaries:recipes/flower_box": {
    "criteria": {
      "has_dirt": "2024-11-10 22:15:26 +0000"
    },
    "done": true
  },
  "clutter:recipes/decorations/birch_bench": {
    "criteria": {
      "has_birch_log": "2024-11-10 22:16:16 +0000"
    },
    "done": true
  },
  "minecraft:recipes/building_blocks/birch_wood": {
    "criteria": {
      "has_log": "2024-11-10 22:16:16 +0000"
    },
    "done": true
  },
  "minecraft:recipes/building_blocks/birch_planks": {
    "criteria": {
      "has_logs": "2024-11-10 22:16:16 +0000"
    },
    "done": true
  },
  "minecraft:recipes/misc/charcoal": {
    "criteria": {
      "has_log": "2024-11-10 22:16:16 +0000"
    },
    "done": true
  },
  "clutter:recipes/decorations/birch_table": {
    "criteria": {
      "has_birch_log": "2024-11-10 22:16:16 +0000"
    },
    "done": true
  },
  "clutter:recipes/decorations/birch_short_bench": {
    "criteria": {
      "has_birch_log": "2024-11-10 22:16:16 +0000"
    },
    "done": true
  },
  "clutter:recipes/decorations/birch_chair": {
    "criteria": {
      "has_birch_log": "2024-11-10 22:16:16 +0000"
    },
    "done": true
  },
  "refurbished_furniture:recipes/misc/constructing/birch_crate": {
    "criteria": {
      "has_birch_planks": "2024-11-10 22:16:47 +0000"
    },
    "done": true
  },
  "minecraft:recipes/redstone/birch_button": {
    "criteria": {
      "has_planks": "2024-11-10 22:16:47 +0000"
    },
    "done": true
  },
  "refurbished_furniture:recipes/misc/constructing/birch_cutting_board": {
    "criteria": {
      "has_birch_planks": "2024-11-10 22:16:47 +0000"
    },
    "done": true
  },
  "refurbished_furniture:recipes/misc/constructing/birch_kitchen_sink": {
    "criteria": {
      "has_birch_planks": "2024-11-10 22:16:47 +0000"
    },
    "done": true
  },
  "minecraft:recipes/redstone/birch_door": {
    "criteria": {
      "has_planks": "2024-11-10 22:16:47 +0000"
    },
    "done": true
  },
  "minecraft:recipes/decorations/birch_fence": {
    "criteria": {
      "has_planks": "2024-11-10 22:16:47 +0000"
    },
    "done": true
  },
  "refurbished_furniture:recipes/misc/constructing/birch_kitchen_drawer": {
    "criteria": {
      "has_birch_planks": "2024-11-10 22:16:47 +0000"
    },
    "done": true
  },
  "minecraft:recipes/decorations/birch_sign": {
    "criteria": {
      "has_planks": "2024-11-10 22:16:47 +0000"
    },
    "done": true
  },
  "refurbished_furniture:recipes/misc/constructing/birch_bath": {
    "criteria": {
      "has_birch_planks": "2024-11-10 22:16:47 +0000"
    },
    "done": true
  },
  "refurbished_furniture:recipes/misc/constructing/birch_storage_cabinet": {
    "criteria": {
      "has_birch_planks": "2024-11-10 22:16:47 +0000"
    },
    "done": true
  },
  "minecraft:recipes/redstone/birch_fence_gate": {
    "criteria": {
      "has_planks": "2024-11-10 22:16:47 +0000"
    },
    "done": true
  },
  "refurbished_furniture:recipes/misc/constructing/birch_toilet": {
    "criteria": {
      "has_birch_planks": "2024-11-10 22:16:47 +0000"
    },
    "done": true
  },
  "minecraft:recipes/building_blocks/birch_slab": {
    "criteria": {
      "has_planks": "2024-11-10 22:16:47 +0000"
    },
    "done": true
  },
  "refurbished_furniture:recipes/misc/constructing/birch_lattice_fence": {
    "criteria": {
      "has_birch_planks": "2024-11-10 22:16:47 +0000"
    },
    "done": true
  },
  "supplementaries:recipes/decorations/sign_post_birch": {
    "criteria": {
      "has_planks": "2024-11-10 22:16:47 +0000"
    },
    "done": true
  },
  "minecraft:recipes/building_blocks/birch_stairs": {
    "criteria": {
      "has_planks": "2024-11-10 22:16:47 +0000"
    },
    "done": true
  },
  "refurbished_furniture:recipes/misc/constructing/birch_kitchen_cabinetry": {
    "criteria": {
      "has_birch_planks": "2024-11-10 22:16:47 +0000"
    },
    "done": true
  },
  "refurbished_furniture:recipes/misc/constructing/birch_storage_jar": {
    "criteria": {
      "has_birch_planks": "2024-11-10 22:16:47 +0000"
    },
    "done": true
  },
  "refurbished_furniture:recipes/misc/constructing/birch_light_ceiling_fan": {
    "criteria": {
      "has_birch_planks": "2024-11-10 22:16:47 +0000"
    },
    "done": true
  },
  "clutter:recipes/decorations/birch_wall_cupboard": {
    "criteria": {
      "has_birch_planks": "2024-11-10 22:16:47 +0000"
    },
    "done": true
  },
  "refurbished_furniture:recipes/misc/constructing/birch_desk": {
    "criteria": {
      "has_birch_planks": "2024-11-10 22:16:47 +0000"
    },
    "done": true
  },
  "refurbished_furniture:recipes/misc/constructing/birch_basin": {
    "criteria": {
      "has_birch_planks": "2024-11-10 22:16:47 +0000"
    },
    "done": true
  },
  "clutter:recipes/decorations/stripped_birch_chair": {
    "criteria": {
      "has_birch_planks": "2024-11-10 22:16:47 +0000"
    },
    "done": true
  },
  "refurbished_furniture:recipes/misc/constructing/birch_chair": {
    "criteria": {
      "has_birch_planks": "2024-11-10 22:16:47 +0000"
    },
    "done": true
  },
  "supplementaries:recipes/sign_post_birch": {
    "criteria": {
      "has_the_recipe": "2024-11-10 22:16:47 +0000"
    },
    "done": true
  },
  "clutter:recipes/decorations/stripped_birch_bench": {
    "criteria": {
      "has_birch_planks": "2024-11-10 22:16:47 +0000"
    },
    "done": true
  },
  "refurbished_furniture:recipes/misc/constructing/birch_drawer": {
    "criteria": {
      "has_birch_planks": "2024-11-10 22:16:47 +0000"
    },
    "done": true
  },
  "refurbished_furniture:recipes/misc/constructing/birch_table": {
    "criteria": {
      "has_birch_planks": "2024-11-10 22:16:47 +0000"
    },
    "done": true
  },
  "refurbished_furniture:recipes/misc/constructing/birch_kitchen_storage_cabinet": {
    "criteria": {
      "has_birch_planks": "2024-11-10 22:16:47 +0000"
    },
    "done": true
  },
  "minecraft:recipes/redstone/birch_trapdoor": {
    "criteria": {
      "has_planks": "2024-11-10 22:16:47 +0000"
    },
    "done": true
  },
  "refurbished_furniture:recipes/misc/constructing/birch_mail_box": {
    "criteria": {
      "has_birch_planks": "2024-11-10 22:16:47 +0000"
    },
    "done": true
  },
  "clutter:recipes/decorations/birch_cupboard": {
    "criteria": {
      "has_birch_planks": "2024-11-10 22:16:47 +0000"
    },
    "done": true
  },
  "minecraft:recipes/redstone/birch_pressure_plate": {
    "criteria": {
      "has_planks": "2024-11-10 22:16:47 +0000"
    },
    "done": true
  },
  "refurbished_furniture:recipes/misc/constructing/birch_lattice_fence_gate": {
    "criteria": {
      "has_birch_planks": "2024-11-10 22:16:47 +0000"
    },
    "done": true
  },
  "clutter:recipes/decorations/stripped_birch_table": {
    "criteria": {
      "has_birch_planks": "2024-11-10 22:16:47 +0000"
    },
    "done": true
  },
  "vc_gliders:recipes/misc/reinforced_paper_diamond": {
    "criteria": {
      "has_crafting_table": "2024-11-10 22:17:03 +0000"
    },
    "done": true
  },
  "travelersbackpack:recipes/misc/crafting_upgrade": {
    "criteria": {
      "has_crafting_table": "2024-11-10 22:17:03 +0000"
    },
    "done": true
  },
  "vc_gliders:recipes/transportation/paraglider_iron": {
    "criteria": {
      "has_crafting_table": "2024-11-10 22:17:03 +0000"
    },
    "done": true
  },
  "vc_gliders:recipes/misc/reinforced_paper": {
    "criteria": {
      "has_crafting_table": "2024-11-10 22:17:03 +0000"
    },
    "done": true
  },
  "vc_gliders:recipes/transportation/paraglider_gold": {
    "criteria": {
      "has_crafting_table": "2024-11-10 22:17:03 +0000"
    },
    "done": true
  },
  "vc_gliders:recipes/transportation/paraglider_netherite": {
    "criteria": {
      "has_crafting_table": "2024-11-10 22:17:03 +0000"
    },
    "done": true
  },
  "vc_gliders:recipes/misc/copper_upgrade": {
    "criteria": {
      "has_crafting_table": "2024-11-10 22:17:03 +0000"
    },
    "done": true
  },
  "vc_gliders:recipes/misc/nether_upgrade": {
    "criteria": {
      "has_crafting_table": "2024-11-10 22:17:03 +0000"
    },
    "done": true
  },
  "vc_gliders:recipes/transportation/paraglider_diamond": {
    "criteria": {
      "has_crafting_table": "2024-11-10 22:17:03 +0000"
    },
    "done": true
  },
  "vc_gliders:recipes/misc/reinforced_paper_gold": {
    "criteria": {
      "has_crafting_table": "2024-11-10 22:17:03 +0000"
    },
    "done": true
  },
  "vc_gliders:recipes/transportation/paraglider_wood": {
    "criteria": {
      "has_crafting_table": "2024-11-10 22:17:03 +0000"
    },
    "done": true
  },
  "dungeonnowloading:story/root": {
    "criteria": {
      "obtain_crafting_table": "2024-11-10 22:17:03 +0000"
    },
    "done": true
  },
  "vc_gliders:recipes/misc/reinforced_paper_iron": {
    "criteria": {
      "has_crafting_table": "2024-11-10 22:17:03 +0000"
    },
    "done": true
  },
  "vc_gliders:recipes/misc/reinforced_paper_netherite": {
    "criteria": {
      "has_crafting_table": "2024-11-10 22:17:03 +0000"
    },
    "done": true
  },
  "minecraft:story/root": {
    "criteria": {
      "crafting_table": "2024-11-10 22:17:03 +0000"
    },
    "done": true
  },
  "minecraft:recipes/decorations/ladder": {
    "criteria": {
      "has_stick": "2024-11-10 22:17:24 +0000"
    },
    "done": true
  },
  "refurbished_furniture:recipes/misc/constructing/crimson_lattice_fence": {
    "criteria": {
      "has_stick": "2024-11-10 22:17:24 +0000"
    },
    "done": true
  },
  "refurbished_furniture:recipes/misc/constructing/jungle_lattice_fence": {
    "criteria": {
      "has_stick": "2024-11-10 22:17:24 +0000"
    },
    "done": true
  },
  "refurbished_furniture:recipes/misc/constructing/spruce_lattice_fence_gate": {
    "criteria": {
      "has_stick": "2024-11-10 22:17:24 +0000"
    },
    "done": true
  },
  "refurbished_furniture:recipes/misc/constructing/dark_oak_lattice_fence_gate": {
    "criteria": {
      "has_stick": "2024-11-10 22:17:24 +0000"
    },
    "done": true
  },
  "supplementaries:recipes/flags/flag_orange": {
    "criteria": {
      "has_stick": "2024-11-10 22:17:24 +0000"
    },
    "done": true
  },
  "supplementaries:recipes/flags/flag_magenta": {
    "criteria": {
      "has_stick": "2024-11-10 22:17:24 +0000"
    },
    "done": true
  },
  "doggytalents:recipes/decorations/sunglasses": {
    "criteria": {
      "has_stick": "2024-11-10 22:17:24 +0000"
    },
    "done": true
  },
  "minecraft:recipes/tools/wooden_axe": {
    "criteria": {
      "has_stick": "2024-11-10 22:17:24 +0000"
    },
    "done": true
  },
  "doggytalents:recipes/decorations/giant_stick": {
    "criteria": {
      "has_stick": "2024-11-10 22:17:24 +0000"
    },
    "done": true
  },
  "supplementaries:recipes/flags/flag_pink": {
    "criteria": {
      "has_stick": "2024-11-10 22:17:24 +0000"
    },
    "done": true
  },
  "minecraft:recipes/decorations/campfire": {
    "criteria": {
      "has_stick": "2024-11-10 22:17:24 +0000"
    },
    "done": true
  },
  "refurbished_furniture:recipes/misc/constructing/dark_oak_lattice_fence": {
    "criteria": {
      "has_stick": "2024-11-10 22:17:24 +0000"
    },
    "done": true
  },
  "minecraft:recipes/tools/wooden_hoe": {
    "criteria": {
      "has_stick": "2024-11-10 22:17:24 +0000"
    },
    "done": true
  },
  "refurbished_furniture:recipes/misc/constructing/acacia_lattice_fence": {
    "criteria": {
      "has_stick": "2024-11-10 22:17:24 +0000"
    },
    "done": true
  },
  "minecraft:recipes/tools/wooden_shovel": {
    "criteria": {
      "has_stick": "2024-11-10 22:17:24 +0000"
    },
    "done": true
  },
  "supplementaries:recipes/flags/flag_black": {
    "criteria": {
      "has_stick": "2024-11-10 22:17:24 +0000"
    },
    "done": true
  },
  "minecraft:recipes/combat/wooden_sword": {
    "criteria": {
      "has_stick": "2024-11-10 22:17:24 +0000"
    },
    "done": true
  },
  "supplementaries:recipes/flags/flag_green": {
    "criteria": {
      "has_stick": "2024-11-10 22:17:24 +0000"
    },
    "done": true
  },
  "supplementaries:recipes/flags/flag_purple": {
    "criteria": {
      "has_stick": "2024-11-10 22:17:24 +0000"
    },
    "done": true
  },
  "refurbished_furniture:recipes/misc/constructing/mangrove_lattice_fence_gate": {
    "criteria": {
      "has_stick": "2024-11-10 22:17:24 +0000"
    },
    "done": true
  },
  "supplementaries:recipes/flags/flag_white": {
    "criteria": {
      "has_stick": "2024-11-10 22:17:24 +0000"
    },
    "done": true
  },
  "refurbished_furniture:recipes/misc/constructing/jungle_lattice_fence_gate": {
    "criteria": {
      "has_stick": "2024-11-10 22:17:24 +0000"
    },
    "done": true
  },
  "supplementaries:recipes/flags/flag_brown": {
    "criteria": {
      "has_stick": "2024-11-10 22:17:24 +0000"
    },
    "done": true
  },
  "supplementaries:recipes/flags/flag_gray": {
    "criteria": {
      "has_stick": "2024-11-10 22:17:24 +0000"
    },
    "done": true
  },
  "farmersdelight:recipes/combat/flint_knife": {
    "criteria": {
      "has_stick": "2024-11-10 22:17:24 +0000"
    },
    "done": true
  },
  "refurbished_furniture:recipes/misc/constructing/spruce_lattice_fence": {
    "criteria": {
      "has_stick": "2024-11-10 22:17:24 +0000"
    },
    "done": true
  },
  "refurbished_furniture:recipes/misc/constructing/crimson_lattice_fence_gate": {
    "criteria": {
      "has_stick": "2024-11-10 22:17:24 +0000"
    },
    "done": true
  },
  "supplementaries:recipes/flags/flag_light_blue": {
    "criteria": {
      "has_stick": "2024-11-10 22:17:24 +0000"
    },
    "done": true
  },
  "refurbished_furniture:recipes/misc/constructing/cherry_lattice_fence": {
    "criteria": {
      "has_stick": "2024-11-10 22:17:24 +0000"
    },
    "done": true
  },
  "supplementaries:recipes/flags/flag_blue": {
    "criteria": {
      "has_stick": "2024-11-10 22:17:24 +0000"
    },
    "done": true
  },
  "refurbished_furniture:recipes/misc/constructing/warped_lattice_fence_gate": {
    "criteria": {
      "has_stick": "2024-11-10 22:17:24 +0000"
    },
    "done": true
  },
  "minecraft:recipes/tools/wooden_pickaxe": {
    "criteria": {
      "has_stick": "2024-11-10 22:17:24 +0000"
    },
    "done": true
  },
  "supplementaries:recipes/flags/flag_cyan": {
    "criteria": {
      "has_stick": "2024-11-10 22:17:24 +0000"
    },
    "done": true
  },
  "refurbished_furniture:recipes/misc/constructing/mangrove_lattice_fence": {
    "criteria": {
      "has_stick": "2024-11-10 22:17:24 +0000"
    },
    "done": true
  },
  "refurbished_furniture:recipes/misc/constructing/cherry_lattice_fence_gate": {
    "criteria": {
      "has_stick": "2024-11-10 22:17:24 +0000"
    },
    "done": true
  },
  "supplementaries:recipes/flags/flag_yellow": {
    "criteria": {
      "has_stick": "2024-11-10 22:17:24 +0000"
    },
    "done": true
  },
  "supplementaries:recipes/flags/flag_light_gray": {
    "criteria": {
      "has_stick": "2024-11-10 22:17:24 +0000"
    },
    "done": true
  },
  "refurbished_furniture:recipes/misc/constructing/acacia_lattice_fence_gate": {
    "criteria": {
      "has_stick": "2024-11-10 22:17:24 +0000"
    },
    "done": true
  },
  "supplementaries:recipes/flags/flag_red": {
    "criteria": {
      "has_stick": "2024-11-10 22:17:24 +0000"
    },
    "done": true
  },
  "farmersdelight:recipes/decorations/cutting_board": {
    "criteria": {
      "has_stick": "2024-11-10 22:17:24 +0000"
    },
    "done": true
  },
  "refurbished_furniture:recipes/misc/constructing/warped_lattice_fence": {
    "criteria": {
      "has_stick": "2024-11-10 22:17:24 +0000"
    },
    "done": true
  },
  "supplementaries:recipes/flags/flag_lime": {
    "criteria": {
      "has_stick": "2024-11-10 22:17:24 +0000"
    },
    "done": true
  },
  "minecraft:recipes/decorations/snow": {
    "criteria": {
      "has_snowball": "2024-11-10 22:17:41 +0000"
    },
    "done": true
  },
  "travelersbackpack:recipes/misc/snow": {
    "criteria": {
      "has_snowball": "2024-11-10 22:17:41 +0000"
    },
    "done": true
  },
  "minecraft:recipes/building_blocks/snow_block": {
    "criteria": {
      "has_snowball": "2024-11-10 22:17:41 +0000"
    },
    "done": true
  },
  "minecraft:recipes/building_blocks/polished_diorite": {
    "criteria": {
      "has_diorite": "2024-11-10 22:17:49 +0000"
    },
    "done": true
  },
  "minecraft:recipes/building_blocks/polished_diorite_stairs_from_diorite_stonecutting": {
    "criteria": {
      "has_diorite": "2024-11-10 22:17:49 +0000"
    },
    "done": true
  },
  "minecraft:recipes/building_blocks/diorite_stairs_from_diorite_stonecutting": {
    "criteria": {
      "has_diorite": "2024-11-10 22:17:49 +0000"
    },
    "done": true
  },
  "minecraft:recipes/building_blocks/andesite": {
    "criteria": {
      "has_stone": "2024-11-10 22:17:49 +0000"
    },
    "done": true
  },
  "minecraft:recipes/building_blocks/polished_diorite_slab_from_diorite_stonecutting": {
    "criteria": {
      "has_diorite": "2024-11-10 22:17:49 +0000"
    },
    "done": true
  },
  "minecraft:recipes/building_blocks/diorite_slab": {
    "criteria": {
      "has_diorite": "2024-11-10 22:17:49 +0000"
    },
    "done": true
  },
  "refurbished_furniture:recipes/misc/constructing/diorite_stepping_stones": {
    "criteria": {
      "has_diorite": "2024-11-10 22:17:49 +0000"
    },
    "done": true
  },
  "minecraft:recipes/decorations/diorite_wall": {
    "criteria": {
      "has_diorite": "2024-11-10 22:17:49 +0000"
    },
    "done": true
  },
  "minecraft:recipes/decorations/diorite_wall_from_diorite_stonecutting": {
    "criteria": {
      "has_diorite": "2024-11-10 22:17:49 +0000"
    },
    "done": true
  },
  "minecraft:recipes/building_blocks/polished_diorite_from_diorite_stonecutting": {
    "criteria": {
      "has_diorite": "2024-11-10 22:17:49 +0000"
    },
    "done": true
  },
  "minecraft:recipes/building_blocks/diorite_slab_from_diorite_stonecutting": {
    "criteria": {
      "has_diorite": "2024-11-10 22:17:49 +0000"
    },
    "done": true
  },
  "minecraft:recipes/building_blocks/diorite_stairs": {
    "criteria": {
      "has_diorite": "2024-11-10 22:17:49 +0000"
    },
    "done": true
  },
  "assortedtools:recipes/tools/stone_hammer": {
    "criteria": {
      "has_item": "2024-11-10 22:17:52 +0000"
    },
    "done": true
  },
  "minecraft:story/mine_stone": {
    "criteria": {
      "get_stone": "2024-11-10 22:17:52 +0000"
    },
    "done": true
  },
  "minecraft:recipes/decorations/furnace": {
    "criteria": {
      "has_cobblestone": "2024-11-10 22:17:52 +0000"
    },
    "done": true
  },
  "minecraft:recipes/building_blocks/cobblestone_slab_from_cobblestone_stonecutting": {
    "criteria": {
      "has_cobblestone": "2024-11-10 22:17:52 +0000"
    },
    "done": true
  },
  "minecraft:recipes/building_blocks/stone": {
    "criteria": {
      "has_cobblestone": "2024-11-10 22:17:52 +0000"
    },
    "done": true
  },
  "assortedtools:recipes/tools/stone_shears_alt": {
    "criteria": {
      "has_item": "2024-11-10 22:17:52 +0000"
    },
    "done": true
  },
  "minecraft:recipes/tools/stone_pickaxe": {
    "criteria": {
      "has_cobblestone": "2024-11-10 22:17:52 +0000"
    },
    "done": true
  },
  "assortedtools:recipes/tools/stone_multitool": {
    "criteria": {
      "has_item": "2024-11-10 22:17:52 +0000"
    },
    "done": true
  },
  "minecraft:recipes/building_blocks/cobblestone_slab": {
    "criteria": {
      "has_cobblestone": "2024-11-10 22:17:52 +0000"
    },
    "done": true
  },
  "minecraft:recipes/decorations/cobblestone_wall_from_cobblestone_stonecutting": {
    "criteria": {
      "has_cobblestone": "2024-11-10 22:17:52 +0000"
    },
    "done": true
  },
  "assortedtools:recipes/combat/stone_spear": {
    "criteria": {
      "has_item": "2024-11-10 22:17:52 +0000"
    },
    "done": true
  },
  "assortedtools:recipes/tools/stone_shears": {
    "criteria": {
      "has_item": "2024-11-10 22:17:52 +0000"
    },
    "done": true
  },
  "minecraft:recipes/building_blocks/cobblestone_stairs": {
    "criteria": {
      "has_cobblestone": "2024-11-10 22:17:52 +0000"
    },
    "done": true
  },
  "minecraft:recipes/tools/stone_shovel": {
    "criteria": {
      "has_cobblestone": "2024-11-10 22:17:52 +0000"
    },
    "done": true
  },
  "minecraft:recipes/redstone/lever": {
    "criteria": {
      "has_cobblestone": "2024-11-10 22:17:52 +0000"
    },
    "done": true
  },
  "minecraft:recipes/combat/stone_sword": {
    "criteria": {
      "has_cobblestone": "2024-11-10 22:17:52 +0000"
    },
    "done": true
  },
  "minecraft:recipes/decorations/cobblestone_wall": {
    "criteria": {
      "has_cobblestone": "2024-11-10 22:17:52 +0000"
    },
    "done": true
  },
  "minecraft:recipes/tools/stone_axe": {
    "criteria": {
      "has_cobblestone": "2024-11-10 22:17:52 +0000"
    },
    "done": true
  },
  "assortedtools:recipes/combat/stone_spear_alt": {
    "criteria": {
      "has_item": "2024-11-10 22:17:52 +0000"
    },
    "done": true
  },
  "supplementaries:recipes/checker": {
    "criteria": {
      "has_cobblestone": "2024-11-10 22:17:52 +0000"
    },
    "done": true
  },
  "minecraft:recipes/building_blocks/cobblestone_stairs_from_cobblestone_stonecutting": {
    "criteria": {
      "has_cobblestone": "2024-11-10 22:17:52 +0000"
    },
    "done": true
  },
  "minecraft:recipes/tools/stone_hoe": {
    "criteria": {
      "has_cobblestone": "2024-11-10 22:17:52 +0000"
    },
    "done": true
  },
  "assortedtools:recipes/tools/stone_bucket": {
    "criteria": {
      "has_item": "2024-11-10 22:17:52 +0000"
    },
    "done": true
  },
  "minecraft:recipes/decorations/torch": {
    "criteria": {
      "has_stone_pickaxe": "2024-11-10 22:18:41 +0000"
    },
    "done": true
  },
  "minecraft:story/upgrade_tools": {
    "criteria": {
      "stone_pickaxe": "2024-11-10 22:18:41 +0000"
    },
    "done": true
  },
  "clutter:recipes/decorations/spruce_table": {
    "criteria": {
      "has_spruce_log": "2024-11-10 22:21:25 +0000"
    },
    "done": true
  },
  "clutter:recipes/decorations/spruce_chair": {
    "criteria": {
      "has_spruce_log": "2024-11-10 22:21:25 +0000"
    },
    "done": true
  },
  "minecraft:recipes/building_blocks/spruce_wood": {
    "criteria": {
      "has_log": "2024-11-10 22:21:25 +0000"
    },
    "done": true
  },
  "clutter:recipes/decorations/spruce_bench": {
    "criteria": {
      "has_spruce_log": "2024-11-10 22:21:25 +0000"
    },
    "done": true
  },
  "minecraft:recipes/building_blocks/spruce_planks": {
    "criteria": {
      "has_logs": "2024-11-10 22:21:25 +0000"
    },
    "done": true
  },
  "clutter:recipes/decorations/spruce_short_bench": {
    "criteria": {
      "has_spruce_log": "2024-11-10 22:21:25 +0000"
    },
    "done": true
  },
  "farmersdelight:recipes/cooking/stuffed_pumpkin_block": {
    "criteria": {
      "has_pumpkin": "2024-11-10 22:23:39 +0000"
    },
    "done": true
  },
  "travelersbackpack:recipes/misc/pumpkin": {
    "criteria": {
      "has_pumpkin": "2024-11-10 22:23:39 +0000"
    },
    "done": true
  },
  "minecraft:recipes/food/pumpkin_pie": {
    "criteria": {
      "has_pumpkin": "2024-11-10 22:23:39 +0000"
    },
    "done": true
  },
  "minecraft:recipes/misc/pumpkin_seeds": {
    "criteria": {
      "has_pumpkin": "2024-11-10 22:23:39 +0000"
    },
    "done": true
  },
  "farmersdelight:recipes/cooking/pumpkin_soup": {
    "criteria": {
      "has_any_ingredient": "2024-11-10 22:23:39 +0000"
    },
    "done": true
  },
  "refurbished_furniture:recipes/misc/slicing/pumpkin_seeds_from_pumpkin": {
    "criteria": {
      "has_pumpkin": "2024-11-10 22:23:39 +0000"
    },
    "done": true
  },
  "naturalist:recipes/food/cooked_bass": {
    "criteria": {
      "has_bass": "2024-11-10 22:24:07 +0000"
    },
    "done": true
  },
  "majruszsdifficulty:recipes/misc/bandage": {
    "criteria": {
      "has_string": "2024-11-10 22:30:58 +0000"
    },
    "done": true
  },
  "refurbished_furniture:recipes/misc/spatula": {
    "criteria": {
      "has_string": "2024-11-10 22:30:58 +0000"
    },
    "done": true
  },
  "doggytalents:recipes/decorations/pianist_suit": {
    "criteria": {
      "has_string": "2024-11-10 22:30:58 +0000"
    },
    "done": true
  },
  "doggytalents:recipes/decorations/bowtie": {
    "criteria": {
      "has_string": "2024-11-10 22:30:58 +0000"
    },
    "done": true
  },
  "refurbished_furniture:recipes/misc/constructing/orange_trampoline": {
    "criteria": {
      "has_string": "2024-11-10 22:30:58 +0000"
    },
    "done": true
  },
  "refurbished_furniture:recipes/misc/constructing/cyan_trampoline": {
    "criteria": {
      "has_string": "2024-11-10 22:30:58 +0000"
    },
    "done": true
  },
  "refurbished_furniture:recipes/misc/constructing/brown_trampoline": {
    "criteria": {
      "has_string": "2024-11-10 22:30:58 +0000"
    },
    "done": true
  },
  "minecraft:recipes/redstone/tripwire_hook": {
    "criteria": {
      "has_string": "2024-11-10 22:30:58 +0000"
    },
    "done": true
  },
  "supplementaries:recipes/bomb": {
    "criteria": {
      "has_string": "2024-11-10 22:30:58 +0000"
    },
    "done": true
  },
  "refurbished_furniture:recipes/misc/constructing/light_blue_trampoline": {
    "criteria": {
      "has_string": "2024-11-10 22:30:58 +0000"
    },
    "done": true
  },
  "doggytalents:recipes/decorations/wig": {
    "criteria": {
      "has_string": "2024-11-10 22:30:58 +0000"
    },
    "done": true
  },
  "minecraft:recipes/decorations/candle": {
    "criteria": {
      "has_string": "2024-11-10 22:30:58 +0000"
    },
    "done": true
  },
  "clutter:recipes/misc/butterfly_wings": {
    "criteria": {
      "has_string": "2024-11-10 22:30:58 +0000"
    },
    "done": true
  },
  "doggytalents:recipes/decorations/locator_orb_shin": {
    "criteria": {
      "has_string": "2024-11-10 22:30:58 +0000"
    },
    "done": true
  },
  "refurbished_furniture:recipes/misc/constructing/red_trampoline": {
    "criteria": {
      "has_string": "2024-11-10 22:30:58 +0000"
    },
    "done": true
  },
  "refurbished_furniture:recipes/misc/constructing/blue_trampoline": {
    "criteria": {
      "has_string": "2024-11-10 22:30:58 +0000"
    },
    "done": true
  },
  "doggytalents:recipes/decorations/bach_wig": {
    "criteria": {
      "has_string": "2024-11-10 22:30:58 +0000"
    },
    "done": true
  },
  "doggytalents:recipes/decorations/wool_collar": {
    "criteria": {
      "has_string": "2024-11-10 22:30:58 +0000"
    },
    "done": true
  },
  "doggytalents:recipes/misc/gender_bone": {
    "criteria": {
      "has_string": "2024-11-10 22:30:58 +0000"
    },
    "done": true
  },
  "refurbished_furniture:recipes/misc/constructing/white_trampoline": {
    "criteria": {
      "has_string": "2024-11-10 22:30:58 +0000"
    },
    "done": true
  },
  "supplementaries:recipes/slingshot": {
    "criteria": {
      "has_string": "2024-11-10 22:30:58 +0000"
    },
    "done": true
  },
  "minecraft:recipes/combat/crossbow": {
    "criteria": {
      "has_string": "2024-11-10 22:30:58 +0000"
    },
    "done": true
  },
  "supplementaries:recipes/sack": {
    "criteria": {
      "has_string": "2024-11-10 22:30:58 +0000"
    },
    "done": true
  },
  "refurbished_furniture:recipes/misc/constructing/yellow_trampoline": {
    "criteria": {
      "has_string": "2024-11-10 22:30:58 +0000"
    },
    "done": true
  },
  "doggytalents:recipes/decorations/locator_orb_dyable": {
    "criteria": {
      "has_string": "2024-11-10 22:30:58 +0000"
    },
    "done": true
  },
  "refurbished_furniture:recipes/misc/constructing/magenta_trampoline": {
    "criteria": {
      "has_string": "2024-11-10 22:30:58 +0000"
    },
    "done": true
  },
  "refurbished_furniture:recipes/misc/constructing/gray_trampoline": {
    "criteria": {
      "has_string": "2024-11-10 22:30:58 +0000"
    },
    "done": true
  },
  "minecraft:recipes/combat/bow": {
    "criteria": {
      "has_string": "2024-11-10 22:30:58 +0000"
    },
    "done": true
  },
  "doggytalents:recipes/decorations/guard_suit": {
    "criteria": {
      "has_string": "2024-11-10 22:30:58 +0000"
    },
    "done": true
  },
  "minecraft:recipes/tools/fishing_rod": {
    "criteria": {
      "has_string": "2024-11-10 22:30:58 +0000"
    },
    "done": true
  },
  "refurbished_furniture:recipes/misc/constructing/light_gray_trampoline": {
    "criteria": {
      "has_string": "2024-11-10 22:30:58 +0000"
    },
    "done": true
  },
  "refurbished_furniture:recipes/misc/constructing/green_trampoline": {
    "criteria": {
      "has_string": "2024-11-10 22:30:58 +0000"
    },
    "done": true
  },
  "refurbished_furniture:recipes/misc/constructing/lime_trampoline": {
    "criteria": {
      "has_string": "2024-11-10 22:30:58 +0000"
    },
    "done": true
  },
  "doggytalents:recipes/decorations/locator_orb_rei": {
    "criteria": {
      "has_string": "2024-11-10 22:30:58 +0000"
    },
    "done": true
  },
  "travelersbackpack:recipes/misc/spider": {
    "criteria": {
      "has_string": "2024-11-10 22:30:58 +0000"
    },
    "done": true
  },
  "refurbished_furniture:recipes/misc/constructing/black_trampoline": {
    "criteria": {
      "has_string": "2024-11-10 22:30:58 +0000"
    },
    "done": true
  },
  "doggytalents:recipes/decorations/wool_collar_thicc": {
    "criteria": {
      "has_string": "2024-11-10 22:30:58 +0000"
    },
    "done": true
  },
  "refurbished_furniture:recipes/misc/knife": {
    "criteria": {
      "has_string": "2024-11-10 22:30:58 +0000"
    },
    "done": true
  },
  "doggytalents:recipes/tools/empty_locator_orb": {
    "criteria": {
      "has_string": "2024-11-10 22:30:58 +0000"
    },
    "done": true
  },
  "refurbished_furniture:recipes/misc/wrench": {
    "criteria": {
      "has_string": "2024-11-10 22:30:58 +0000"
    },
    "done": true
  },
  "doggytalents:recipes/decorations/tengu_mask": {
    "criteria": {
      "has_string": "2024-11-10 22:30:58 +0000"
    },
    "done": true
  },
  "refurbished_furniture:recipes/misc/constructing/pink_trampoline": {
    "criteria": {
      "has_string": "2024-11-10 22:30:58 +0000"
    },
    "done": true
  },
  "doggytalents:recipes/decorations/locator_orb_jin": {
    "criteria": {
      "has_string": "2024-11-10 22:30:58 +0000"
    },
    "done": true
  },
  "doggytalents:recipes/decorations/kitsune_mask": {
    "criteria": {
      "has_string": "2024-11-10 22:30:58 +0000"
    },
    "done": true
  },
  "minecraft:recipes/building_blocks/white_wool_from_string": {
    "criteria": {
      "has_string": "2024-11-10 22:30:58 +0000"
    },
    "done": true
  },
  "doggytalents:recipes/decorations/locator_orb_chu": {
    "criteria": {
      "has_string": "2024-11-10 22:30:58 +0000"
    },
    "done": true
  },
  "doggytalents:recipes/decorations/locator_orb_chi": {
    "criteria": {
      "has_string": "2024-11-10 22:30:58 +0000"
    },
    "done": true
  },
  "doggytalents:recipes/decorations/locator_orb_tei": {
    "criteria": {
      "has_string": "2024-11-10 22:30:58 +0000"
    },
    "done": true
  },
  "doggytalents:recipes/decorations/locator_orb_ko": {
    "criteria": {
      "has_string": "2024-11-10 22:30:58 +0000"
    },
    "done": true
  },
  "refurbished_furniture:recipes/misc/constructing/purple_trampoline": {
    "criteria": {
      "has_string": "2024-11-10 22:30:58 +0000"
    },
    "done": true
  },
  "minecraft:recipes/decorations/loom": {
    "criteria": {
      "has_string": "2024-11-10 22:30:58 +0000"
    },
    "done": true
  },
  "doggytalents:recipes/decorations/locator_orb_gi": {
    "criteria": {
      "has_string": "2024-11-10 22:30:58 +0000"
    },
    "done": true
  },
  "refurbished_furniture:recipes/misc/slicing/brown_dye_from_rotten_flesh": {
    "criteria": {
      "has_rotten_flesh": "2024-11-10 22:31:47 +0000"
    },
    "done": true
  },
  "farmersdelight:recipes/cooking/dog_food": {
    "criteria": {
      "has_any_ingredient": "2024-11-10 22:31:47 +0000"
    },
    "done": true
  },
  "farmersdelight:recipes/building_blocks/organic_compost_from_rotten_flesh": {
    "criteria": {
      "has_rotten_flesh": "2024-11-10 22:31:47 +0000"
    },
    "done": true
  },
  "travelersbackpack:recipes/misc/coal": {
    "criteria": {
      "has_coal": "2024-11-10 22:32:34 +0000"
    },
    "done": true
  },
  "minecraft:recipes/building_blocks/coal_block": {
    "criteria": {
      "has_coal": "2024-11-10 22:32:34 +0000"
    },
    "done": true
  },
  "minecraft:recipes/food/dried_kelp_from_smoking": {
    "criteria": {
      "has_kelp": "2024-11-10 22:38:09 +0000"
    },
    "done": true
  },
  "minecraft:recipes/food/dried_kelp_from_smelting": {
    "criteria": {
      "has_kelp": "2024-11-10 22:38:09 +0000"
    },
    "done": true
  },
  "minecraft:recipes/food/dried_kelp_from_campfire_cooking": {
    "criteria": {
      "has_kelp": "2024-11-10 22:38:09 +0000"
    },
    "done": true
  },
  "farmersdelight:recipes/cooking/rabbit_stew": {
    "criteria": {
      "has_any_ingredient": "2024-11-10 22:39:21 +0000"
    },
    "done": true
  },
  "farmersdelight:recipes/cooking/chicken_soup": {
    "criteria": {
      "has_any_ingredient": "2024-11-10 22:39:21 +0000"
    },
    "done": true
  },
  "farmersdelight:recipes/cooking/vegetable_noodles": {
    "criteria": {
      "has_any_ingredient": "2024-11-10 22:39:21 +0000"
    },
    "done": true
  },
  "farmersdelight:recipes/cooking/fried_rice": {
    "criteria": {
      "has_any_ingredient": "2024-11-10 22:39:21 +0000"
    },
    "done": true
  },
  "farmersdelight:recipes/cooking/beef_stew": {
    "criteria": {
      "has_any_ingredient": "2024-11-10 22:39:21 +0000"
    },
    "done": true
  },
  "minecraft:recipes/transportation/carrot_on_a_stick": {
    "criteria": {
      "has_carrot": "2024-11-10 22:39:21 +0000"
    },
    "done": true
  },
  "farmersdelight:recipes/cooking/vegetable_soup": {
    "criteria": {
      "has_any_ingredient": "2024-11-10 22:39:21 +0000"
    },
    "done": true
  },
  "iceandfire:recipes/tools/silver_ingot_from_smelting_raw_silver": {
    "criteria": {
      "has_raw_silver": "2024-11-10 22:42:24 +0000"
    },
    "done": true
  },
  "iceandfire:recipes/building_blocks/raw_silver_to_raw_silver_block": {
    "criteria": {
      "has_raw_silver": "2024-11-10 22:42:24 +0000"
    },
    "done": true
  },
  "iceandfire:recipes/tools/silver_ingot_from_blasting_raw_silver": {
    "criteria": {
      "has_raw_silver": "2024-11-10 22:42:24 +0000"
    },
    "done": true
  },
  "minecraft:recipes/misc/copper_ingot_from_blasting_raw_copper": {
    "criteria": {
      "has_raw_copper": "2024-11-10 22:45:53 +0000"
    },
    "done": true
  },
  "minecraft:recipes/building_blocks/raw_copper_block": {
    "criteria": {
      "has_raw_copper": "2024-11-10 22:45:53 +0000"
    },
    "done": true
  },
  "minecraft:recipes/misc/copper_ingot_from_smelting_raw_copper": {
    "criteria": {
      "has_raw_copper": "2024-11-10 22:45:53 +0000"
    },
    "done": true
  },
  "assortedtools:recipes/tools/copper_axe": {
    "criteria": {
      "has_item": "2024-11-10 22:49:05 +0000"
    },
    "done": true
  },
  "refurbished_furniture:recipes/misc/constructing/spruce_kitchen_sink": {
    "criteria": {
      "has_copper_ingot": "2024-11-10 22:49:05 +0000"
    },
    "done": true
  },
  "refurbished_furniture:recipes/misc/constructing/dark_oak_toilet": {
    "criteria": {
      "has_copper_ingot": "2024-11-10 22:49:05 +0000"
    },
    "done": true
  },
  "refurbished_furniture:recipes/misc/constructing/cherry_bath": {
    "criteria": {
      "has_copper_ingot": "2024-11-10 22:49:05 +0000"
    },
    "done": true
  },
  "refurbished_furniture:recipes/misc/constructing/acacia_bath": {
    "criteria": {
      "has_copper_ingot": "2024-11-10 22:49:05 +0000"
    },
    "done": true
  },
  "refurbished_furniture:recipes/misc/constructing/warped_kitchen_sink": {
    "criteria": {
      "has_copper_ingot": "2024-11-10 22:49:05 +0000"
    },
    "done": true
  },
  "refurbished_furniture:recipes/misc/constructing/crimson_toilet": {
    "criteria": {
      "has_copper_ingot": "2024-11-10 22:49:05 +0000"
    },
    "done": true
  },
  "assortedtools:recipes/combat/copper_sword": {
    "criteria": {
      "has_item": "2024-11-10 22:49:05 +0000"
    },
    "done": true
  },
  "assortedtools:recipes/tools/copper_shears": {
    "criteria": {
      "has_item": "2024-11-10 22:49:05 +0000"
    },
    "done": true
  },
  "assortedtools:recipes/tools/copper_shovel": {
    "criteria": {
      "has_item": "2024-11-10 22:49:05 +0000"
    },
    "done": true
  },
  "minecraft:recipes/redstone/lightning_rod": {
    "criteria": {
      "has_copper_ingot": "2024-11-10 22:49:05 +0000"
    },
    "done": true
  },
  "refurbished_furniture:recipes/misc/constructing/spruce_bath": {
    "criteria": {
      "has_copper_ingot": "2024-11-10 22:49:05 +0000"
    },
    "done": true
  },
  "refurbished_furniture:recipes/misc/constructing/dark_oak_kitchen_sink": {
    "criteria": {
      "has_copper_ingot": "2024-11-10 22:49:05 +0000"
    },
    "done": true
  },
  "supplementaries:recipes/cog_block": {
    "criteria": {
      "has_copper_ingot": "2024-11-10 22:49:05 +0000"
    },
    "done": true
  },
  "refurbished_furniture:recipes/misc/constructing/crimson_basin": {
    "criteria": {
      "has_copper_ingot": "2024-11-10 22:49:05 +0000"
    },
    "done": true
  },
  "assortedtools:recipes/tools/copper_hoe": {
    "criteria": {
      "has_item": "2024-11-10 22:49:05 +0000"
    },
    "done": true
  },
  "supplementaries:recipes/wrench": {
    "criteria": {
      "has_copper_ingot": "2024-11-10 22:49:05 +0000"
    },
    "done": true
  },
  "refurbished_furniture:recipes/misc/constructing/mangrove_toilet": {
    "criteria": {
      "has_copper_ingot": "2024-11-10 22:49:05 +0000"
    },
    "done": true
  },
  "assortedtools:recipes/tools/copper_pickaxe": {
    "criteria": {
      "has_item": "2024-11-10 22:49:05 +0000"
    },
    "done": true
  },
  "minecraft:recipes/building_blocks/copper_block": {
    "criteria": {
      "has_copper_ingot": "2024-11-10 22:49:05 +0000"
    },
    "done": true
  },
  "refurbished_furniture:recipes/misc/constructing/warped_bath": {
    "criteria": {
      "has_copper_ingot": "2024-11-10 22:49:05 +0000"
    },
    "done": true
  },
  "refurbished_furniture:recipes/misc/constructing/acacia_basin": {
    "criteria": {
      "has_copper_ingot": "2024-11-10 22:49:05 +0000"
    },
    "done": true
  },
  "minecraft:recipes/tools/brush": {
    "criteria": {
      "has_copper_ingot": "2024-11-10 22:49:05 +0000"
    },
    "done": true
  },
  "refurbished_furniture:recipes/misc/constructing/acacia_kitchen_sink": {
    "criteria": {
      "has_copper_ingot": "2024-11-10 22:49:05 +0000"
    },
    "done": true
  },
  "doggytalents:recipes/decorations/soul_reflector": {
    "criteria": {
      "has_copper_ingot": "2024-11-10 22:49:05 +0000"
    },
    "done": true
  },
  "assortedtools:recipes/combat/copper_helmet": {
    "criteria": {
      "has_item": "2024-11-10 22:49:05 +0000"
    },
    "done": true
  },
  "refurbished_furniture:recipes/misc/constructing/jungle_kitchen_sink": {
    "criteria": {
      "has_copper_ingot": "2024-11-10 22:49:05 +0000"
    },
    "done": true
  },
  "assortedtools:recipes/tools/copper_multitool": {
    "criteria": {
      "has_item": "2024-11-10 22:49:05 +0000"
    },
    "done": true
  },
  "refurbished_furniture:recipes/misc/constructing/jungle_toilet": {
    "criteria": {
      "has_copper_ingot": "2024-11-10 22:49:05 +0000"
    },
    "done": true
  },
  "refurbished_furniture:recipes/misc/constructing/acacia_toilet": {
    "criteria": {
      "has_copper_ingot": "2024-11-10 22:49:05 +0000"
    },
    "done": true
  },
  "refurbished_furniture:recipes/misc/constructing/mangrove_bath": {
    "criteria": {
      "has_copper_ingot": "2024-11-10 22:49:05 +0000"
    },
    "done": true
  },
  "refurbished_furniture:recipes/misc/constructing/light_fridge": {
    "criteria": {
      "has_copper_ingot": "2024-11-10 22:49:05 +0000"
    },
    "done": true
  },
  "refurbished_furniture:recipes/misc/constructing/jungle_bath": {
    "criteria": {
      "has_copper_ingot": "2024-11-10 22:49:05 +0000"
    },
    "done": true
  },
  "assortedtools:recipes/combat/copper_leggings": {
    "criteria": {
      "has_item": "2024-11-10 22:49:05 +0000"
    },
    "done": true
  },
  "assortedtools:recipes/tools/copper_hoe_alt": {
    "criteria": {
      "has_item": "2024-11-10 22:49:05 +0000"
    },
    "done": true
  },
  "assortedtools:recipes/tools/copper_axe_alt": {
    "criteria": {
      "has_item": "2024-11-10 22:49:05 +0000"
    },
    "done": true
  },
  "refurbished_furniture:recipes/misc/constructing/dark_oak_basin": {
    "criteria": {
      "has_copper_ingot": "2024-11-10 22:49:05 +0000"
    },
    "done": true
  },
  "refurbished_furniture:recipes/misc/constructing/cherry_basin": {
    "criteria": {
      "has_copper_ingot": "2024-11-10 22:49:05 +0000"
    },
    "done": true
  },
  "assortedtools:recipes/combat/copper_chestplate": {
    "criteria": {
      "has_item": "2024-11-10 22:49:05 +0000"
    },
    "done": true
  },
  "refurbished_furniture:recipes/misc/constructing/computer": {
    "criteria": {
      "has_copper_ingot": "2024-11-10 22:49:05 +0000"
    },
    "done": true
  },
  "assortedtools:recipes/tools/copper_hammer": {
    "criteria": {
      "has_item": "2024-11-10 22:49:05 +0000"
    },
    "done": true
  },
  "refurbished_furniture:recipes/misc/constructing/mangrove_basin": {
    "criteria": {
      "has_copper_ingot": "2024-11-10 22:49:05 +0000"
    },
    "done": true
  },
  "assortedtools:recipes/combat/copper_spear_alt": {
    "criteria": {
      "has_item": "2024-11-10 22:49:05 +0000"
    },
    "done": true
  },
  "refurbished_furniture:recipes/misc/constructing/dark_oak_bath": {
    "criteria": {
      "has_copper_ingot": "2024-11-10 22:49:05 +0000"
    },
    "done": true
  },
  "refurbished_furniture:recipes/misc/constructing/crimson_bath": {
    "criteria": {
      "has_copper_ingot": "2024-11-10 22:49:05 +0000"
    },
    "done": true
  },
  "refurbished_furniture:recipes/misc/constructing/mangrove_kitchen_sink": {
    "criteria": {
      "has_copper_ingot": "2024-11-10 22:49:05 +0000"
    },
    "done": true
  },
  "refurbished_furniture:recipes/misc/constructing/warped_basin": {
    "criteria": {
      "has_copper_ingot": "2024-11-10 22:49:05 +0000"
    },
    "done": true
  },
  "clutter:recipes/building_blocks/aquatic_torch": {
    "criteria": {
      "has_copper_ingot": "2024-11-10 22:49:05 +0000"
    },
    "done": true
  },
  "refurbished_furniture:recipes/misc/constructing/spruce_toilet": {
    "criteria": {
      "has_copper_ingot": "2024-11-10 22:49:05 +0000"
    },
    "done": true
  },
  "refurbished_furniture:recipes/misc/constructing/crimson_kitchen_sink": {
    "criteria": {
      "has_copper_ingot": "2024-11-10 22:49:05 +0000"
    },
    "done": true
  },
  "refurbished_furniture:recipes/misc/constructing/television": {
    "criteria": {
      "has_copper_ingot": "2024-11-10 22:49:05 +0000"
    },
    "done": true
  },
  "assortedtools:recipes/combat/copper_spear": {
    "criteria": {
      "has_item": "2024-11-10 22:49:05 +0000"
    },
    "done": true
  },
  "refurbished_furniture:recipes/misc/constructing/spruce_basin": {
    "criteria": {
      "has_copper_ingot": "2024-11-10 22:49:05 +0000"
    },
    "done": true
  },
  "refurbished_furniture:recipes/misc/constructing/jungle_basin": {
    "criteria": {
      "has_copper_ingot": "2024-11-10 22:49:05 +0000"
    },
    "done": true
  },
  "supplementaries:recipes/altimeter": {
    "criteria": {
      "has_copper_ingot": "2024-11-10 22:49:05 +0000"
    },
    "done": true
  },
  "assortedtools:recipes/tools/copper_bucket": {
    "criteria": {
      "has_item": "2024-11-10 22:49:05 +0000"
    },
    "done": true
  },
  "doggytalents:recipes/decorations/divine_retribution": {
    "criteria": {
      "has_copper_ingot": "2024-11-10 22:49:05 +0000"
    },
    "done": true
  },
  "refurbished_furniture:recipes/misc/constructing/cherry_toilet": {
    "criteria": {
      "has_copper_ingot": "2024-11-10 22:49:05 +0000"
    },
    "done": true
  },
  "assortedtools:recipes/combat/copper_boots": {
    "criteria": {
      "has_item": "2024-11-10 22:49:05 +0000"
    },
    "done": true
  },
  "refurbished_furniture:recipes/misc/constructing/cherry_kitchen_sink": {
    "criteria": {
      "has_copper_ingot": "2024-11-10 22:49:05 +0000"
    },
    "done": true
  },
  "assortedtools:recipes/tools/copper_shears_alt": {
    "criteria": {
      "has_item": "2024-11-10 22:49:05 +0000"
    },
    "done": true
  },
  "refurbished_furniture:recipes/misc/constructing/warped_toilet": {
    "criteria": {
      "has_copper_ingot": "2024-11-10 22:49:05 +0000"
    },
    "done": true
  },
  "iceandfire:recipes/combat/armor_copper_metal_chestplate": {
    "criteria": {
      "has_the_recipe": "2024-11-10 22:50:27 +0000"
    },
    "done": true
  },
  "refurbished_furniture:recipes/misc/slicing/black_dye_from_dried_kelp": {
    "criteria": {
      "has_dried_kelp": "2024-11-10 22:51:40 +0000"
    },
    "done": true
  },
  "farmersdelight:recipes/food/kelp_roll": {
    "criteria": {
      "has_dried_kelp": "2024-11-10 22:51:40 +0000"
    },
    "done": true
  },
  "farmersdelight:recipes/cooking/noodle_soup": {
    "criteria": {
      "has_any_ingredient": "2024-11-10 22:51:40 +0000"
    },
    "done": true
  },
  "minecraft:recipes/building_blocks/dried_kelp_block": {
    "criteria": {
      "has_dried_kelp": "2024-11-10 22:51:40 +0000"
    },
    "done": true
  },
  "iceandfire:recipes/combat/armor_copper_metal_helmet": {
    "criteria": {
      "has_the_recipe": "2024-11-10 22:53:37 +0000"
    },
    "done": true
  },
  "iceandfire:recipes/combat/armor_copper_metal_boots": {
    "criteria": {
      "has_the_recipe": "2024-11-10 22:54:45 +0000"
    },
    "done": true
  },
  "clutter:recipes/misc/cardboard_box": {
    "criteria": {
      "has_chest": "2024-11-10 22:57:26 +0000"
    },
    "done": true
  },
  "travelersbackpack:recipes/misc/standard": {
    "criteria": {
      "has_chest": "2024-11-10 22:57:26 +0000"
    },
    "done": true
  },
  "travelersbackpack:recipes/misc/blank_upgrade": {
    "criteria": {
      "has_chest": "2024-11-10 22:57:26 +0000"
    },
    "done": true
  },
  "minecraft:recipes/transportation/spruce_chest_boat": {
    "criteria": {
      "has_boat": "2024-11-10 22:58:46 +0000"
    },
    "done": true
  },
  "minecraft:recipes/transportation/jungle_chest_boat": {
    "criteria": {
      "has_boat": "2024-11-10 22:58:46 +0000"
    },
    "done": true
  },
  "minecraft:recipes/transportation/mangrove_chest_boat": {
    "criteria": {
      "has_boat": "2024-11-10 22:58:46 +0000"
    },
    "done": true
  },
  "minecraft:recipes/transportation/oak_chest_boat": {
    "criteria": {
      "has_boat": "2024-11-10 22:58:46 +0000"
    },
    "done": true
  },
  "minecraft:recipes/transportation/bamboo_chest_raft": {
    "criteria": {
      "has_boat": "2024-11-10 22:58:46 +0000"
    },
    "done": true
  },
  "supplementaries:recipes/boat_jar": {
    "criteria": {
      "minecraft:boats": "2024-11-10 22:58:46 +0000"
    },
    "done": true
  },
  "minecraft:recipes/transportation/acacia_chest_boat": {
    "criteria": {
      "has_boat": "2024-11-10 22:58:46 +0000"
    },
    "done": true
  },
  "minecraft:recipes/transportation/cherry_chest_boat": {
    "criteria": {
      "has_boat": "2024-11-10 22:58:46 +0000"
    },
    "done": true
  },
  "minecraft:recipes/transportation/birch_chest_boat": {
    "criteria": {
      "has_boat": "2024-11-10 22:58:46 +0000"
    },
    "done": true
  },
  "minecraft:recipes/transportation/dark_oak_chest_boat": {
    "criteria": {
      "has_boat": "2024-11-10 22:58:46 +0000"
    },
    "done": true
  },
  "minecraft:recipes/food/cooked_mutton_from_smoking": {
    "criteria": {
      "has_mutton": "2024-11-11 02:38:13 +0000"
    },
    "done": true
  },
  "minecraft:recipes/building_blocks/red_concrete_powder": {
    "criteria": {
      "has_sand": "2024-11-11 02:45:47 +0000"
    },
    "done": true
  },
  "minecraft:recipes/building_blocks/green_concrete_powder": {
    "criteria": {
      "has_sand": "2024-11-11 02:45:47 +0000"
    },
    "done": true
  },
  "minecraft:recipes/building_blocks/blue_concrete_powder": {
    "criteria": {
      "has_sand": "2024-11-11 02:45:47 +0000"
    },
    "done": true
  },
  "minecraft:recipes/building_blocks/lime_concrete_powder": {
    "criteria": {
      "has_sand": "2024-11-11 02:45:47 +0000"
    },
    "done": true
  },
  "minecraft:recipes/building_blocks/orange_concrete_powder": {
    "criteria": {
      "has_sand": "2024-11-11 02:45:47 +0000"
    },
    "done": true
  },
  "minecraft:recipes/building_blocks/magenta_concrete_powder": {
    "criteria": {
      "has_sand": "2024-11-11 02:45:47 +0000"
    },
    "done": true
  },
  "doggytalents:recipes/decorations/conan_suit": {
    "criteria": {
      "has_wool": "2024-11-11 02:38:13 +0000"
    },
    "done": true
  },
  "travelersbackpack:recipes/misc/sheep": {
    "criteria": {
      "has_white_wool": "2024-11-11 02:38:13 +0000"
    },
    "done": true
  },
  "minecraft:recipes/building_blocks/black_concrete_powder": {
    "criteria": {
      "has_sand": "2024-11-11 02:45:47 +0000"
    },
    "done": true
  },
  "minecraft:recipes/decorations/white_bed": {
    "criteria": {
      "has_white_wool": "2024-11-11 02:38:13 +0000"
    },
    "done": true
  },
  "doggytalents:recipes/decorations/dog_plushie_toy_item": {
    "criteria": {
      "has_white_wool": "2024-11-11 02:38:13 +0000"
    },
    "done": true
  },
  "minecraft:recipes/building_blocks/purple_concrete_powder": {
    "criteria": {
      "has_sand": "2024-11-11 02:45:47 +0000"
    },
    "done": true
  },
  "minecraft:recipes/building_blocks/cyan_concrete_powder": {
    "criteria": {
      "has_sand": "2024-11-11 02:45:47 +0000"
    },
    "done": true
  },
  "minecraft:recipes/building_blocks/coarse_dirt": {
    "criteria": {
      "has_gravel": "2024-11-11 02:47:42 +0000"
    },
    "done": true
  },
  "minecraft:recipes/building_blocks/light_gray_concrete_powder": {
    "criteria": {
      "has_sand": "2024-11-11 02:45:47 +0000"
    },
    "done": true
  },
  "iceandfire:recipes/misc/dragon_meal": {
    "criteria": {
      "has_item": "2024-11-11 02:38:13 +0000"
    },
    "done": true
  },
  "minecraft:recipes/building_blocks/pink_concrete_powder": {
    "criteria": {
      "has_sand": "2024-11-11 02:45:47 +0000"
    },
    "done": true
  },
  "clutter:recipes/misc/pet_bed": {
    "criteria": {
      "has_white_wool": "2024-11-11 02:38:13 +0000"
    },
    "done": true
  },
  "minecraft:recipes/building_blocks/brown_concrete_powder": {
    "criteria": {
      "has_sand": "2024-11-11 02:45:47 +0000"
    },
    "done": true
  },
  "minecraft:recipes/building_blocks/light_blue_concrete_powder": {
    "criteria": {
      "has_sand": "2024-11-11 02:45:47 +0000"
    },
    "done": true
  },
  "minecraft:recipes/building_blocks/glass": {
    "criteria": {
      "has_smelts_to_glass": "2024-11-11 02:45:47 +0000"
    },
    "done": true
  },
  "minecraft:recipes/decorations/painting": {
    "criteria": {
      "has_wool": "2024-11-11 02:38:13 +0000"
    },
    "done": true
  },
  "minecraft:recipes/building_blocks/white_concrete_powder": {
    "criteria": {
      "has_sand": "2024-11-11 02:45:47 +0000"
    },
    "done": true
  },
  "doggytalents:recipes/decorations/lab_coat": {
    "criteria": {
      "has_wool": "2024-11-11 02:38:13 +0000"
    },
    "done": true
  },
  "travelersbackpack:recipes/decorations/white_sleeping_bag": {
    "criteria": {
      "has_white_wool": "2024-11-11 02:38:13 +0000"
    },
    "done": true
  },
  "minecraft:recipes/decorations/white_carpet": {
    "criteria": {
      "has_white_wool": "2024-11-11 02:38:13 +0000"
    },
    "done": true
  },
  "doggytalents:recipes/decorations/beastars_uniform_male": {
    "criteria": {
      "has_wool": "2024-11-11 02:38:13 +0000"
    },
    "done": true
  },
  "minecraft:recipes/food/cooked_mutton": {
    "criteria": {
      "has_mutton": "2024-11-11 02:38:13 +0000"
    },
    "done": true
  },
  "minecraft:recipes/decorations/white_banner": {
    "criteria": {
      "has_white_wool": "2024-11-11 02:38:13 +0000"
    },
    "done": true
  },
  "minecraft:recipes/food/cooked_mutton_from_campfire_cooking": {
    "criteria": {
      "has_mutton": "2024-11-11 02:38:13 +0000"
    },
    "done": true
  },
  "minecraft:recipes/building_blocks/yellow_concrete_powder": {
    "criteria": {
      "has_sand": "2024-11-11 02:45:47 +0000"
    },
    "done": true
  },
  "farmersdelight:recipes/cooking/pasta_with_mutton_chop": {
    "criteria": {
      "has_any_ingredient": "2024-11-11 02:38:13 +0000"
    },
    "done": true
  },
  "minecraft:recipes/building_blocks/sandstone": {
    "criteria": {
      "has_sand": "2024-11-11 02:45:47 +0000"
    },
    "done": true
  },
  "minecraft:recipes/building_blocks/gray_concrete_powder": {
    "criteria": {
      "has_sand": "2024-11-11 02:45:47 +0000"
    },
    "done": true
  },
  "doggytalents:recipes/building_blocks/dog_bed_def": {
    "criteria": {
      "has_wool": "2024-11-11 02:38:13 +0000"
    },
    "done": true
  },
  "doggytalents:recipes/decorations/beastars_uniform_female": {
    "criteria": {
      "has_wool": "2024-11-11 02:38:13 +0000"
    },
    "done": true
  },
  "DataVersion": 3465
}