{
  "refurbished_furniture:recipes/misc/slicing/brown_dye_from_rotten_flesh": {
    "criteria": {
      "has_rotten_flesh": "2024-11-12 03:13:42 +0000"
    },
    "done": true
  },
  "minecraft:recipes/building_blocks/polished_deepslate": {
    "criteria": {
      "has_cobbled_deepslate": "2024-11-12 03:31:01 +0000"
    },
    "done": true
  },
  "refurbished_furniture:recipes/misc/constructing/purple_stool": {
    "criteria": {
      "has_planks": "2024-11-12 02:56:54 +0000"
    },
    "done": true
  },
  "minecraft:recipes/decorations/ladder": {
    "criteria": {
      "has_stick": "2024-11-12 02:55:16 +0000"
    },
    "done": true
  },
  "vc_gliders:recipes/misc/reinforced_paper_diamond": {
    "criteria": {
      "has_crafting_table": "2024-11-12 02:56:59 +0000"
    },
    "done": true
  },
  "clutter:recipes/decorations/jungle_table": {
    "criteria": {
      "has_jungle_log": "2024-11-12 02:55:03 +0000"
    },
    "done": true
  },
  "mutantmonsters:root": {
    "criteria": {
      "killed_by_something": "2024-11-12 02:49:28 +0000"
    },
    "done": true
  },
  "refurbished_furniture:recipes/misc/constructing/lime_grill": {
    "criteria": {
      "has_iron_ingot": "2024-11-12 03:58:50 +0000"
    },
    "done": true
  },
  "rpg_series:root": {
    "criteria": {
      "always": "2024-11-12 02:40:53 +0000"
    },
    "done": true
  },
  "minecraft:recipes/building_blocks/deepslate_tile_stairs_from_cobbled_deepslate_stonecutting": {
    "criteria": {
      "has_cobbled_deepslate": "2024-11-12 03:31:01 +0000"
    },
    "done": true
  },
  "refurbished_furniture:recipes/misc/constructing/oak_toilet": {
    "criteria": {
      "has_oak_planks": "2024-11-12 02:56:54 +0000"
    },
    "done": true
  },
  "refurbished_furniture:recipes/misc/constructing/crimson_lattice_fence": {
    "criteria": {
      "has_stick": "2024-11-12 02:55:16 +0000"
    },
    "done": true
  },
  "assortedtools:recipes/tools/stone_hammer": {
    "criteria": {
      "has_item": "2024-11-12 02:58:13 +0000"
    },
    "done": true
  },
  "refurbished_furniture:recipes/misc/constructing/birch_crate": {
    "criteria": {
      "has_birch_planks": "2024-11-12 03:04:17 +0000"
    },
    "done": true
  },
  "clutter:recipes/decorations/oak_table": {
    "criteria": {
      "has_oak_log": "2024-11-12 02:56:34 +0000"
    },
    "done": true
  },
  "minecraft:recipes/building_blocks/deepslate_tile_stairs_from_deepslate_tiles_stonecutting": {
    "criteria": {
      "has_deepslate_tiles": "2024-11-12 03:13:15 +0000"
    },
    "done": true
  },
  "refurbished_furniture:recipes/misc/constructing/jungle_lattice_fence": {
    "criteria": {
      "has_stick": "2024-11-12 02:55:16 +0000"
    },
    "done": true
  },
  "refurbished_furniture:recipes/misc/constructing/spruce_lattice_fence_gate": {
    "criteria": {
      "has_stick": "2024-11-12 02:55:16 +0000"
    },
    "done": true
  },
  "refurbished_furniture:recipes/misc/constructing/green_stool": {
    "criteria": {
      "has_planks": "2024-11-12 02:56:54 +0000"
    },
    "done": true
  },
  "refurbished_furniture:recipes/misc/constructing/yellow_lamp": {
    "criteria": {
      "has_planks": "2024-11-12 02:56:54 +0000"
    },
    "done": true
  },
  "majruszsdifficulty:recipes/misc/bandage": {
    "criteria": {
      "has_string": "2024-11-12 03:13:11 +0000"
    },
    "done": true
  },
  "minecraft:recipes/redstone/birch_button": {
    "criteria": {
      "has_planks": "2024-11-12 03:04:17 +0000"
    },
    "done": true
  },
  "minecraft:recipes/building_blocks/jungle_wood": {
    "criteria": {
      "has_log": "2024-11-12 02:55:03 +0000"
    },
    "done": true
  },
  "refurbished_furniture:recipes/misc/constructing/oak_kitchen_drawer": {
    "criteria": {
      "has_oak_planks": "2024-11-12 02:56:54 +0000"
    },
    "done": true
  },
  "assortedtools:recipes/tools/wood_boomerang": {
    "criteria": {
      "has_planks": "2024-11-12 02:56:54 +0000"
    },
    "done": true
  },
  "refurbished_furniture:recipes/misc/constructing/dark_oak_toilet": {
    "criteria": {
      "has_iron_ingot": "2024-11-12 03:58:50 +0000"
    },
    "done": true
  },
  "minecraft:recipes/decorations/oak_sign": {
    "criteria": {
      "has_planks": "2024-11-12 02:56:54 +0000"
    },
    "done": true
  },
  "refurbished_furniture:recipes/misc/constructing/cherry_bath": {
    "criteria": {
      "has_iron_ingot": "2024-11-12 03:58:50 +0000"
    },
    "done": true
  },
  "spellbladenext:spellblades/root": {
    "criteria": {
      "always": "2024-11-12 02:40:53 +0000"
    },
    "done": true
  },
  "refurbished_furniture:recipes/misc/spatula": {
    "criteria": {
      "has_string": "2024-11-12 03:13:11 +0000"
    },
    "done": true
  },
  "minecraft:recipes/building_blocks/red_concrete_powder": {
    "criteria": {
      "has_gravel": "2024-11-12 03:17:33 +0000"
    },
    "done": true
  },
  "refurbished_furniture:recipes/misc/constructing/acacia_bath": {
    "criteria": {
      "has_iron_ingot": "2024-11-12 03:58:50 +0000"
    },
    "done": true
  },
  "refurbished_furniture:recipes/misc/constructing/red_lamp": {
    "criteria": {
      "has_planks": "2024-11-12 02:56:54 +0000"
    },
    "done": true
  },
  "refurbished_furniture:recipes/misc/constructing/birch_cutting_board": {
    "criteria": {
      "has_birch_planks": "2024-11-12 03:04:17 +0000"
    },
    "done": true
  },
  "refurbished_furniture:recipes/misc/dark_electricity_generator": {
    "criteria": {
      "has_iron_ingot": "2024-11-12 03:58:50 +0000"
    },
    "done": true
  },
  "minecraft:recipes/decorations/deepslate_tile_wall_from_deepslate_tiles_stonecutting": {
    "criteria": {
      "has_deepslate_tiles": "2024-11-12 03:13:15 +0000"
    },
    "done": true
  },
  "supplementaries:recipes/spring_launcher": {
    "criteria": {
      "has_iron_ingot": "2024-11-12 03:58:50 +0000"
    },
    "done": true
  },
  "travelersbackpack:recipes/misc/backpack_tank": {
    "criteria": {
      "has_iron": "2024-11-12 03:58:50 +0000"
    },
    "done": true
  },
  "refurbished_furniture:recipes/misc/constructing/crimson_storage_cabinet": {
    "criteria": {
      "has_iron_ingot": "2024-11-12 03:58:50 +0000"
    },
    "done": true
  },
  "refurbished_furniture:recipes/misc/constructing/orange_lamp": {
    "criteria": {
      "has_planks": "2024-11-12 02:56:54 +0000"
    },
    "done": true
  },
  "minecraft:recipes/building_blocks/raw_iron_block": {
    "criteria": {
      "has_raw_iron": "2024-11-12 03:13:24 +0000"
    },
    "done": true
  },
  "refurbished_furniture:recipes/misc/constructing/white_grill": {
    "criteria": {
      "has_iron_ingot": "2024-11-12 03:58:50 +0000"
    },
    "done": true
  },
  "doggytalents:recipes/decorations/superdog_suit": {
    "criteria": {
      "has_iron_ingot": "2024-11-12 03:58:50 +0000"
    },
    "done": true
  },
  "refurbished_furniture:recipes/misc/constructing/dark_oak_lattice_fence_gate": {
    "criteria": {
      "has_stick": "2024-11-12 02:55:16 +0000"
    },
    "done": true
  },
  "refurbished_furniture:recipes/misc/constructing/pink_grill": {
    "criteria": {
      "has_iron_ingot": "2024-11-12 03:58:50 +0000"
    },
    "done": true
  },
  "minecraft:recipes/misc/white_dye": {
    "criteria": {
      "has_bone_meal": "2024-11-12 03:13:33 +0000"
    },
    "done": true
  },
  "supplementaries:recipes/candle_holders/candle_holder_blue": {
    "criteria": {
      "has_iron_ingot": "2024-11-12 03:58:50 +0000"
    },
    "done": true
  },
  "doggytalents:recipes/combat/sussy_sickle": {
    "criteria": {
      "has_iron_ingot": "2024-11-12 03:58:50 +0000"
    },
    "done": true
  },
  "supplementaries:recipes/flags/flag_orange": {
    "criteria": {
      "has_stick": "2024-11-12 02:55:16 +0000"
    },
    "done": true
  },
  "clutter:recipes/decorations/jungle_window_sill": {
    "criteria": {
      "has_flower_pot": "2024-11-12 03:41:09 +0000"
    },
    "done": true
  },
  "refurbished_furniture:recipes/misc/constructing/crimson_toilet": {
    "criteria": {
      "has_iron_ingot": "2024-11-12 03:58:50 +0000"
    },
    "done": true
  },
  "supplementaries:recipes/flags/flag_magenta": {
    "criteria": {
      "has_stick": "2024-11-12 02:55:16 +0000"
    },
    "done": true
  },
  "doggytalents:recipes/decorations/pianist_suit": {
    "criteria": {
      "has_string": "2024-11-12 03:13:11 +0000"
    },
    "done": true
  },
  "refurbished_furniture:recipes/misc/constructing/birch_kitchen_sink": {
    "criteria": {
      "has_birch_planks": "2024-11-12 03:04:17 +0000"
    },
    "done": true
  },
  "minecraft:recipes/combat/iron_helmet": {
    "criteria": {
      "has_iron_ingot": "2024-11-12 03:58:50 +0000"
    },
    "done": true
  },
  "doggytalents:recipes/decorations/bowtie": {
    "criteria": {
      "has_string": "2024-11-12 03:13:11 +0000"
    },
    "done": true
  },
  "minecraft:story/mine_stone": {
    "criteria": {
      "get_stone": "2024-11-12 02:58:13 +0000"
    },
    "done": true
  },
  "minecraft:recipes/decorations/furnace": {
    "criteria": {
      "has_cobblestone": "2024-11-12 02:58:13 +0000"
    },
    "done": true
  },
  "minecraft:recipes/building_blocks/green_concrete_powder": {
    "criteria": {
      "has_gravel": "2024-11-12 03:17:33 +0000"
    },
    "done": true
  },
  "supplementaries:recipes/candle_holders/candle_holder_lime": {
    "criteria": {
      "has_iron_ingot": "2024-11-12 03:58:50 +0000"
    },
    "done": true
  },
  "supplementaries:recipes/soap": {
    "criteria": {
      "has_water_bucket": "2024-11-12 04:02:56 +0000"
    },
    "done": true
  },
  "refurbished_furniture:recipes/misc/constructing/orange_trampoline": {
    "criteria": {
      "has_slime_ball": "2024-11-12 02:53:51 +0000"
    },
    "done": true
  },
  "doggytalents:recipes/decorations/sunglasses": {
    "criteria": {
      "has_stick": "2024-11-12 02:55:16 +0000"
    },
    "done": true
  },
  "refurbished_furniture:recipes/misc/constructing/light_toaster": {
    "criteria": {
      "has_iron_ingot": "2024-11-12 03:58:50 +0000"
    },
    "done": true
  },
  "refurbished_furniture:recipes/misc/constructing/cyan_trampoline": {
    "criteria": {
      "has_slime_ball": "2024-11-12 02:53:51 +0000"
    },
    "done": true
  },
  "refurbished_furniture:recipes/misc/constructing/black_grill": {
    "criteria": {
      "has_iron_ingot": "2024-11-12 03:58:50 +0000"
    },
    "done": true
  },
  "minecraft:recipes/redstone/birch_door": {
    "criteria": {
      "has_planks": "2024-11-12 03:04:17 +0000"
    },
    "done": true
  },
  "supplementaries:recipes/lock_block": {
    "criteria": {
      "minecraft:planks": "2024-11-12 02:56:54 +0000"
    },
    "done": true
  },
  "minecraft:recipes/decorations/birch_fence": {
    "criteria": {
      "has_planks": "2024-11-12 03:04:17 +0000"
    },
    "done": true
  },
  "minecraft:recipes/building_blocks/stone_brick_stairs": {
    "criteria": {
      "has_stone_bricks": "2024-11-12 03:40:30 +0000"
    },
    "done": true
  },
  "minecraft:recipes/tools/wooden_axe": {
    "criteria": {
      "has_stick": "2024-11-12 02:55:16 +0000"
    },
    "done": true
  },
  "clutter:recipes/decorations/birch_bench": {
    "criteria": {
      "has_birch_log": "2024-11-12 03:03:48 +0000"
    },
    "done": true
  },
  "refurbished_furniture:recipes/misc/constructing/dark_oak_storage_cabinet": {
    "criteria": {
      "has_iron_ingot": "2024-11-12 03:58:50 +0000"
    },
    "done": true
  },
  "refurbished_furniture:recipes/misc/constructing/white_lamp": {
    "criteria": {
      "has_planks": "2024-11-12 02:56:54 +0000"
    },
    "done": true
  },
  "minecraft:recipes/building_blocks/blue_concrete_powder": {
    "criteria": {
      "has_gravel": "2024-11-12 03:17:33 +0000"
    },
    "done": true
  },
  "minecraft:recipes/building_blocks/granite_slab_from_granite_stonecutting": {
    "criteria": {
      "has_granite": "2024-11-12 03:10:11 +0000"
    },
    "done": true
  },
  "doggytalents:recipes/tools/whistle": {
    "criteria": {
      "has_iron_ingot": "2024-11-12 03:58:50 +0000"
    },
    "done": true
  },
  "clutter:recipes/decorations/oak_short_bench": {
    "criteria": {
      "has_oak_log": "2024-11-12 02:56:34 +0000"
    },
    "done": true
  },
  "graveyard:graveyard/craft_coffin": {
    "criteria": {
      "coffin": "2024-11-12 03:21:55 +0000"
    },
    "done": true
  },
  "refurbished_furniture:recipes/misc/constructing/granite_stepping_stones": {
    "criteria": {
      "has_granite": "2024-11-12 03:10:11 +0000"
    },
    "done": true
  },
  "clutter:recipes/decorations/stripped_oak_table": {
    "criteria": {
      "has_oak_planks": "2024-11-12 02:56:54 +0000"
    },
    "done": true
  },
  "refurbished_furniture:recipes/misc/constructing/yellow_sofa": {
    "criteria": {
      "has_planks": "2024-11-12 02:56:54 +0000"
    },
    "done": true
  },
  "doggytalents:recipes/decorations/giant_stick": {
    "criteria": {
      "has_stick": "2024-11-12 02:55:16 +0000"
    },
    "done": true
  },
  "supplementaries:recipes/candle_holders/candle_holder_light_blue": {
    "criteria": {
      "has_iron_ingot": "2024-11-12 03:58:50 +0000"
    },
    "done": true
  },
  "travelersbackpack:recipes/misc/crafting_upgrade": {
    "criteria": {
      "has_crafting_table": "2024-11-12 02:56:59 +0000"
    },
    "done": true
  },
  "supplementaries:recipes/candle_holders/candle_holder_gray": {
    "criteria": {
      "has_iron_ingot": "2024-11-12 03:58:50 +0000"
    },
    "done": true
  },
  "refurbished_furniture:recipes/misc/constructing/orange_sofa": {
    "criteria": {
      "has_planks": "2024-11-12 02:56:54 +0000"
    },
    "done": true
  },
  "assortedtools:recipes/tools/iron_hammer": {
    "criteria": {
      "has_item": "2024-11-12 03:58:50 +0000"
    },
    "done": true
  },
  "minecraft:recipes/decorations/crafting_table": {
    "criteria": {
      "unlock_right_away": "2024-11-12 02:40:53 +0000"
    },
    "done": true
  },
  "minecraft:recipes/decorations/chest": {
    "criteria": {
      "has_lots_of_items": "2024-11-12 02:58:13 +0000"
    },
    "done": true
  },
  "minecraft:recipes/building_blocks/cobbled_deepslate_slab": {
    "criteria": {
      "has_cobbled_deepslate": "2024-11-12 03:31:01 +0000"
    },
    "done": true
  },
  "minecraft:recipes/tools/shears": {
    "criteria": {
      "has_iron_ingot": "2024-11-12 03:58:50 +0000"
    },
    "done": true
  },
  "minecraft:recipes/misc/stick": {
    "criteria": {
      "has_planks": "2024-11-12 02:56:54 +0000"
    },
    "done": true
  },
  "doggytalents:recipes/decorations/propeller_hat": {
    "criteria": {
      "has_iron_ingot": "2024-11-12 03:58:50 +0000"
    },
    "done": true
  },
  "refurbished_furniture:recipes/misc/slicing/orange_dye_from_glow_berries": {
    "criteria": {
      "has_glow_berries": "2024-11-12 03:24:29 +0000"
    },
    "done": true
  },
  "supplementaries:recipes/cage": {
    "criteria": {
      "has_iron_bars": "2024-11-12 03:40:39 +0000"
    },
    "done": true
  },
  "clutter:recipes/decorations/jungle_chair": {
    "criteria": {
      "has_jungle_log": "2024-11-12 02:55:03 +0000"
    },
    "done": true
  },
  "naturalist:recipes/food/cooked_egg": {
    "criteria": {
      "has_eggs": "2024-11-12 02:51:59 +0000"
    },
    "done": true
  },
  "refurbished_furniture:recipes/misc/constructing/oak_crate": {
    "criteria": {
      "has_oak_planks": "2024-11-12 02:56:54 +0000"
    },
    "done": true
  },
  "minecraft:recipes/decorations/mossy_stone_brick_wall": {
    "criteria": {
      "has_mossy_stone_bricks": "2024-11-12 03:40:30 +0000"
    },
    "done": true
  },
  "minecraft:recipes/building_blocks/cobblestone_slab_from_cobblestone_stonecutting": {
    "criteria": {
      "has_cobblestone": "2024-11-12 02:58:13 +0000"
    },
    "done": true
  },
  "refurbished_furniture:recipes/misc/constructing/birch_kitchen_drawer": {
    "criteria": {
      "has_birch_planks": "2024-11-12 03:04:17 +0000"
    },
    "done": true
  },
  "vc_gliders:recipes/transportation/paraglider_iron": {
    "criteria": {
      "has_crafting_table": "2024-11-12 02:56:59 +0000"
    },
    "done": true
  },
  "minecraft:recipes/decorations/birch_sign": {
    "criteria": {
      "has_planks": "2024-11-12 03:04:17 +0000"
    },
    "done": true
  },
  "minecraft:recipes/transportation/cherry_boat": {
    "criteria": {
      "in_water": "2024-11-12 02:41:50 +0000"
    },
    "done": true
  },
  "refurbished_furniture:recipes/misc/constructing/gray_grill": {
    "criteria": {
      "has_iron_ingot": "2024-11-12 03:58:50 +0000"
    },
    "done": true
  },
  "minecraft:adventure/kill_all_mobs": {
    "criteria": {
      "minecraft:skeleton": "2024-11-12 03:35:13 +0000",
      "minecraft:spider": "2024-11-12 03:01:43 +0000",
      "minecraft:zombie": "2024-11-12 04:01:17 +0000"
    },
    "done": false
  },
  "minecraft:recipes/building_blocks/birch_wood": {
    "criteria": {
      "has_log": "2024-11-12 03:03:48 +0000"
    },
    "done": true
  },
  "refurbished_furniture:recipes/misc/constructing/birch_bath": {
    "criteria": {
      "has_birch_planks": "2024-11-12 03:04:17 +0000"
    },
    "done": true
  },
  "clutter:recipes/decorations/redwood_window_sill": {
    "criteria": {
      "has_flower_pot": "2024-11-12 03:41:09 +0000"
    },
    "done": true
  },
  "minecraft:recipes/decorations/granite_wall_from_granite_stonecutting": {
    "criteria": {
      "has_granite": "2024-11-12 03:10:11 +0000"
    },
    "done": true
  },
  "refurbished_furniture:recipes/misc/constructing/oak_light_ceiling_fan": {
    "criteria": {
      "has_oak_planks": "2024-11-12 02:56:54 +0000"
    },
    "done": true
  },
  "refurbished_furniture:recipes/misc/constructing/brown_trampoline": {
    "criteria": {
      "has_slime_ball": "2024-11-12 02:53:51 +0000"
    },
    "done": true
  },
  "refurbished_furniture:recipes/misc/constructing/spruce_bath": {
    "criteria": {
      "has_iron_ingot": "2024-11-12 03:58:50 +0000"
    },
    "done": true
  },
  "refurbished_furniture:recipes/misc/constructing/crimson_light_ceiling_fan": {
    "criteria": {
      "has_iron_ingot": "2024-11-12 03:58:50 +0000"
    },
    "done": true
  },
  "minecraft:recipes/building_blocks/iron_block": {
    "criteria": {
      "has_iron_ingot": "2024-11-12 03:58:50 +0000"
    },
    "done": true
  },
  "minecraft:recipes/building_blocks/clay": {
    "criteria": {
      "has_clay_ball": "2024-11-12 03:25:51 +0000"
    },
    "done": true
  },
  "refurbished_furniture:recipes/misc/constructing/birch_storage_cabinet": {
    "criteria": {
      "has_birch_planks": "2024-11-12 03:04:17 +0000"
    },
    "done": true
  },
  "refurbished_furniture:recipes/misc/constructing/light_microwave": {
    "criteria": {
      "has_iron_ingot": "2024-11-12 03:58:50 +0000"
    },
    "done": true
  },
  "refurbished_furniture:recipes/misc/constructing/cyan_grill": {
    "criteria": {
      "has_iron_ingot": "2024-11-12 03:58:50 +0000"
    },
    "done": true
  },
  "minecraft:recipes/decorations/deepslate_tile_wall": {
    "criteria": {
      "has_deepslate_tiles": "2024-11-12 03:13:15 +0000"
    },
    "done": true
  },
  "minecraft:recipes/redstone/tripwire_hook": {
    "criteria": {
      "has_string": "2024-11-12 03:13:11 +0000"
    },
    "done": true
  },
  "clutter:recipes/decorations/acacia_window_sill": {
    "criteria": {
      "has_flower_pot": "2024-11-12 03:41:09 +0000"
    },
    "done": true
  },
  "minecraft:recipes/redstone/birch_fence_gate": {
    "criteria": {
      "has_planks": "2024-11-12 03:04:17 +0000"
    },
    "done": true
  },
  "farmersdelight:recipes/decorations/cooking_pot": {
    "criteria": {
      "has_iron_ingot": "2024-11-12 03:58:50 +0000"
    },
    "done": true
  },
  "refurbished_furniture:recipes/misc/constructing/oak_lattice_fence_gate": {
    "criteria": {
      "has_stick": "2024-11-12 02:55:16 +0000"
    },
    "done": true
  },
  "minecraft:recipes/building_blocks/stone": {
    "criteria": {
      "has_cobblestone": "2024-11-12 02:58:13 +0000"
    },
    "done": true
  },
  "refurbished_furniture:recipes/misc/constructing/birch_toilet": {
    "criteria": {
      "has_birch_planks": "2024-11-12 03:04:17 +0000"
    },
    "done": true
  },
  "minecraft:recipes/transportation/bamboo_raft": {
    "criteria": {
      "in_water": "2024-11-12 02:41:50 +0000"
    },
    "done": true
  },
  "refurbished_furniture:recipes/misc/constructing/acacia_light_ceiling_fan": {
    "criteria": {
      "has_iron_ingot": "2024-11-12 03:58:50 +0000"
    },
    "done": true
  },
  "supplementaries:recipes/bomb": {
    "criteria": {
      "has_string": "2024-11-12 03:13:11 +0000"
    },
    "done": true
  },
  "minecraft:recipes/building_blocks/mossy_stone_brick_slab": {
    "criteria": {
      "has_mossy_stone_bricks": "2024-11-12 03:40:30 +0000"
    },
    "done": true
  },
  "refurbished_furniture:recipes/misc/constructing/light_blue_trampoline": {
    "criteria": {
      "has_slime_ball": "2024-11-12 02:53:51 +0000"
    },
    "done": true
  },
  "refurbished_furniture:recipes/misc/constructing/crimson_basin": {
    "criteria": {
      "has_iron_ingot": "2024-11-12 03:58:50 +0000"
    },
    "done": true
  },
  "doggytalents:recipes/decorations/wig": {
    "criteria": {
      "has_string": "2024-11-12 03:13:11 +0000"
    },
    "done": true
  },
  "supplementaries:recipes/candle_holders/candle_holder_light_gray": {
    "criteria": {
      "has_iron_ingot": "2024-11-12 03:58:50 +0000"
    },
    "done": true
  },
  "refurbished_furniture:recipes/misc/constructing/magenta_stool": {
    "criteria": {
      "has_planks": "2024-11-12 02:56:54 +0000"
    },
    "done": true
  },
  "minecraft:recipes/decorations/candle": {
    "criteria": {
      "has_string": "2024-11-12 03:13:11 +0000"
    },
    "done": true
  },
  "refurbished_furniture:recipes/misc/constructing/light_stove": {
    "criteria": {
      "has_iron_ingot": "2024-11-12 03:58:50 +0000"
    },
    "done": true
  },
  "minecraft:recipes/food/bread": {
    "criteria": {
      "has_wheat": "2024-11-12 04:08:02 +0000"
    },
    "done": true
  },
  "refurbished_furniture:recipes/misc/constructing/oak_drawer": {
    "criteria": {
      "has_oak_planks": "2024-11-12 02:56:54 +0000"
    },
    "done": true
  },
  "vc_gliders:recipes/misc/reinforced_paper": {
    "criteria": {
      "has_crafting_table": "2024-11-12 02:56:59 +0000"
    },
    "done": true
  },
  "minecraft:recipes/building_blocks/polished_granite_from_granite_stonecutting": {
    "criteria": {
      "has_granite": "2024-11-12 03:10:11 +0000"
    },
    "done": true
  },
  "minecraft:recipes/building_blocks/birch_slab": {
    "criteria": {
      "has_planks": "2024-11-12 03:04:17 +0000"
    },
    "done": true
  },
  "clutter:recipes/misc/butterfly_wings": {
    "criteria": {
      "has_string": "2024-11-12 03:13:11 +0000"
    },
    "done": true
  },
  "minecraft:recipes/building_blocks/hay_block": {
    "criteria": {
      "has_wheat": "2024-11-12 04:08:02 +0000"
    },
    "done": true
  },
  "refurbished_furniture:recipes/misc/constructing/birch_lattice_fence": {
    "criteria": {
      "has_stick": "2024-11-12 02:55:16 +0000"
    },
    "done": true
  },
  "refurbished_furniture:recipes/misc/constructing/spruce_light_ceiling_fan": {
    "criteria": {
      "has_iron_ingot": "2024-11-12 03:58:50 +0000"
    },
    "done": true
  },
  "assortedtools:recipes/combat/wood_spear_alt": {
    "criteria": {
      "has_item": "2024-11-12 02:56:54 +0000"
    },
    "done": true
  },
  "naturalist:recipes/naturalist/limestone": {
    "criteria": {
      "has_shell": "2024-11-12 02:53:49 +0000"
    },
    "done": true
  },
  "assortedtools:recipes/tools/stone_shears_alt": {
    "criteria": {
      "has_item": "2024-11-12 02:58:13 +0000"
    },
    "done": true
  },
  "minecraft:recipes/building_blocks/granite_slab": {
    "criteria": {
      "has_granite": "2024-11-12 03:10:11 +0000"
    },
    "done": true
  },
  "farmersdelight:main/plant_all_crops": {
    "criteria": {
      "glow_berries": "2024-11-12 03:24:29 +0000",
      "wheat": "2024-11-12 04:07:44 +0000"
    },
    "done": false
  },
  "refurbished_furniture:recipes/misc/constructing/brown_cooler": {
    "criteria": {
      "has_planks": "2024-11-12 02:56:54 +0000"
    },
    "done": true
  },
  "farmersdelight:recipes/cooking/glow_berry_custard": {
    "criteria": {
      "has_any_ingredient": "2024-11-12 03:24:29 +0000"
    },
    "done": true
  },
  "refurbished_furniture:recipes/misc/constructing/mangrove_toilet": {
    "criteria": {
      "has_iron_ingot": "2024-11-12 03:58:50 +0000"
    },
    "done": true
  },
  "minecraft:recipes/building_blocks/polished_deepslate_stairs_from_cobbled_deepslate_stonecutting": {
    "criteria": {
      "has_cobbled_deepslate": "2024-11-12 03:31:01 +0000"
    },
    "done": true
  },
  "refurbished_furniture:recipes/misc/constructing/purple_cooler": {
    "criteria": {
      "has_planks": "2024-11-12 02:56:54 +0000"
    },
    "done": true
  },
  "supplementaries:recipes/decorations/sign_post_birch": {
    "criteria": {
      "has_planks": "2024-11-12 03:04:17 +0000"
    },
    "done": true
  },
  "doggytalents:recipes/decorations/locator_orb_shin": {
    "criteria": {
      "has_string": "2024-11-12 03:13:11 +0000"
    },
    "done": true
  },
  "refurbished_furniture:recipes/misc/constructing/warped_storage_cabinet": {
    "criteria": {
      "has_iron_ingot": "2024-11-12 03:58:50 +0000"
    },
    "done": true
  },
  "refurbished_furniture:recipes/misc/constructing/red_trampoline": {
    "criteria": {
      "has_slime_ball": "2024-11-12 02:53:51 +0000"
    },
    "done": true
  },
  "refurbished_furniture:recipes/misc/constructing/cyan_cooler": {
    "criteria": {
      "has_planks": "2024-11-12 02:56:54 +0000"
    },
    "done": true
  },
  "clutter:recipes/decorations/oak_wall_cupboard": {
    "criteria": {
      "has_oak_planks": "2024-11-12 02:56:54 +0000"
    },
    "done": true
  },
  "refurbished_furniture:recipes/misc/constructing/light_gray_cooler": {
    "criteria": {
      "has_planks": "2024-11-12 02:56:54 +0000"
    },
    "done": true
  },
  "clutter:recipes/decorations/cherry_window_sill": {
    "criteria": {
      "has_flower_pot": "2024-11-12 03:41:09 +0000"
    },
    "done": true
  },
  "minecraft:recipes/building_blocks/birch_stairs": {
    "criteria": {
      "has_planks": "2024-11-12 03:04:17 +0000"
    },
    "done": true
  },
  "refurbished_furniture:recipes/misc/constructing/red_sofa": {
    "criteria": {
      "has_planks": "2024-11-12 02:56:54 +0000"
    },
    "done": true
  },
  "refurbished_furniture:recipes/misc/constructing/blue_trampoline": {
    "criteria": {
      "has_slime_ball": "2024-11-12 02:53:51 +0000"
    },
    "done": true
  },
  "refurbished_furniture:recipes/misc/constructing/warped_light_ceiling_fan": {
    "criteria": {
      "has_iron_ingot": "2024-11-12 03:58:50 +0000"
    },
    "done": true
  },
  "clutter:recipes/misc/brick_kiln": {
    "criteria": {
      "has_furnace": "2024-11-12 03:20:54 +0000"
    },
    "done": true
  },
  "minecraft:recipes/building_blocks/lime_concrete_powder": {
    "criteria": {
      "has_gravel": "2024-11-12 03:17:33 +0000"
    },
    "done": true
  },
  "supplementaries:recipes/planter_rich": {
    "criteria": {
      "has_bone_meal": "2024-11-12 03:13:33 +0000"
    },
    "done": true
  },
  "iceandfire:iceandfire/root": {
    "criteria": {
      "tick": "2024-11-12 02:40:53 +0000"
    },
    "done": true
  },
  "doggytalents:recipes/decorations/bach_wig": {
    "criteria": {
      "has_string": "2024-11-12 03:13:11 +0000"
    },
    "done": true
  },
  "minecraft:recipes/redstone/hopper": {
    "criteria": {
      "has_iron_ingot": "2024-11-12 03:58:50 +0000"
    },
    "done": true
  },
  "travelersbackpack:recipes/misc/iron": {
    "criteria": {
      "has_iron_ingot": "2024-11-12 03:58:50 +0000"
    },
    "done": true
  },
  "minecraft:recipes/decorations/deepslate_brick_wall_from_cobbled_deepslate_stonecutting": {
    "criteria": {
      "has_cobbled_deepslate": "2024-11-12 03:31:01 +0000"
    },
    "done": true
  },
  "refurbished_furniture:recipes/misc/constructing/lime_stool": {
    "criteria": {
      "has_planks": "2024-11-12 02:56:54 +0000"
    },
    "done": true
  },
  "minecraft:recipes/misc/copper_ingot_from_blasting_raw_copper": {
    "criteria": {
      "has_raw_copper": "2024-11-12 03:00:43 +0000"
    },
    "done": true
  },
  "refurbished_furniture:recipes/misc/constructing/warped_bath": {
    "criteria": {
      "has_iron_ingot": "2024-11-12 03:58:50 +0000"
    },
    "done": true
  },
  "refurbished_furniture:recipes/misc/constructing/green_grill": {
    "criteria": {
      "has_iron_ingot": "2024-11-12 03:58:50 +0000"
    },
    "done": true
  },
  "vc_gliders:recipes/transportation/paraglider_gold": {
    "criteria": {
      "has_crafting_table": "2024-11-12 02:56:59 +0000"
    },
    "done": true
  },
  "minecraft:recipes/building_blocks/polished_deepslate_from_cobbled_deepslate_stonecutting": {
    "criteria": {
      "has_cobbled_deepslate": "2024-11-12 03:31:01 +0000"
    },
    "done": true
  },
  "majruszsdifficulty:bleeding": {
    "criteria": {
      "bleeding_applied": "2024-11-12 02:48:54 +0000"
    },
    "done": true
  },
  "refurbished_furniture:recipes/misc/constructing/acacia_basin": {
    "criteria": {
      "has_iron_ingot": "2024-11-12 03:58:50 +0000"
    },
    "done": true
  },
  "refurbished_furniture:recipes/misc/constructing/magenta_lamp": {
    "criteria": {
      "has_planks": "2024-11-12 02:56:54 +0000"
    },
    "done": true
  },
  "minecraft:recipes/building_blocks/orange_concrete_powder": {
    "criteria": {
      "has_gravel": "2024-11-12 03:17:33 +0000"
    },
    "done": true
  },
  "minecraft:recipes/building_blocks/oak_slab": {
    "criteria": {
      "has_planks": "2024-11-12 02:56:54 +0000"
    },
    "done": true
  },
  "minecraft:recipes/building_blocks/raw_copper_block": {
    "criteria": {
      "has_raw_copper": "2024-11-12 03:00:43 +0000"
    },
    "done": true
  },
  "minecraft:recipes/building_blocks/granite_stairs": {
    "criteria": {
      "has_granite": "2024-11-12 03:10:11 +0000"
    },
    "done": true
  },
  "refurbished_furniture:recipes/misc/constructing/purple_grill": {
    "criteria": {
      "has_iron_ingot": "2024-11-12 03:58:50 +0000"
    },
    "done": true
  },
  "supplementaries:recipes/candle_holders/candle_holder_orange": {
    "criteria": {
      "has_iron_ingot": "2024-11-12 03:58:50 +0000"
    },
    "done": true
  },
  "clutter:recipes/decorations/oak_bench": {
    "criteria": {
      "has_oak_log": "2024-11-12 02:56:34 +0000"
    },
    "done": true
  },
  "refurbished_furniture:recipes/misc/constructing/acacia_storage_cabinet": {
    "criteria": {
      "has_iron_ingot": "2024-11-12 03:58:50 +0000"
    },
    "done": true
  },
  "supplementaries:recipes/candle_holders/candle_holder_purple": {
    "criteria": {
      "has_iron_ingot": "2024-11-12 03:58:50 +0000"
    },
    "done": true
  },
  "minecraft:recipes/combat/iron_boots": {
    "criteria": {
      "has_iron_ingot": "2024-11-12 03:58:50 +0000"
    },
    "done": true
  },
  "minecraft:recipes/building_blocks/birch_planks": {
    "criteria": {
      "has_logs": "2024-11-12 03:03:48 +0000"
    },
    "done": true
  },
  "supplementaries:recipes/flags/flag_pink": {
    "criteria": {
      "has_stick": "2024-11-12 02:55:16 +0000"
    },
    "done": true
  },
  "minecraft:recipes/building_blocks/granite_stairs_from_granite_stonecutting": {
    "criteria": {
      "has_granite": "2024-11-12 03:10:11 +0000"
    },
    "done": true
  },
  "refurbished_furniture:recipes/misc/constructing/light_gray_sofa": {
    "criteria": {
      "has_planks": "2024-11-12 02:56:54 +0000"
    },
    "done": true
  },
  "minecraft:recipes/tools/stone_pickaxe": {
    "criteria": {
      "has_cobblestone": "2024-11-12 02:58:13 +0000"
    },
    "done": true
  },
  "refurbished_furniture:recipes/misc/constructing/frying_pan": {
    "criteria": {
      "has_iron_ingot": "2024-11-12 03:58:50 +0000"
    },
    "done": true
  },
  "dungeons_arise:wda_root": {
    "criteria": {
      "WDA": "2024-11-12 02:40:53 +0000"
    },
    "done": true
  },
  "minecraft:recipes/decorations/lantern": {
    "criteria": {
      "has_iron_ingot": "2024-11-12 03:58:50 +0000"
    },
    "done": true
  },
  "assortedtools:recipes/tools/wood_shears_alt": {
    "criteria": {
      "has_item": "2024-11-12 02:56:54 +0000"
    },
    "done": true
  },
  "clutter:recipes/decorations/crimson_window_sill": {
    "criteria": {
      "has_flower_pot": "2024-11-12 03:41:09 +0000"
    },
    "done": true
  },
  "minecraft:recipes/building_blocks/cobbled_deepslate_slab_from_cobbled_deepslate_stonecutting": {
    "criteria": {
      "has_cobbled_deepslate": "2024-11-12 03:31:01 +0000"
    },
    "done": true
  },
  "minecraft:recipes/building_blocks/magenta_concrete_powder": {
    "criteria": {
      "has_gravel": "2024-11-12 03:17:33 +0000"
    },
    "done": true
  },
  "assortedtools:recipes/tools/stone_multitool": {
    "criteria": {
      "has_item": "2024-11-12 02:58:13 +0000"
    },
    "done": true
  },
  "vc_gliders:recipes/transportation/paraglider_netherite": {
    "criteria": {
      "has_crafting_table": "2024-11-12 02:56:59 +0000"
    },
    "done": true
  },
  "clutter:recipes/decorations/spruce_window_sill": {
    "criteria": {
      "has_flower_pot": "2024-11-12 03:41:09 +0000"
    },
    "done": true
  },
  "minecraft:recipes/decorations/campfire": {
    "criteria": {
      "has_stick": "2024-11-12 02:55:16 +0000"
    },
    "done": true
  },
  "minecraft:recipes/building_blocks/deepslate_tile_slab_from_cobbled_deepslate_stonecutting": {
    "criteria": {
      "has_cobbled_deepslate": "2024-11-12 03:31:01 +0000"
    },
    "done": true
  },
  "refurbished_furniture:recipes/misc/constructing/dark_oak_lattice_fence": {
    "criteria": {
      "has_stick": "2024-11-12 02:55:16 +0000"
    },
    "done": true
  },
  "refurbished_furniture:recipes/misc/constructing/jungle_storage_cabinet": {
    "criteria": {
      "has_iron_ingot": "2024-11-12 03:58:50 +0000"
    },
    "done": true
  },
  "minecraft:recipes/tools/wooden_hoe": {
    "criteria": {
      "has_stick": "2024-11-12 02:55:16 +0000"
    },
    "done": true
  },
  "minecraft:recipes/decorations/granite_wall": {
    "criteria": {
      "has_granite": "2024-11-12 03:10:11 +0000"
    },
    "done": true
  },
  "assortedtools:recipes/combat/iron_spear": {
    "criteria": {
      "has_item": "2024-11-12 03:58:50 +0000"
    },
    "done": true
  },
  "minecraft:recipes/redstone/oak_fence_gate": {
    "criteria": {
      "has_planks": "2024-11-12 02:56:54 +0000"
    },
    "done": true
  },
  "supplementaries:recipes/candle_holders/candle_holder_red": {
    "criteria": {
      "has_iron_ingot": "2024-11-12 03:58:50 +0000"
    },
    "done": true
  },
  "clutter:recipes/misc/viking_helmet": {
    "criteria": {
      "has_bone": "2024-11-12 03:13:32 +0000"
    },
    "done": true
  },
  "minecraft:recipes/misc/charcoal": {
    "criteria": {
      "has_log": "2024-11-12 02:55:03 +0000"
    },
    "done": true
  },
  "minecraft:recipes/building_blocks/stone_brick_slab": {
    "criteria": {
      "has_stone_bricks": "2024-11-12 03:40:30 +0000"
    },
    "done": true
  },
  "minecraft:recipes/building_blocks/polished_granite_slab_from_granite_stonecutting": {
    "criteria": {
      "has_granite": "2024-11-12 03:10:11 +0000"
    },
    "done": true
  },
  "minecraft:recipes/tools/iron_shovel": {
    "criteria": {
      "has_iron_ingot": "2024-11-12 03:58:50 +0000"
    },
    "done": true
  },
  "supplementaries:recipes/bubble_blower": {
    "criteria": {
      "has_iron_ingot": "2024-11-12 03:58:50 +0000"
    },
    "done": true
  },
  "refurbished_furniture:recipes/misc/constructing/acacia_lattice_fence": {
    "criteria": {
      "has_stick": "2024-11-12 02:55:16 +0000"
    },
    "done": true
  },
  "assortedtools:recipes/combat/wood_spear": {
    "criteria": {
      "has_item": "2024-11-12 02:56:54 +0000"
    },
    "done": true
  },
  "clutter:recipes/decorations/dark_oak_window_sill": {
    "criteria": {
      "has_flower_pot": "2024-11-12 03:41:09 +0000"
    },
    "done": true
  },
  "doggytalents:recipes/decorations/wool_collar": {
    "criteria": {
      "has_string": "2024-11-12 03:13:11 +0000"
    },
    "done": true
  },
  "naturescompass:natures_compass_log": {
    "criteria": {
      "has_log": "2024-11-12 02:55:03 +0000"
    },
    "done": true
  },
  "doggytalents:recipes/misc/gender_bone": {
    "criteria": {
      "has_string": "2024-11-12 03:13:11 +0000"
    },
    "done": true
  },
  "refurbished_furniture:recipes/misc/constructing/white_trampoline": {
    "criteria": {
      "has_slime_ball": "2024-11-12 02:53:51 +0000"
    },
    "done": true
  },
  "refurbished_furniture:recipes/misc/constructing/oak_kitchen_storage_cabinet": {
    "criteria": {
      "has_oak_planks": "2024-11-12 02:56:54 +0000"
    },
    "done": true
  },
  "supplementaries:recipes/slingshot": {
    "criteria": {
      "has_slime_ball": "2024-11-12 02:53:51 +0000"
    },
    "done": true
  },
  "refurbished_furniture:recipes/misc/constructing/jungle_light_ceiling_fan": {
    "criteria": {
      "has_iron_ingot": "2024-11-12 03:58:50 +0000"
    },
    "done": true
  },
  "refurbished_furniture:recipes/misc/constructing/birch_kitchen_cabinetry": {
    "criteria": {
      "has_birch_planks": "2024-11-12 03:04:17 +0000"
    },
    "done": true
  },
  "refurbished_furniture:recipes/misc/constructing/oak_kitchen_cabinetry": {
    "criteria": {
      "has_oak_planks": "2024-11-12 02:56:54 +0000"
    },
    "done": true
  },
  "refurbished_furniture:recipes/misc/constructing/blue_grill": {
    "criteria": {
      "has_iron_ingot": "2024-11-12 03:58:50 +0000"
    },
    "done": true
  },
  "dungeonnowloading:story/labyrinth/find_labyrinth": {
    "criteria": {
      "find_labyrinth": "2024-11-12 03:40:31 +0000"
    },
    "done": true
  },
  "minecraft:recipes/redstone/oak_door": {
    "criteria": {
      "has_planks": "2024-11-12 02:56:54 +0000"
    },
    "done": true
  },
  "assortedtools:recipes/combat/iron_spear_alt": {
    "criteria": {
      "has_item": "2024-11-12 03:58:50 +0000"
    },
    "done": true
  },
  "refurbished_furniture:recipes/misc/constructing/oak_desk": {
    "criteria": {
      "has_oak_planks": "2024-11-12 02:56:54 +0000"
    },
    "done": true
  },
  "supplementaries:recipes/turn_table": {
    "criteria": {
      "minecraft:planks": "2024-11-12 02:56:54 +0000"
    },
    "done": true
  },
  "refurbished_furniture:recipes/misc/constructing/birch_storage_jar": {
    "criteria": {
      "has_birch_planks": "2024-11-12 03:04:17 +0000"
    },
    "done": true
  },
  "minecraft:recipes/tools/wooden_shovel": {
    "criteria": {
      "has_stick": "2024-11-12 02:55:16 +0000"
    },
    "done": true
  },
  "clutter:recipes/decorations/oak_window_sill": {
    "criteria": {
      "has_flower_pot": "2024-11-12 03:41:09 +0000"
    },
    "done": true
  },
  "minecraft:recipes/redstone/dispenser": {
    "criteria": {
      "has_bow": "2024-11-12 03:35:15 +0000"
    },
    "done": true
  },
  "refurbished_furniture:recipes/misc/constructing/mangrove_light_ceiling_fan": {
    "criteria": {
      "has_iron_ingot": "2024-11-12 03:58:50 +0000"
    },
    "done": true
  },
  "minecraft:recipes/building_blocks/cobblestone_slab": {
    "criteria": {
      "has_cobblestone": "2024-11-12 02:58:13 +0000"
    },
    "done": true
  },
  "naturescompass:natures_compass_sapling": {
    "criteria": {
      "has_recipe": "2024-11-12 02:55:03 +0000"
    },
    "done": true
  },
  "minecraft:recipes/misc/brick": {
    "criteria": {
      "has_clay_ball": "2024-11-12 03:25:51 +0000"
    },
    "done": true
  },
  "refurbished_furniture:recipes/misc/constructing/post_box": {
    "criteria": {
      "has_planks": "2024-11-12 02:56:54 +0000"
    },
    "done": true
  },
  "clutter:recipes/decorations/oak_chair": {
    "criteria": {
      "has_oak_log": "2024-11-12 02:56:34 +0000"
    },
    "done": true
  },
  "minecraft:recipes/brewing/cauldron": {
    "criteria": {
      "has_water_bucket": "2024-11-12 04:02:56 +0000"
    },
    "done": true
  },
  "minecraft:recipes/transportation/acacia_boat": {
    "criteria": {
      "in_water": "2024-11-12 02:41:50 +0000"
    },
    "done": true
  },
  "minecraft:recipes/redstone/iron_trapdoor": {
    "criteria": {
      "has_iron_ingot": "2024-11-12 03:58:50 +0000"
    },
    "done": true
  },
  "minecraft:adventure/root": {
    "criteria": {
      "killed_by_something": "2024-11-12 02:49:28 +0000"
    },
    "done": true
  },
  "refurbished_furniture:recipes/misc/constructing/green_lamp": {
    "criteria": {
      "has_planks": "2024-11-12 02:56:54 +0000"
    },
    "done": true
  },
  "supplementaries:recipes/clock_block": {
    "criteria": {
      "minecraft:planks": "2024-11-12 02:56:54 +0000"
    },
    "done": true
  },
  "supplementaries:recipes/flags/flag_black": {
    "criteria": {
      "has_stick": "2024-11-12 02:55:16 +0000"
    },
    "done": true
  },
  "minecraft:recipes/decorations/deepslate_tile_wall_from_cobbled_deepslate_stonecutting": {
    "criteria": {
      "has_cobbled_deepslate": "2024-11-12 03:31:01 +0000"
    },
    "done": true
  },
  "minecraft:recipes/misc/iron_ingot_from_blasting_raw_iron": {
    "criteria": {
      "has_raw_iron": "2024-11-12 03:13:24 +0000"
    },
    "done": true
  },
  "minecraft:recipes/redstone/slime_block": {
    "criteria": {
      "has_slime_ball": "2024-11-12 02:53:51 +0000"
    },
    "done": true
  },
  "refurbished_furniture:recipes/misc/constructing/magenta_sofa": {
    "criteria": {
      "has_planks": "2024-11-12 02:56:54 +0000"
    },
    "done": true
  },
  "minecraft:recipes/combat/wooden_sword": {
    "criteria": {
      "has_stick": "2024-11-12 02:55:16 +0000"
    },
    "done": true
  },
  "minecraft:recipes/building_blocks/oak_planks": {
    "criteria": {
      "has_logs": "2024-11-12 02:56:34 +0000"
    },
    "done": true
  },
  "minecraft:recipes/building_blocks/black_concrete_powder": {
    "criteria": {
      "has_gravel": "2024-11-12 03:17:33 +0000"
    },
    "done": true
  },
  "minecraft:recipes/combat/crossbow": {
    "criteria": {
      "has_string": "2024-11-12 03:13:11 +0000"
    },
    "done": true
  },
  "refurbished_furniture:recipes/misc/constructing/oak_storage_jar": {
    "criteria": {
      "has_oak_planks": "2024-11-12 02:56:54 +0000"
    },
    "done": true
  },
  "vc_gliders:recipes/misc/copper_upgrade": {
    "criteria": {
      "has_crafting_table": "2024-11-12 02:56:59 +0000"
    },
    "done": true
  },
  "minecraft:recipes/decorations/barrel": {
    "criteria": {
      "has_planks": "2024-11-12 02:56:54 +0000"
    },
    "done": true
  },
  "clutter:recipes/misc/beach_hat": {
    "criteria": {
      "has_wheat": "2024-11-12 04:08:02 +0000"
    },
    "done": true
  },
  "refurbished_furniture:recipes/misc/constructing/oak_cutting_board": {
    "criteria": {
      "has_oak_planks": "2024-11-12 02:56:54 +0000"
    },
    "done": true
  },
  "supplementaries:recipes/flags/flag_green": {
    "criteria": {
      "has_stick": "2024-11-12 02:55:16 +0000"
    },
    "done": true
  },
  "minecraft:recipes/decorations/cobblestone_wall_from_cobblestone_stonecutting": {
    "criteria": {
      "has_cobblestone": "2024-11-12 02:58:13 +0000"
    },
    "done": true
  },
  "clutter:recipes/decorations/mangrove_window_sill": {
    "criteria": {
      "has_flower_pot": "2024-11-12 03:41:09 +0000"
    },
    "done": true
  },
  "assortedtools:recipes/combat/stone_spear": {
    "criteria": {
      "has_item": "2024-11-12 02:58:13 +0000"
    },
    "done": true
  },
  "refurbished_furniture:recipes/misc/constructing/cyan_stool": {
    "criteria": {
      "has_planks": "2024-11-12 02:56:54 +0000"
    },
    "done": true
  },
  "assortedtools:recipes/tools/stone_shears": {
    "criteria": {
      "has_item": "2024-11-12 02:58:13 +0000"
    },
    "done": true
  },
  "refurbished_furniture:recipes/baking/sea_salt": {
    "criteria": {
      "has_ingredient": "2024-11-12 04:02:56 +0000"
    },
    "done": true
  },
  "minecraft:recipes/building_blocks/cobblestone_stairs": {
    "criteria": {
      "has_cobblestone": "2024-11-12 02:58:13 +0000"
    },
    "done": true
  },
  "vc_gliders:recipes/misc/nether_upgrade": {
    "criteria": {
      "has_crafting_table": "2024-11-12 02:56:59 +0000"
    },
    "done": true
  },
  "minecraft:recipes/building_blocks/mossy_stone_brick_stairs_from_mossy_stone_brick_stonecutting": {
    "criteria": {
      "has_mossy_stone_bricks": "2024-11-12 03:40:30 +0000"
    },
    "done": true
  },
  "refurbished_furniture:recipes/misc/constructing/jungle_toilet": {
    "criteria": {
      "has_iron_ingot": "2024-11-12 03:58:50 +0000"
    },
    "done": true
  },
  "naturalist:recipes/naturalist/glow_goop": {
    "criteria": {
      "has_glow_berries": "2024-11-12 03:24:29 +0000"
    },
    "done": true
  },
  "farmersdelight:recipes/food/pie_crust": {
    "criteria": {
      "has_wheat": "2024-11-12 04:08:02 +0000"
    },
    "done": true
  },
  "farmersdelight:recipes/combat/iron_knife": {
    "criteria": {
      "has_iron_ingot": "2024-11-12 03:58:50 +0000"
    },
    "done": true
  },
  "refurbished_furniture:recipes/misc/constructing/light_blue_grill": {
    "criteria": {
      "has_iron_ingot": "2024-11-12 03:58:50 +0000"
    },
    "done": true
  },
  "minecraft:recipes/building_blocks/purple_concrete_powder": {
    "criteria": {
      "has_gravel": "2024-11-12 03:17:33 +0000"
    },
    "done": true
  },
  "refurbished_furniture:recipes/misc/constructing/green_sofa": {
    "criteria": {
      "has_planks": "2024-11-12 02:56:54 +0000"
    },
    "done": true
  },
  "supplementaries:recipes/candle_holders/candle_holder_magenta": {
    "criteria": {
      "has_iron_ingot": "2024-11-12 03:58:50 +0000"
    },
    "done": true
  },
  "supplementaries:recipes/sack": {
    "criteria": {
      "has_string": "2024-11-12 03:13:11 +0000"
    },
    "done": true
  },
  "supplementaries:recipes/flags/flag_purple": {
    "criteria": {
      "has_stick": "2024-11-12 02:55:16 +0000"
    },
    "done": true
  },
  "refurbished_furniture:recipes/misc/constructing/cherry_light_ceiling_fan": {
    "criteria": {
      "has_iron_ingot": "2024-11-12 03:58:50 +0000"
    },
    "done": true
  },
  "refurbished_furniture:recipes/misc/constructing/birch_light_ceiling_fan": {
    "criteria": {
      "has_birch_planks": "2024-11-12 03:04:17 +0000"
    },
    "done": true
  },
  "minecraft:recipes/building_blocks/polished_granite_stairs_from_granite_stonecutting": {
    "criteria": {
      "has_granite": "2024-11-12 03:10:11 +0000"
    },
    "done": true
  },
  "clutter:recipes/decorations/birch_wall_cupboard": {
    "criteria": {
      "has_birch_planks": "2024-11-12 03:04:17 +0000"
    },
    "done": true
  },
  "minecraft:recipes/building_blocks/cyan_concrete_powder": {
    "criteria": {
      "has_gravel": "2024-11-12 03:17:33 +0000"
    },
    "done": true
  },
  "refurbished_furniture:recipes/misc/constructing/yellow_trampoline": {
    "criteria": {
      "has_slime_ball": "2024-11-12 02:53:51 +0000"
    },
    "done": true
  },
  "refurbished_furniture:recipes/misc/constructing/mangrove_lattice_fence_gate": {
    "criteria": {
      "has_stick": "2024-11-12 02:55:16 +0000"
    },
    "done": true
  },
  "clutter:recipes/misc/mailbox": {
    "criteria": {
      "has_iron_ingot": "2024-11-12 03:58:50 +0000"
    },
    "done": true
  },
  "refurbished_furniture:recipes/misc/constructing/birch_desk": {
    "criteria": {
      "has_birch_planks": "2024-11-12 03:04:17 +0000"
    },
    "done": true
  },
  "refurbished_furniture:recipes/misc/constructing/recycle_bin": {
    "criteria": {
      "has_iron_ingot": "2024-11-12 03:58:50 +0000"
    },
    "done": true
  },
  "minecraft:recipes/tools/stone_shovel": {
    "criteria": {
      "has_cobblestone": "2024-11-12 02:58:13 +0000"
    },
    "done": true
  },
  "refurbished_furniture:recipes/misc/constructing/light_gray_lamp": {
    "criteria": {
      "has_planks": "2024-11-12 02:56:54 +0000"
    },
    "done": true
  },
  "minecraft:recipes/building_blocks/oak_wood": {
    "criteria": {
      "has_log": "2024-11-12 02:56:34 +0000"
    },
    "done": true
  },
  "refurbished_furniture:recipes/misc/constructing/magenta_grill": {
    "criteria": {
      "has_iron_ingot": "2024-11-12 03:58:50 +0000"
    },
    "done": true
  },
  "minecraft:clutter/root": {
    "criteria": {
      "requirement": "2024-11-12 02:40:53 +0000"
    },
    "done": true
  },
  "minecraft:recipes/building_blocks/mossy_stone_brick_slab_from_mossy_stone_brick_stonecutting": {
    "criteria": {
      "has_mossy_stone_bricks": "2024-11-12 03:40:30 +0000"
    },
    "done": true
  },
  "doggytalents:recipes/tools/throw_stick": {
    "criteria": {
      "has_slime_ball": "2024-11-12 02:53:51 +0000"
    },
    "done": true
  },
  "supplementaries:recipes/flags/flag_white": {
    "criteria": {
      "has_stick": "2024-11-12 02:55:16 +0000"
    },
    "done": true
  },
  "minecraft:recipes/transportation/jungle_boat": {
    "criteria": {
      "in_water": "2024-11-12 02:41:50 +0000"
    },
    "done": true
  },
  "minecraft:recipes/redstone/heavy_weighted_pressure_plate": {
    "criteria": {
      "has_iron_ingot": "2024-11-12 03:58:50 +0000"
    },
    "done": true
  },
  "refurbished_furniture:recipes/misc/constructing/jungle_lattice_fence_gate": {
    "criteria": {
      "has_stick": "2024-11-12 02:55:16 +0000"
    },
    "done": true
  },
  "refurbished_furniture:recipes/misc/constructing/light_ceiling_light": {
    "criteria": {
      "has_iron_ingot": "2024-11-12 03:58:50 +0000"
    },
    "done": true
  },
  "doggytalents:recipes/decorations/locator_orb_dyable": {
    "criteria": {
      "has_string": "2024-11-12 03:13:11 +0000"
    },
    "done": true
  },
  "travelersbackpack:recipes/misc/hay": {
    "criteria": {
      "has_wheat": "2024-11-12 04:08:02 +0000"
    },
    "done": true
  },
  "clutter:recipes/decorations/bamboo_window_sill": {
    "criteria": {
      "has_flower_pot": "2024-11-12 03:41:09 +0000"
    },
    "done": true
  },
  "minecraft:recipes/building_blocks/bone_block": {
    "criteria": {
      "has_bone_meal": "2024-11-12 03:13:33 +0000"
    },
    "done": true
  },
  "refurbished_furniture:recipes/misc/light_electricity_generator": {
    "criteria": {
      "has_iron_ingot": "2024-11-12 03:58:50 +0000"
    },
    "done": true
  },
  "refurbished_furniture:recipes/misc/constructing/birch_basin": {
    "criteria": {
      "has_birch_planks": "2024-11-12 03:04:17 +0000"
    },
    "done": true
  },
  "minecraft:recipes/redstone/lever": {
    "criteria": {
      "has_cobblestone": "2024-11-12 02:58:13 +0000"
    },
    "done": true
  },
  "farmersdelight:recipes/cooking/dog_food": {
    "criteria": {
      "has_any_ingredient": "2024-11-12 03:13:33 +0000"
    },
    "done": true
  },
  "refurbished_furniture:recipes/misc/constructing/acacia_toilet": {
    "criteria": {
      "has_iron_ingot": "2024-11-12 03:58:50 +0000"
    },
    "done": true
  },
  "refurbished_furniture:recipes/misc/constructing/magenta_trampoline": {
    "criteria": {
      "has_slime_ball": "2024-11-12 02:53:51 +0000"
    },
    "done": true
  },
  "minecraft:recipes/combat/iron_leggings": {
    "criteria": {
      "has_iron_ingot": "2024-11-12 03:58:50 +0000"
    },
    "done": true
  },
  "minecraft:recipes/building_blocks/coarse_dirt": {
    "criteria": {
      "has_gravel": "2024-11-12 03:17:33 +0000"
    },
    "done": true
  },
  "refurbished_furniture:recipes/misc/constructing/blue_stool": {
    "criteria": {
      "has_planks": "2024-11-12 02:56:54 +0000"
    },
    "done": true
  },
  "minecraft:recipes/building_blocks/light_gray_concrete_powder": {
    "criteria": {
      "has_gravel": "2024-11-12 03:17:33 +0000"
    },
    "done": true
  },
  "travelersbackpack:recipes/misc/coal": {
    "criteria": {
      "has_coal": "2024-11-12 03:00:35 +0000"
    },
    "done": true
  },
  "minecraft:recipes/building_blocks/pink_concrete_powder": {
    "criteria": {
      "has_gravel": "2024-11-12 03:17:33 +0000"
    },
    "done": true
  },
  "assortedtools:recipes/tools/wood_shears": {
    "criteria": {
      "has_item": "2024-11-12 02:56:54 +0000"
    },
    "done": true
  },
  "doggytalents:recipes/decorations/frisbee": {
    "criteria": {
      "has_slime_ball": "2024-11-12 02:53:51 +0000"
    },
    "done": true
  },
  "minecraft:story/obtain_armor": {
    "criteria": {
      "iron_chestplate": "2024-11-12 04:02:27 +0000"
    },
    "done": true
  },
  "refurbished_furniture:recipes/misc/constructing/gray_trampoline": {
    "criteria": {
      "has_slime_ball": "2024-11-12 02:53:51 +0000"
    },
    "done": true
  },
  "refurbished_furniture:recipes/misc/constructing/brown_stool": {
    "criteria": {
      "has_planks": "2024-11-12 02:56:54 +0000"
    },
    "done": true
  },
  "refurbished_furniture:recipes/misc/constructing/mangrove_bath": {
    "criteria": {
      "has_iron_ingot": "2024-11-12 03:58:50 +0000"
    },
    "done": true
  },
  "refurbished_furniture:recipes/misc/constructing/oak_kitchen_sink": {
    "criteria": {
      "has_oak_planks": "2024-11-12 02:56:54 +0000"
    },
    "done": true
  },
  "refurbished_furniture:recipes/misc/constructing/orange_stool": {
    "criteria": {
      "has_planks": "2024-11-12 02:56:54 +0000"
    },
    "done": true
  },
  "refurbished_furniture:recipes/misc/constructing/light_fridge": {
    "criteria": {
      "has_iron_ingot": "2024-11-12 03:58:50 +0000"
    },
    "done": true
  },
  "minecraft:recipes/misc/iron_nugget_from_smelting": {
    "criteria": {
      "has_iron_pickaxe": "2024-11-12 03:58:56 +0000"
    },
    "done": true
  },
  "refurbished_furniture:recipes/misc/constructing/jungle_bath": {
    "criteria": {
      "has_iron_ingot": "2024-11-12 03:58:50 +0000"
    },
    "done": true
  },
  "vc_gliders:recipes/transportation/paraglider_diamond": {
    "criteria": {
      "has_crafting_table": "2024-11-12 02:56:59 +0000"
    },
    "done": true
  },
  "clutter:recipes/decorations/stripped_birch_chair": {
    "criteria": {
      "has_birch_planks": "2024-11-12 03:04:17 +0000"
    },
    "done": true
  },
  "minecraft:story/iron_tools": {
    "criteria": {
      "iron_pickaxe": "2024-11-12 03:58:56 +0000"
    },
    "done": true
  },
  "minecraft:recipes/combat/iron_chestplate": {
    "criteria": {
      "has_iron_ingot": "2024-11-12 03:58:50 +0000"
    },
    "done": true
  },
  "minecraft:recipes/redstone/oak_trapdoor": {
    "criteria": {
      "has_planks": "2024-11-12 02:56:54 +0000"
    },
    "done": true
  },
  "refurbished_furniture:recipes/misc/constructing/black_cooler": {
    "criteria": {
      "has_planks": "2024-11-12 02:56:54 +0000"
    },
    "done": true
  },
  "refurbished_furniture:recipes/misc/constructing/lime_lamp": {
    "criteria": {
      "has_planks": "2024-11-12 02:56:54 +0000"
    },
    "done": true
  },
  "minecraft:recipes/building_blocks/deepslate_brick_stairs_from_cobbled_deepslate_stonecutting": {
    "criteria": {
      "has_cobbled_deepslate": "2024-11-12 03:31:01 +0000"
    },
    "done": true
  },
  "minecraft:recipes/combat/stone_sword": {
    "criteria": {
      "has_cobblestone": "2024-11-12 02:58:13 +0000"
    },
    "done": true
  },
  "minecraft:recipes/decorations/cobblestone_wall": {
    "criteria": {
      "has_cobblestone": "2024-11-12 02:58:13 +0000"
    },
    "done": true
  },
  "assortedtools:recipes/tools/wooden_multitool": {
    "criteria": {
      "has_item": "2024-11-12 02:56:54 +0000"
    },
    "done": true
  },
  "minecraft:recipes/tools/stone_axe": {
    "criteria": {
      "has_cobblestone": "2024-11-12 02:58:13 +0000"
    },
    "done": true
  },
  "farmersdelight:recipes/food/wheat_dough_from_eggs": {
    "criteria": {
      "has_wheat": "2024-11-12 04:08:02 +0000"
    },
    "done": true
  },
  "refurbished_furniture:recipes/misc/constructing/dark_oak_basin": {
    "criteria": {
      "has_iron_ingot": "2024-11-12 03:58:50 +0000"
    },
    "done": true
  },
  "supplementaries:recipes/flags/flag_brown": {
    "criteria": {
      "has_stick": "2024-11-12 02:55:16 +0000"
    },
    "done": true
  },
  "minecraft:recipes/misc/iron_nugget": {
    "criteria": {
      "has_iron_ingot": "2024-11-12 03:58:50 +0000"
    },
    "done": true
  },
  "supplementaries:recipes/flags/flag_gray": {
    "criteria": {
      "has_stick": "2024-11-12 02:55:16 +0000"
    },
    "done": true
  },
  "minecraft:recipes/building_blocks/brown_concrete_powder": {
    "criteria": {
      "has_gravel": "2024-11-12 03:17:33 +0000"
    },
    "done": true
  },
  "farmersdelight:recipes/combat/flint_knife": {
    "criteria": {
      "has_stick": "2024-11-12 02:55:16 +0000"
    },
    "done": true
  },
  "minecraft:recipes/misc/bucket": {
    "criteria": {
      "has_iron_ingot": "2024-11-12 03:58:50 +0000"
    },
    "done": true
  },
  "refurbished_furniture:recipes/misc/constructing/cherry_basin": {
    "criteria": {
      "has_iron_ingot": "2024-11-12 03:58:50 +0000"
    },
    "done": true
  },
  "supplementaries:recipes/flower_box": {
    "criteria": {
      "has_dirt": "2024-11-12 02:51:59 +0000"
    },
    "done": true
  },
  "minecraft:recipes/building_blocks/light_blue_concrete_powder": {
    "criteria": {
      "has_gravel": "2024-11-12 03:17:33 +0000"
    },
    "done": true
  },
  "clutter:recipes/misc/blue_dye_from_small_blue_lupine": {
    "criteria": {
      "has_small_blue_lupine": "2024-11-12 03:27:53 +0000"
    },
    "done": true
  },
  "iceandfire:recipes/tools/silver_ingot_from_smelting_raw_silver": {
    "criteria": {
      "has_raw_silver": "2024-11-12 03:00:58 +0000"
    },
    "done": true
  },
  "minecraft:recipes/combat/bow": {
    "criteria": {
      "has_string": "2024-11-12 03:13:11 +0000"
    },
    "done": true
  },
  "refurbished_furniture:recipes/misc/slicing/bone_meal_from_bone": {
    "criteria": {
      "has_bone": "2024-11-12 03:13:32 +0000"
    },
    "done": true
  },
  "minecraft:recipes/transportation/minecart": {
    "criteria": {
      "has_iron_ingot": "2024-11-12 03:58:50 +0000"
    },
    "done": true
  },
  "supplementaries:recipes/faucet": {
    "criteria": {
      "has_iron_ingot": "2024-11-12 03:58:50 +0000"
    },
    "done": true
  },
  "minecraft:recipes/tools/iron_hoe": {
    "criteria": {
      "has_iron_ingot": "2024-11-12 03:58:50 +0000"
    },
    "done": true
  },
  "graveyard:graveyard/root": {
    "criteria": {
      "grave_04": "2024-11-12 03:12:43 +0000"
    },
    "done": true
  },
  "refurbished_furniture:recipes/misc/constructing/computer": {
    "criteria": {
      "has_iron_ingot": "2024-11-12 03:58:50 +0000"
    },
    "done": true
  },
  "refurbished_furniture:recipes/misc/constructing/cherry_storage_cabinet": {
    "criteria": {
      "has_iron_ingot": "2024-11-12 03:58:50 +0000"
    },
    "done": true
  },
  "majruszsdifficulty:game_stage_normal": {
    "criteria": {
      "is_triggered": "2024-11-12 02:40:53 +0000"
    },
    "done": true
  },
  "supplementaries:recipes/candle_holders/candle_holder_pink": {
    "criteria": {
      "has_iron_ingot": "2024-11-12 03:58:50 +0000"
    },
    "done": true
  },
  "refurbished_furniture:recipes/misc/constructing/magenta_cooler": {
    "criteria": {
      "has_planks": "2024-11-12 02:56:54 +0000"
    },
    "done": true
  },
  "refurbished_furniture:recipes/misc/constructing/spruce_lattice_fence": {
    "criteria": {
      "has_stick": "2024-11-12 02:55:16 +0000"
    },
    "done": true
  },
  "refurbished_furniture:recipes/misc/constructing/light_blue_cooler": {
    "criteria": {
      "has_planks": "2024-11-12 02:56:54 +0000"
    },
    "done": true
  },
  "refurbished_furniture:recipes/misc/constructing/oak_mail_box": {
    "criteria": {
      "has_oak_planks": "2024-11-12 02:56:54 +0000"
    },
    "done": true
  },
  "refurbished_furniture:recipes/misc/constructing/pink_sofa": {
    "criteria": {
      "has_planks": "2024-11-12 02:56:54 +0000"
    },
    "done": true
  },
  "refurbished_furniture:recipes/misc/constructing/birch_chair": {
    "criteria": {
      "has_birch_planks": "2024-11-12 03:04:17 +0000"
    },
    "done": true
  },
  "refurbished_furniture:recipes/misc/constructing/oak_bath": {
    "criteria": {
      "has_oak_planks": "2024-11-12 02:56:54 +0000"
    },
    "done": true
  },
  "refurbished_furniture:recipes/misc/constructing/brown_lamp": {
    "criteria": {
      "has_planks": "2024-11-12 02:56:54 +0000"
    },
    "done": true
  },
  "doggytalents:recipes/food/uncooked_rice_bowl": {
    "criteria": {
      "has_dtn_rice_grains": "2024-11-12 04:07:22 +0000"
    },
    "done": true
  },
  "doggytalents:recipes/decorations/guard_suit": {
    "criteria": {
      "has_string": "2024-11-12 03:13:11 +0000"
    },
    "done": true
  },
  "assortedtools:recipes/combat/stone_spear_alt": {
    "criteria": {
      "has_item": "2024-11-12 02:58:13 +0000"
    },
    "done": true
  },
  "refurbished_furniture:recipes/misc/constructing/crimson_lattice_fence_gate": {
    "criteria": {
      "has_stick": "2024-11-12 02:55:16 +0000"
    },
    "done": true
  },
  "refurbished_furniture:recipes/misc/constructing/red_grill": {
    "criteria": {
      "has_iron_ingot": "2024-11-12 03:58:50 +0000"
    },
    "done": true
  },
  "minecraft:story/smelt_iron": {
    "criteria": {
      "iron": "2024-11-12 03:58:50 +0000"
    },
    "done": true
  },
  "supplementaries:recipes/sign_post_birch": {
    "criteria": {
      "has_the_recipe": "2024-11-12 03:04:17 +0000"
    },
    "done": true
  },
  "supplementaries:recipes/candle_holders/candle_holder_white": {
    "criteria": {
      "has_iron_ingot": "2024-11-12 03:58:50 +0000"
    },
    "done": true
  },
  "minecraft:recipes/tools/fishing_rod": {
    "criteria": {
      "has_string": "2024-11-12 03:13:11 +0000"
    },
    "done": true
  },
  "minecraft:recipes/decorations/smoker": {
    "criteria": {
      "has_furnace": "2024-11-12 03:20:54 +0000"
    },
    "done": true
  },
  "minecraft:recipes/building_blocks/chiseled_deepslate_from_cobbled_deepslate_stonecutting": {
    "criteria": {
      "has_cobbled_deepslate": "2024-11-12 03:31:01 +0000"
    },
    "done": true
  },
  "minecraft:recipes/building_blocks/chiseled_stone_bricks": {
    "criteria": {
      "has_tag": "2024-11-12 03:40:30 +0000"
    },
    "done": true
  },
  "supplementaries:recipes/bed_from_feather_block": {
    "criteria": {
      "minecraft:planks": "2024-11-12 02:56:54 +0000"
    },
    "done": true
  },
  "supplementaries:recipes/checker": {
    "criteria": {
      "has_cobblestone": "2024-11-12 02:58:13 +0000"
    },
    "done": true
  },
  "refurbished_furniture:recipes/misc/constructing/lime_sofa": {
    "criteria": {
      "has_planks": "2024-11-12 02:56:54 +0000"
    },
    "done": true
  },
  "minecraft:recipes/decorations/cobbled_deepslate_wall_from_cobbled_deepslate_stonecutting": {
    "criteria": {
      "has_cobbled_deepslate": "2024-11-12 03:31:01 +0000"
    },
    "done": true
  },
  "doggytalents:recipes/tools/throw_bone": {
    "criteria": {
      "has_bone": "2024-11-12 03:13:32 +0000"
    },
    "done": true
  },
  "refurbished_furniture:recipes/frying/glow_berry_jam": {
    "criteria": {
      "has_ingredient": "2024-11-12 03:24:29 +0000"
    },
    "done": true
  },
  "refurbished_furniture:recipes/misc/constructing/light_gray_trampoline": {
    "criteria": {
      "has_slime_ball": "2024-11-12 02:53:51 +0000"
    },
    "done": true
  },
  "minecraft:recipes/building_blocks/oak_stairs": {
    "criteria": {
      "has_planks": "2024-11-12 02:56:54 +0000"
    },
    "done": true
  },
  "minecraft:recipes/building_blocks/white_concrete_powder": {
    "criteria": {
      "has_gravel": "2024-11-12 03:17:33 +0000"
    },
    "done": true
  },
  "farmersdelight:recipes/food/wheat_dough_from_water": {
    "criteria": {
      "has_wheat": "2024-11-12 04:08:02 +0000"
    },
    "done": true
  },
  "refurbished_furniture:recipes/misc/constructing/mangrove_basin": {
    "criteria": {
      "has_iron_ingot": "2024-11-12 03:58:50 +0000"
    },
    "done": true
  },
  "refurbished_furniture:recipes/misc/constructing/red_cooler": {
    "criteria": {
      "has_planks": "2024-11-12 02:56:54 +0000"
    },
    "done": true
  },
  "refurbished_furniture:recipes/misc/constructing/green_trampoline": {
    "criteria": {
      "has_slime_ball": "2024-11-12 02:53:51 +0000"
    },
    "done": true
  },
  "minecraft:recipes/decorations/chain": {
    "criteria": {
      "has_iron_ingot": "2024-11-12 03:58:50 +0000"
    },
    "done": true
  },
  "minecraft:recipes/decorations/oak_fence": {
    "criteria": {
      "has_planks": "2024-11-12 02:56:54 +0000"
    },
    "done": true
  },
  "refurbished_furniture:recipes/misc/constructing/oak_basin": {
    "criteria": {
      "has_oak_planks": "2024-11-12 02:56:54 +0000"
    },
    "done": true
  },
  "refurbished_furniture:recipes/misc/constructing/lime_trampoline": {
    "criteria": {
      "has_slime_ball": "2024-11-12 02:53:51 +0000"
    },
    "done": true
  },
  "doggytalents:recipes/decorations/locator_orb_rei": {
    "criteria": {
      "has_string": "2024-11-12 03:13:11 +0000"
    },
    "done": true
  },
  "supplementaries:recipes/sconce": {
    "criteria": {
      "has_torch": "2024-11-12 03:07:46 +0000"
    },
    "done": true
  },
  "minecraft:recipes/misc/bone_meal": {
    "criteria": {
      "has_bone": "2024-11-12 03:13:32 +0000"
    },
    "done": true
  },
  "refurbished_furniture:recipes/misc/constructing/dark_oak_bath": {
    "criteria": {
      "has_iron_ingot": "2024-11-12 03:58:50 +0000"
    },
    "done": true
  },
  "minecraft:recipes/decorations/cobbled_deepslate_wall": {
    "criteria": {
      "has_cobbled_deepslate": "2024-11-12 03:31:01 +0000"
    },
    "done": true
  },
  "travelersbackpack:recipes/misc/spider": {
    "criteria": {
      "has_string": "2024-11-12 03:13:11 +0000"
    },
    "done": true
  },
  "minecraft:recipes/decorations/polished_deepslate_wall_from_cobbled_deepslate_stonecutting": {
    "criteria": {
      "has_cobbled_deepslate": "2024-11-12 03:31:01 +0000"
    },
    "done": true
  },
  "iceandfire:recipes/misc/earplugs": {
    "criteria": {
      "has_item": "2024-11-12 02:56:54 +0000"
    },
    "done": true
  },
  "minecraft:recipes/decorations/smithing_table": {
    "criteria": {
      "has_iron_ingot": "2024-11-12 03:58:50 +0000"
    },
    "done": true
  },
  "refurbished_furniture:recipes/misc/constructing/crimson_bath": {
    "criteria": {
      "has_iron_ingot": "2024-11-12 03:58:50 +0000"
    },
    "done": true
  },
  "supplementaries:recipes/speaker_block": {
    "criteria": {
      "minecraft:planks": "2024-11-12 02:56:54 +0000"
    },
    "done": true
  },
  "refurbished_furniture:recipes/misc/constructing/black_trampoline": {
    "criteria": {
      "has_slime_ball": "2024-11-12 02:53:51 +0000"
    },
    "done": true
  },
  "vc_gliders:recipes/misc/reinforced_paper_gold": {
    "criteria": {
      "has_crafting_table": "2024-11-12 02:56:59 +0000"
    },
    "done": true
  },
  "clutter:recipes/decorations/stripped_birch_bench": {
    "criteria": {
      "has_birch_planks": "2024-11-12 03:04:17 +0000"
    },
    "done": true
  },
  "assortedtools:recipes/tools/wood_bucket": {
    "criteria": {
      "has_item": "2024-11-12 02:56:54 +0000"
    },
    "done": true
  },
  "supplementaries:recipes/flags/flag_light_blue": {
    "criteria": {
      "has_stick": "2024-11-12 02:55:16 +0000"
    },
    "done": true
  },
  "minecraft:recipes/transportation/spruce_boat": {
    "criteria": {
      "in_water": "2024-11-12 02:41:50 +0000"
    },
    "done": true
  },
  "doggytalents:recipes/decorations/wool_collar_thicc": {
    "criteria": {
      "has_string": "2024-11-12 03:13:11 +0000"
    },
    "done": true
  },
  "refurbished_furniture:recipes/misc/constructing/green_cooler": {
    "criteria": {
      "has_planks": "2024-11-12 02:56:54 +0000"
    },
    "done": true
  },
  "iceandfire:recipes/building_blocks/raw_silver_to_raw_silver_block": {
    "criteria": {
      "has_raw_silver": "2024-11-12 03:00:58 +0000"
    },
    "done": true
  },
  "clutter:recipes/decorations/birch_table": {
    "criteria": {
      "has_birch_log": "2024-11-12 03:03:48 +0000"
    },
    "done": true
  },
  "refurbished_furniture:recipes/misc/knife": {
    "criteria": {
      "has_string": "2024-11-12 03:13:11 +0000"
    },
    "done": true
  },
  "refurbished_furniture:recipes/misc/workbench": {
    "criteria": {
      "has_planks": "2024-11-12 02:56:54 +0000"
    },
    "done": true
  },
  "refurbished_furniture:recipes/misc/constructing/brown_sofa": {
    "criteria": {
      "has_planks": "2024-11-12 02:56:54 +0000"
    },
    "done": true
  },
  "refurbished_furniture:recipes/misc/constructing/door_mat": {
    "criteria": {
      "has_wheat": "2024-11-12 04:08:02 +0000"
    },
    "done": true
  },
  "vc_gliders:recipes/transportation/paraglider_wood": {
    "criteria": {
      "has_crafting_table": "2024-11-12 02:56:59 +0000"
    },
    "done": true
  },
  "minecraft:husbandry/root": {
    "criteria": {
      "consumed_item": "2024-11-12 03:25:06 +0000"
    },
    "done": true
  },
  "minecraft:recipes/transportation/birch_boat": {
    "criteria": {
      "in_water": "2024-11-12 02:41:50 +0000"
    },
    "done": true
  },
  "minecraft:recipes/building_blocks/cobbled_deepslate_stairs_from_cobbled_deepslate_stonecutting": {
    "criteria": {
      "has_cobbled_deepslate": "2024-11-12 03:31:01 +0000"
    },
    "done": true
  },
  "refurbished_furniture:recipes/misc/constructing/light_blue_lamp": {
    "criteria": {
      "has_planks": "2024-11-12 02:56:54 +0000"
    },
    "done": true
  },
  "clutter:recipes/decorations/warped_window_sill": {
    "criteria": {
      "has_flower_pot": "2024-11-12 03:41:09 +0000"
    },
    "done": true
  },
  "minecraft:recipes/building_blocks/deepslate": {
    "criteria": {
      "has_cobbled_deepslate": "2024-11-12 03:31:01 +0000"
    },
    "done": true
  },
  "refurbished_furniture:recipes/misc/constructing/blue_sofa": {
    "criteria": {
      "has_planks": "2024-11-12 02:56:54 +0000"
    },
    "done": true
  },
  "refurbished_furniture:recipes/misc/constructing/warped_basin": {
    "criteria": {
      "has_iron_ingot": "2024-11-12 03:58:50 +0000"
    },
    "done": true
  },
  "minecraft:recipes/transportation/oak_boat": {
    "criteria": {
      "in_water": "2024-11-12 02:41:50 +0000"
    },
    "done": true
  },
  "refurbished_furniture:recipes/misc/constructing/doorbell": {
    "criteria": {
      "has_iron_ingot": "2024-11-12 03:58:50 +0000"
    },
    "done": true
  },
  "refurbished_furniture:recipes/misc/constructing/light_lightswitch": {
    "criteria": {
      "has_iron_ingot": "2024-11-12 03:58:50 +0000"
    },
    "done": true
  },
  "clutter:recipes/misc/red_dye_from_small_red_lupine": {
    "criteria": {
      "has_small_red_lupine": "2024-11-12 03:27:51 +0000"
    },
    "done": true
  },
  "refurbished_furniture:recipes/misc/constructing/light_blue_stool": {
    "criteria": {
      "has_planks": "2024-11-12 02:56:54 +0000"
    },
    "done": true
  },
  "minecraft:recipes/building_blocks/mossy_cobblestone_from_moss_block": {
    "criteria": {
      "has_moss_block": "2024-11-12 03:21:55 +0000"
    },
    "done": true
  },
  "minecraft:recipes/building_blocks/coal_block": {
    "criteria": {
      "has_coal": "2024-11-12 03:00:35 +0000"
    },
    "done": true
  },
  "refurbished_furniture:recipes/misc/constructing/cherry_lattice_fence": {
    "criteria": {
      "has_stick": "2024-11-12 02:55:16 +0000"
    },
    "done": true
  },
  "minecraft:recipes/tools/lead": {
    "criteria": {
      "has_slime_ball": "2024-11-12 02:53:51 +0000"
    },
    "done": true
  },
  "dungeonnowloading:story/root": {
    "criteria": {
      "obtain_crafting_table": "2024-11-12 02:56:59 +0000"
    },
    "done": true
  },
  "supplementaries:recipes/candle_holders/candle_holder_brown": {
    "criteria": {
      "has_iron_ingot": "2024-11-12 03:58:50 +0000"
    },
    "done": true
  },
  "supplementaries:recipes/goblet": {
    "criteria": {
      "has_iron_ingot": "2024-11-12 03:58:50 +0000"
    },
    "done": true
  },
  "refurbished_furniture:recipes/misc/constructing/oak_chair": {
    "criteria": {
      "has_oak_planks": "2024-11-12 02:56:54 +0000"
    },
    "done": true
  },
  "minecraft:recipes/redstone/oak_button": {
    "criteria": {
      "has_planks": "2024-11-12 02:56:54 +0000"
    },
    "done": true
  },
  "refurbished_furniture:recipes/misc/constructing/white_cooler": {
    "criteria": {
      "has_planks": "2024-11-12 02:56:54 +0000"
    },
    "done": true
  },
  "iceandfire:recipes/tools/silver_ingot_from_blasting_raw_silver": {
    "criteria": {
      "has_raw_silver": "2024-11-12 03:00:58 +0000"
    },
    "done": true
  },
  "minecraft:recipes/building_blocks/cracked_deepslate_tiles": {
    "criteria": {
      "has_deepslate_tiles": "2024-11-12 03:13:15 +0000"
    },
    "done": true
  },
  "refurbished_furniture:recipes/food/dough": {
    "criteria": {
      "has_water": "2024-11-12 04:02:56 +0000"
    },
    "done": true
  },
  "minecraft:recipes/combat/iron_sword": {
    "criteria": {
      "has_iron_ingot": "2024-11-12 03:58:50 +0000"
    },
    "done": true
  },
  "minecraft:recipes/tools/iron_pickaxe": {
    "criteria": {
      "has_iron_ingot": "2024-11-12 03:58:50 +0000"
    },
    "done": true
  },
  "refurbished_furniture:recipes/misc/constructing/blue_lamp": {
    "criteria": {
      "has_planks": "2024-11-12 02:56:54 +0000"
    },
    "done": true
  },
  "doggytalents:recipes/tools/empty_locator_orb": {
    "criteria": {
      "has_string": "2024-11-12 03:13:11 +0000"
    },
    "done": true
  },
  "refurbished_furniture:recipes/misc/constructing/spruce_toilet": {
    "criteria": {
      "has_iron_ingot": "2024-11-12 03:58:50 +0000"
    },
    "done": true
  },
  "refurbished_furniture:recipes/misc/constructing/red_stool": {
    "criteria": {
      "has_planks": "2024-11-12 02:56:54 +0000"
    },
    "done": true
  },
  "minecraft:recipes/transportation/mangrove_boat": {
    "criteria": {
      "in_water": "2024-11-12 02:41:50 +0000"
    },
    "done": true
  },
  "minecraft:recipes/decorations/torch": {
    "criteria": {
      "has_stone_pickaxe": "2024-11-12 02:58:46 +0000"
    },
    "done": true
  },
  "supplementaries:recipes/flags/flag_blue": {
    "criteria": {
      "has_stick": "2024-11-12 02:55:16 +0000"
    },
    "done": true
  },
  "supplementaries:recipes/iron_gate": {
    "criteria": {
      "has_iron_ingot": "2024-11-12 03:58:50 +0000"
    },
    "done": true
  },
  "vc_gliders:recipes/misc/reinforced_paper_iron": {
    "criteria": {
      "has_crafting_table": "2024-11-12 02:56:59 +0000"
    },
    "done": true
  },
  "minecraft:recipes/combat/shield": {
    "criteria": {
      "has_iron_ingot": "2024-11-12 03:58:50 +0000"
    },
    "done": true
  },
  "refurbished_furniture:recipes/misc/wrench": {
    "criteria": {
      "has_string": "2024-11-12 03:13:11 +0000"
    },
    "done": true
  },
  "minecraft:recipes/decorations/iron_bars": {
    "criteria": {
      "has_iron_ingot": "2024-11-12 03:58:50 +0000"
    },
    "done": true
  },
  "supplementaries:recipes/candle_holders/candle_holder_black": {
    "criteria": {
      "has_iron_ingot": "2024-11-12 03:58:50 +0000"
    },
    "done": true
  },
  "refurbished_furniture:recipes/misc/constructing/brown_grill": {
    "criteria": {
      "has_iron_ingot": "2024-11-12 03:58:50 +0000"
    },
    "done": true
  },
  "minecraft:recipes/building_blocks/deepslate_tile_slab_from_deepslate_tiles_stonecutting": {
    "criteria": {
      "has_deepslate_tiles": "2024-11-12 03:13:15 +0000"
    },
    "done": true
  },
  "refurbished_furniture:recipes/misc/slicing/string_from_cobweb": {
    "criteria": {
      "has_cobweb": "2024-11-12 03:13:38 +0000"
    },
    "done": true
  },
  "minecraft:recipes/building_blocks/polished_deepslate_slab_from_cobbled_deepslate_stonecutting": {
    "criteria": {
      "has_cobbled_deepslate": "2024-11-12 03:31:01 +0000"
    },
    "done": true
  },
  "doggytalents:recipes/decorations/tengu_mask": {
    "criteria": {
      "has_string": "2024-11-12 03:13:11 +0000"
    },
    "done": true
  },
  "supplementaries:recipes/notice_board": {
    "criteria": {
      "minecraft:planks": "2024-11-12 02:56:54 +0000"
    },
    "done": true
  },
  "refurbished_furniture:recipes/misc/constructing/television": {
    "criteria": {
      "has_iron_ingot": "2024-11-12 03:58:50 +0000"
    },
    "done": true
  },
  "travelersbackpack:recipes/misc/iron_tier_upgrade": {
    "criteria": {
      "has_iron_ingot": "2024-11-12 03:58:50 +0000"
    },
    "done": true
  },
  "refurbished_furniture:recipes/misc/constructing/gray_lamp": {
    "criteria": {
      "has_planks": "2024-11-12 02:56:54 +0000"
    },
    "done": true
  },
  "refurbished_furniture:recipes/misc/constructing/warped_lattice_fence_gate": {
    "criteria": {
      "has_stick": "2024-11-12 02:55:16 +0000"
    },
    "done": true
  },
  "refurbished_furniture:recipes/misc/constructing/spruce_basin": {
    "criteria": {
      "has_iron_ingot": "2024-11-12 03:58:50 +0000"
    },
    "done": true
  },
  "minecraft:recipes/building_blocks/jungle_planks": {
    "criteria": {
      "has_logs": "2024-11-12 02:55:03 +0000"
    },
    "done": true
  },
  "refurbished_furniture:recipes/misc/constructing/jungle_basin": {
    "criteria": {
      "has_iron_ingot": "2024-11-12 03:58:50 +0000"
    },
    "done": true
  },
  "refurbished_furniture:recipes/misc/constructing/light_blue_sofa": {
    "criteria": {
      "has_planks": "2024-11-12 02:56:54 +0000"
    },
    "done": true
  },
  "travelersbackpack:recipes/misc/hose_nozzle": {
    "criteria": {
      "has_iron": "2024-11-12 03:58:50 +0000"
    },
    "done": true
  },
  "refurbished_furniture:recipes/misc/constructing/pink_trampoline": {
    "criteria": {
      "has_slime_ball": "2024-11-12 02:53:51 +0000"
    },
    "done": true
  },
  "refurbished_furniture:recipes/misc/constructing/birch_drawer": {
    "criteria": {
      "has_birch_planks": "2024-11-12 03:04:17 +0000"
    },
    "done": true
  },
  "minecraft:recipes/redstone/sticky_piston": {
    "criteria": {
      "has_slime_ball": "2024-11-12 02:53:51 +0000"
    },
    "done": true
  },
  "refurbished_furniture:recipes/misc/constructing/birch_table": {
    "criteria": {
      "has_birch_planks": "2024-11-12 03:04:17 +0000"
    },
    "done": true
  },
  "refurbished_furniture:recipes/misc/constructing/black_sofa": {
    "criteria": {
      "has_planks": "2024-11-12 02:56:54 +0000"
    },
    "done": true
  },
  "clutter:recipes/decorations/birch_short_bench": {
    "criteria": {
      "has_birch_log": "2024-11-12 03:03:48 +0000"
    },
    "done": true
  },
  "clutter:recipes/decorations/stripped_oak_chair": {
    "criteria": {
      "has_oak_planks": "2024-11-12 02:56:54 +0000"
    },
    "done": true
  },
  "refurbished_furniture:recipes/freezing/ice": {
    "criteria": {
      "has_ingredient": "2024-11-12 04:02:56 +0000"
    },
    "done": true
  },
  "minecraft:recipes/misc/iron_ingot_from_smelting_raw_iron": {
    "criteria": {
      "has_raw_iron": "2024-11-12 03:13:24 +0000"
    },
    "done": true
  },
  "minecraft:recipes/building_blocks/deepslate_brick_slab_from_cobbled_deepslate_stonecutting": {
    "criteria": {
      "has_cobbled_deepslate": "2024-11-12 03:31:01 +0000"
    },
    "done": true
  },
  "refurbished_furniture:recipes/misc/constructing/purple_sofa": {
    "criteria": {
      "has_planks": "2024-11-12 02:56:54 +0000"
    },
    "done": true
  },
  "supplementaries:recipes/candle_holders/candle_holder_green": {
    "criteria": {
      "has_iron_ingot": "2024-11-12 03:58:50 +0000"
    },
    "done": true
  },
  "minecraft:recipes/building_blocks/deepslate_tile_stairs": {
    "criteria": {
      "has_deepslate_tiles": "2024-11-12 03:13:15 +0000"
    },
    "done": true
  },
  "assortedtools:recipes/tools/breaking_wand": {
    "criteria": {
      "has_iron": "2024-11-12 03:58:50 +0000"
    },
    "done": true
  },
  "refurbished_furniture:recipes/misc/constructing/oak_lattice_fence": {
    "criteria": {
      "has_stick": "2024-11-12 02:55:16 +0000"
    },
    "done": true
  },
  "refurbished_furniture:recipes/misc/constructing/gray_cooler": {
    "criteria": {
      "has_planks": "2024-11-12 02:56:54 +0000"
    },
    "done": true
  },
  "refurbished_furniture:recipes/misc/constructing/birch_kitchen_storage_cabinet": {
    "criteria": {
      "has_birch_planks": "2024-11-12 03:04:17 +0000"
    },
    "done": true
  },
  "doggytalents:recipes/decorations/locator_orb_jin": {
    "criteria": {
      "has_string": "2024-11-12 03:13:11 +0000"
    },
    "done": true
  },
  "minecraft:recipes/tools/wooden_pickaxe": {
    "criteria": {
      "has_stick": "2024-11-12 02:55:16 +0000"
    },
    "done": true
  },
  "minecraft:recipes/building_blocks/cobbled_deepslate_stairs": {
    "criteria": {
      "has_cobbled_deepslate": "2024-11-12 03:31:01 +0000"
    },
    "done": true
  },
  "minecraft:recipes/building_blocks/mossy_stone_brick_stairs": {
    "criteria": {
      "has_mossy_stone_bricks": "2024-11-12 03:40:30 +0000"
    },
    "done": true
  },
  "farmersdelight:main/root": {
    "criteria": {
      "seeds": "2024-11-12 02:51:59 +0000"
    },
    "done": true
  },
  "doggytalents:recipes/food/training_treat": {
    "criteria": {
      "has_dtn_rice_grains": "2024-11-12 04:07:22 +0000"
    },
    "done": true
  },
  "supplementaries:recipes/flags/flag_cyan": {
    "criteria": {
      "has_stick": "2024-11-12 02:55:16 +0000"
    },
    "done": true
  },
  "minecraft:story/upgrade_tools": {
    "criteria": {
      "stone_pickaxe": "2024-11-12 02:58:46 +0000"
    },
    "done": true
  },
  "refurbished_furniture:recipes/misc/constructing/light_gray_stool": {
    "criteria": {
      "has_planks": "2024-11-12 02:56:54 +0000"
    },
    "done": true
  },
  "farmersdelight:recipes/cooking/bone_broth": {
    "criteria": {
      "has_bone": "2024-11-12 03:13:32 +0000"
    },
    "done": true
  },
  "travelersbackpack:recipes/misc/wolf": {
    "criteria": {
      "has_bone": "2024-11-12 03:13:32 +0000"
    },
    "done": true
  },
  "refurbished_furniture:recipes/misc/constructing/white_stool": {
    "criteria": {
      "has_planks": "2024-11-12 02:56:54 +0000"
    },
    "done": true
  },
  "minecraft:recipes/redstone/oak_pressure_plate": {
    "criteria": {
      "has_planks": "2024-11-12 02:56:54 +0000"
    },
    "done": true
  },
  "refurbished_furniture:recipes/misc/constructing/orange_grill": {
    "criteria": {
      "has_iron_ingot": "2024-11-12 03:58:50 +0000"
    },
    "done": true
  },
  "doggytalents:recipes/decorations/kitsune_mask": {
    "criteria": {
      "has_string": "2024-11-12 03:13:11 +0000"
    },
    "done": true
  },
  "refurbished_furniture:recipes/misc/constructing/mangrove_lattice_fence": {
    "criteria": {
      "has_stick": "2024-11-12 02:55:16 +0000"
    },
    "done": true
  },
  "assortedtools:recipes/tools/pokeball": {
    "criteria": {
      "has_iron": "2024-11-12 03:58:50 +0000"
    },
    "done": true
  },
  "refurbished_furniture:recipes/misc/constructing/cherry_lattice_fence_gate": {
    "criteria": {
      "has_stick": "2024-11-12 02:55:16 +0000"
    },
    "done": true
  },
  "supplementaries:recipes/flags/flag_yellow": {
    "criteria": {
      "has_stick": "2024-11-12 02:55:16 +0000"
    },
    "done": true
  },
  "supplementaries:recipes/candle_holders/candle_holder": {
    "criteria": {
      "has_candle": "2024-11-12 03:46:05 +0000"
    },
    "done": true
  },
  "refurbished_furniture:recipes/misc/constructing/yellow_stool": {
    "criteria": {
      "has_planks": "2024-11-12 02:56:54 +0000"
    },
    "done": true
  },
  "minecraft:recipes/building_blocks/polished_granite": {
    "criteria": {
      "has_granite": "2024-11-12 03:10:11 +0000"
    },
    "done": true
  },
  "minecraft:recipes/redstone/birch_trapdoor": {
    "criteria": {
      "has_planks": "2024-11-12 03:04:17 +0000"
    },
    "done": true
  },
  "refurbished_furniture:recipes/misc/constructing/black_lamp": {
    "criteria": {
      "has_planks": "2024-11-12 02:56:54 +0000"
    },
    "done": true
  },
  "clutter:recipes/decorations/birch_window_sill": {
    "criteria": {
      "has_flower_pot": "2024-11-12 03:41:09 +0000"
    },
    "done": true
  },
  "minecraft:recipes/building_blocks/yellow_concrete_powder": {
    "criteria": {
      "has_gravel": "2024-11-12 03:17:33 +0000"
    },
    "done": true
  },
  "refurbished_furniture:recipes/misc/constructing/light_range_hood": {
    "criteria": {
      "has_iron_ingot": "2024-11-12 03:58:50 +0000"
    },
    "done": true
  },
  "supplementaries:recipes/flags/flag_light_gray": {
    "criteria": {
      "has_stick": "2024-11-12 02:55:16 +0000"
    },
    "done": true
  },
  "refurbished_furniture:recipes/misc/constructing/birch_mail_box": {
    "criteria": {
      "has_birch_planks": "2024-11-12 03:04:17 +0000"
    },
    "done": true
  },
  "refurbished_furniture:recipes/misc/constructing/pink_lamp": {
    "criteria": {
      "has_planks": "2024-11-12 02:56:54 +0000"
    },
    "done": true
  },
  "clutter:recipes/decorations/birch_cupboard": {
    "criteria": {
      "has_birch_planks": "2024-11-12 03:04:17 +0000"
    },
    "done": true
  },
  "refurbished_furniture:recipes/misc/constructing/lime_cooler": {
    "criteria": {
      "has_planks": "2024-11-12 02:56:54 +0000"
    },
    "done": true
  },
  "refurbished_furniture:recipes/misc/constructing/oak_storage_cabinet": {
    "criteria": {
      "has_oak_planks": "2024-11-12 02:56:54 +0000"
    },
    "done": true
  },
  "refurbished_furniture:recipes/misc/constructing/spruce_storage_cabinet": {
    "criteria": {
      "has_iron_ingot": "2024-11-12 03:58:50 +0000"
    },
    "done": true
  },
  "minecraft:recipes/building_blocks/white_wool_from_string": {
    "criteria": {
      "has_string": "2024-11-12 03:13:11 +0000"
    },
    "done": true
  },
  "refurbished_furniture:recipes/misc/constructing/cherry_toilet": {
    "criteria": {
      "has_iron_ingot": "2024-11-12 03:58:50 +0000"
    },
    "done": true
  },
  "refurbished_furniture:recipes/misc/constructing/gray_stool": {
    "criteria": {
      "has_planks": "2024-11-12 02:56:54 +0000"
    },
    "done": true
  },
  "farmersdelight:recipes/building_blocks/organic_compost_from_rotten_flesh": {
    "criteria": {
      "has_rotten_flesh": "2024-11-12 03:13:42 +0000"
    },
    "done": true
  },
  "whisperwoods:recipes/whisperwoods/hand_of_fate": {
    "criteria": {
      "has_blaze_powder": "2024-11-12 02:51:59 +0000"
    },
    "done": true
  },
  "doggytalents:recipes/decorations/locator_orb_chu": {
    "criteria": {
      "has_string": "2024-11-12 03:13:11 +0000"
    },
    "done": true
  },
  "doggytalents:recipes/decorations/locator_orb_chi": {
    "criteria": {
      "has_string": "2024-11-12 03:13:11 +0000"
    },
    "done": true
  },
  "minecraft:recipes/decorations/moss_carpet": {
    "criteria": {
      "has_moss_block": "2024-11-12 03:21:55 +0000"
    },
    "done": true
  },
  "clutter:recipes/decorations/oak_cupboard": {
    "criteria": {
      "has_oak_planks": "2024-11-12 02:56:54 +0000"
    },
    "done": true
  },
  "refurbished_furniture:recipes/misc/constructing/acacia_lattice_fence_gate": {
    "criteria": {
      "has_stick": "2024-11-12 02:55:16 +0000"
    },
    "done": true
  },
  "supplementaries:recipes/candle_holders/candle_holder_cyan": {
    "criteria": {
      "has_iron_ingot": "2024-11-12 03:58:50 +0000"
    },
    "done": true
  },
  "refurbished_furniture:recipes/misc/constructing/pink_cooler": {
    "criteria": {
      "has_planks": "2024-11-12 02:56:54 +0000"
    },
    "done": true
  },
  "minecraft:recipes/building_blocks/gray_concrete_powder": {
    "criteria": {
      "has_gravel": "2024-11-12 03:17:33 +0000"
    },
    "done": true
  },
  "supplementaries:recipes/flags/flag_red": {
    "criteria": {
      "has_stick": "2024-11-12 02:55:16 +0000"
    },
    "done": true
  },
  "minecraft:recipes/tools/iron_axe": {
    "criteria": {
      "has_iron_ingot": "2024-11-12 03:58:50 +0000"
    },
    "done": true
  },
  "clutter:recipes/decorations/stripped_oak_bench": {
    "criteria": {
      "has_oak_planks": "2024-11-12 02:56:54 +0000"
    },
    "done": true
  },
  "minecraft:recipes/building_blocks/deepslate_tile_slab": {
    "criteria": {
      "has_deepslate_tiles": "2024-11-12 03:13:15 +0000"
    },
    "done": true
  },
  "refurbished_furniture:recipes/misc/constructing/white_sofa": {
    "criteria": {
      "has_planks": "2024-11-12 02:56:54 +0000"
    },
    "done": true
  },
  "minecraft:recipes/misc/iron_nugget_from_blasting": {
    "criteria": {
      "has_iron_pickaxe": "2024-11-12 03:58:56 +0000"
    },
    "done": true
  },
  "minecraft:adventure/kill_a_mob": {
    "criteria": {
      "minecraft:spider": "2024-11-12 03:01:43 +0000"
    },
    "done": true
  },
  "doggytalents:recipes/tools/conducting_bone": {
    "criteria": {
      "has_bone": "2024-11-12 03:13:32 +0000"
    },
    "done": true
  },
  "doggytalents:recipes/decorations/locator_orb_tei": {
    "criteria": {
      "has_string": "2024-11-12 03:13:11 +0000"
    },
    "done": true
  },
  "minecraft:recipes/building_blocks/deepslate_bricks_from_cobbled_deepslate_stonecutting": {
    "criteria": {
      "has_cobbled_deepslate": "2024-11-12 03:31:01 +0000"
    },
    "done": true
  },
  "minecraft:adventure/adventuring_time": {
    "criteria": {
      "minecraft:birch_forest": "2024-11-12 02:43:22 +0000",
      "minecraft:dark_forest": "2024-11-12 03:17:16 +0000",
      "minecraft:sparse_jungle": "2024-11-12 02:54:55 +0000",
      "minecraft:lukewarm_ocean": "2024-11-12 02:59:48 +0000",
      "minecraft:river": "2024-11-12 02:43:14 +0000",
      "minecraft:stony_shore": "2024-11-12 02:53:10 +0000",
      "minecraft:grove": "2024-11-12 03:19:58 +0000",
      "minecraft:jagged_peaks": "2024-11-12 03:12:40 +0000",
      "minecraft:forest": "2024-11-12 02:52:40 +0000",
      "minecraft:lush_caves": "2024-11-12 03:23:36 +0000",
      "minecraft:old_growth_birch_forest": "2024-11-12 02:40:54 +0000",
      "minecraft:plains": "2024-11-12 02:53:08 +0000"
    },
    "done": false
  },
  "refurbished_furniture:recipes/misc/constructing/oak_table": {
    "criteria": {
      "has_oak_planks": "2024-11-12 02:56:54 +0000"
    },
    "done": true
  },
  "minecraft:husbandry/plant_seed": {
    "criteria": {
      "wheat": "2024-11-12 04:07:44 +0000"
    },
    "done": true
  },
  "supplementaries:recipes/pulley": {
    "criteria": {
      "minecraft:planks": "2024-11-12 02:56:54 +0000"
    },
    "done": true
  },
  "refurbished_furniture:recipes/misc/constructing/cyan_sofa": {
    "criteria": {
      "has_planks": "2024-11-12 02:56:54 +0000"
    },
    "done": true
  },
  "minecraft:recipes/building_blocks/cobblestone_stairs_from_cobblestone_stonecutting": {
    "criteria": {
      "has_cobblestone": "2024-11-12 02:58:13 +0000"
    },
    "done": true
  },
  "refurbished_furniture:recipes/misc/constructing/yellow_cooler": {
    "criteria": {
      "has_planks": "2024-11-12 02:56:54 +0000"
    },
    "done": true
  },
  "minecraft:recipes/redstone/birch_pressure_plate": {
    "criteria": {
      "has_planks": "2024-11-12 03:04:17 +0000"
    },
    "done": true
  },
  "farmersdelight:recipes/decorations/cutting_board": {
    "criteria": {
      "has_stick": "2024-11-12 02:55:16 +0000"
    },
    "done": true
  },
  "refurbished_furniture:recipes/misc/constructing/light_gray_grill": {
    "criteria": {
      "has_iron_ingot": "2024-11-12 03:58:50 +0000"
    },
    "done": true
  },
  "refurbished_furniture:recipes/misc/constructing/yellow_grill": {
    "criteria": {
      "has_iron_ingot": "2024-11-12 03:58:50 +0000"
    },
    "done": true
  },
  "minecraft:husbandry/balanced_diet": {
    "criteria": {
      "glow_berries": "2024-11-12 03:25:06 +0000"
    },
    "done": false
  },
  "assortedtools:recipes/tools/wood_hammer": {
    "criteria": {
      "has_item": "2024-11-12 02:56:54 +0000"
    },
    "done": true
  },
  "refurbished_furniture:recipes/misc/constructing/black_stool": {
    "criteria": {
      "has_planks": "2024-11-12 02:56:54 +0000"
    },
    "done": true
  },
  "clutter:recipes/decorations/birch_chair": {
    "criteria": {
      "has_birch_log": "2024-11-12 03:03:48 +0000"
    },
    "done": true
  },
  "supplementaries:recipes/daub": {
    "criteria": {
      "has_clay_ball": "2024-11-12 03:25:51 +0000"
    },
    "done": true
  },
  "minecraft:recipes/building_blocks/deepslate_tiles_from_cobbled_deepslate_stonecutting": {
    "criteria": {
      "has_cobbled_deepslate": "2024-11-12 03:31:01 +0000"
    },
    "done": true
  },
  "vc_gliders:recipes/misc/reinforced_paper_netherite": {
    "criteria": {
      "has_crafting_table": "2024-11-12 02:56:59 +0000"
    },
    "done": true
  },
  "refurbished_furniture:recipes/misc/constructing/blue_cooler": {
    "criteria": {
      "has_planks": "2024-11-12 02:56:54 +0000"
    },
    "done": true
  },
  "doggytalents:recipes/decorations/locator_orb_ko": {
    "criteria": {
      "has_string": "2024-11-12 03:13:11 +0000"
    },
    "done": true
  },
  "refurbished_furniture:recipes/misc/constructing/warped_lattice_fence": {
    "criteria": {
      "has_stick": "2024-11-12 02:55:16 +0000"
    },
    "done": true
  },
  "minecraft:recipes/tools/stone_hoe": {
    "criteria": {
      "has_cobblestone": "2024-11-12 02:58:13 +0000"
    },
    "done": true
  },
  "refurbished_furniture:recipes/misc/constructing/dark_oak_light_ceiling_fan": {
    "criteria": {
      "has_iron_ingot": "2024-11-12 03:58:50 +0000"
    },
    "done": true
  },
  "refurbished_furniture:recipes/misc/constructing/orange_cooler": {
    "criteria": {
      "has_planks": "2024-11-12 02:56:54 +0000"
    },
    "done": true
  },
  "assortedtools:recipes/tools/iron_multitool": {
    "criteria": {
      "has_item": "2024-11-12 03:58:50 +0000"
    },
    "done": true
  },
  "minecraft:recipes/decorations/mossy_stone_brick_wall_from_mossy_stone_brick_stonecutting": {
    "criteria": {
      "has_mossy_stone_bricks": "2024-11-12 03:40:30 +0000"
    },
    "done": true
  },
  "refurbished_furniture:recipes/misc/constructing/purple_trampoline": {
    "criteria": {
      "has_slime_ball": "2024-11-12 02:53:51 +0000"
    },
    "done": true
  },
  "minecraft:recipes/decorations/loom": {
    "criteria": {
      "has_string": "2024-11-12 03:13:11 +0000"
    },
    "done": true
  },
  "refurbished_furniture:recipes/misc/constructing/birch_lattice_fence_gate": {
    "criteria": {
      "has_stick": "2024-11-12 02:55:16 +0000"
    },
    "done": true
  },
  "clutter:recipes/decorations/jungle_bench": {
    "criteria": {
      "has_jungle_log": "2024-11-12 02:55:03 +0000"
    },
    "done": true
  },
  "refurbished_furniture:recipes/misc/constructing/cyan_lamp": {
    "criteria": {
      "has_planks": "2024-11-12 02:56:54 +0000"
    },
    "done": true
  },
  "doggytalents:recipes/decorations/locator_orb_gi": {
    "criteria": {
      "has_string": "2024-11-12 03:13:11 +0000"
    },
    "done": true
  },
  "clutter:recipes/decorations/stripped_birch_table": {
    "criteria": {
      "has_birch_planks": "2024-11-12 03:04:17 +0000"
    },
    "done": true
  },
  "assortedtools:recipes/tools/stone_bucket": {
    "criteria": {
      "has_item": "2024-11-12 02:58:13 +0000"
    },
    "done": true
  },
  "minecraft:recipes/building_blocks/mossy_stone_bricks_from_moss_block": {
    "criteria": {
      "has_moss_block": "2024-11-12 03:21:55 +0000"
    },
    "done": true
  },
  "refurbished_furniture:recipes/misc/constructing/gray_sofa": {
    "criteria": {
      "has_planks": "2024-11-12 02:56:54 +0000"
    },
    "done": true
  },
  "minecraft:story/root": {
    "criteria": {
      "crafting_table": "2024-11-12 02:56:59 +0000"
    },
    "done": true
  },
  "supplementaries:recipes/candle_holders/candle_holder_yellow": {
    "criteria": {
      "has_iron_ingot": "2024-11-12 03:58:50 +0000"
    },
    "done": true
  },
  "doggytalents:recipes/building_blocks/dog_bath": {
    "criteria": {
      "has_iron_ingot": "2024-11-12 03:58:50 +0000"
    },
    "done": true
  },
  "refurbished_furniture:recipes/misc/constructing/mangrove_storage_cabinet": {
    "criteria": {
      "has_iron_ingot": "2024-11-12 03:58:50 +0000"
    },
    "done": true
  },
  "doggytalents:recipes/building_blocks/food_bowl": {
    "criteria": {
      "has_iron_ingot": "2024-11-12 03:58:50 +0000"
    },
    "done": true
  },
  "refurbished_furniture:recipes/misc/constructing/purple_lamp": {
    "criteria": {
      "has_planks": "2024-11-12 02:56:54 +0000"
    },
    "done": true
  },
  "minecraft:recipes/redstone/iron_door": {
    "criteria": {
      "has_iron_ingot": "2024-11-12 03:58:50 +0000"
    },
    "done": true
  },
  "minecraft:recipes/misc/copper_ingot_from_smelting_raw_copper": {
    "criteria": {
      "has_raw_copper": "2024-11-12 03:00:43 +0000"
    },
    "done": true
  },
  "minecraft:recipes/transportation/dark_oak_boat": {
    "criteria": {
      "in_water": "2024-11-12 02:41:50 +0000"
    },
    "done": true
  },
  "supplementaries:recipes/flags/flag_lime": {
    "criteria": {
      "has_stick": "2024-11-12 02:55:16 +0000"
    },
    "done": true
  },
  "clutter:recipes/decorations/jungle_short_bench": {
    "criteria": {
      "has_jungle_log": "2024-11-12 02:55:03 +0000"
    },
    "done": true
  },
  "refurbished_furniture:recipes/misc/constructing/warped_toilet": {
    "criteria": {
      "has_iron_ingot": "2024-11-12 03:58:50 +0000"
    },
    "done": true
  },
  "refurbished_furniture:recipes/misc/constructing/pink_stool": {
    "criteria": {
      "has_planks": "2024-11-12 02:56:54 +0000"
    },
    "done": true
  },
  "DataVersion": 3465
}